

-- institute
insert into institute values ('IEEE');
insert into institute values ('elsevier');
insert into institute values ('acm');
insert into institute values ('springer');
insert into institute values ('mdpi');
insert into institute values ('oxford');





-- academy
insert into academy values ('ACM Computing Surveys', TO_DATE('2002-06-10', 'yyyy-mm-dd'), 'acm');
insert into academy values ('ACM Transactions on Graphics', TO_DATE('2008-08-15', 'yyyy-mm-dd'), 'acm');
insert into academy values ('Advances in Computers', TO_DATE('2011-05-27', 'yyyy-mm-dd'), 'oxford');
insert into academy values ('Foundations and Trends in Machine Learning', TO_DATE('2008-07-10', 'yyyy-mm-dd'), 'oxford');
insert into academy values ('IEEE Communications Magazine', TO_DATE('1971-07-23', 'yyyy-mm-dd'), 'IEEE');
insert into academy values ('IEEE Computational Intelligence Magazine', TO_DATE('1994-04-06', 'yyyy-mm-dd'), 'IEEE');
insert into academy values ('IEEE Internet of Things Journal', TO_DATE('2019-02-08', 'yyyy-mm-dd'), 'IEEE');
insert into academy values ('IEEE Journal on Selected Areas in Communications', TO_DATE('2003-10-18', 'yyyy-mm-dd'), 'IEEE');
insert into academy values ('IEEE Transactions on Automatic Control', TO_DATE('2016-11-23', 'yyyy-mm-dd'), 'IEEE');
insert into academy values ('IEEE Transactions on Evolutionary Computation', TO_DATE('1975-12-09', 'yyyy-mm-dd'), 'IEEE');
insert into academy values ('IEEE Transactions on Fuzzy Systems', TO_DATE('1994-06-11', 'yyyy-mm-dd'), 'IEEE');
insert into academy values ('IEEE Transactions on Pattern Analysis and Machine Intelligence', TO_DATE('1982-11-15', 'yyyy-mm-dd'), 'IEEE');
insert into academy values ('IEEE Transactions on Robotics', TO_DATE('1998-04-29', 'yyyy-mm-dd'), 'IEEE');
insert into academy values ('IEEE Transactions on Smart Grid', TO_DATE('1999-11-23', 'yyyy-mm-dd'), 'IEEE');
insert into academy values ('IEEE Transactions on Systems, Man, and Cybernetics: Systems', TO_DATE('1970-09-25', 'yyyy-mm-dd'), 'IEEE');
insert into academy values ('IEEE Transactions on Wireless Communications', TO_DATE('1981-04-27', 'yyyy-mm-dd'), 'IEEE');
insert into academy values ('ISPRS Journal of Photogrammetry and Remote Sensing', TO_DATE('1984-08-01', 'yyyy-mm-dd'), 'oxford');
insert into academy values ('Information Fusion', TO_DATE('2009-11-13', 'yyyy-mm-dd'), 'elsevier');
insert into academy values ('Information Systems Research', TO_DATE('2011-07-03', 'yyyy-mm-dd'), 'elsevier');
insert into academy values ('Information and Organization', TO_DATE('2002-02-27', 'yyyy-mm-dd'), 'elsevier');
insert into academy values ('International Journal of Computer Vision', TO_DATE('1970-02-21', 'yyyy-mm-dd'), 'oxford');
insert into academy values ('International Journal of Information Management', TO_DATE('1980-12-10', 'yyyy-mm-dd'), 'elsevier');
insert into academy values ('Internet and Higher Education', TO_DATE('2021-02-19', 'yyyy-mm-dd'), 'oxford');
insert into academy values ('Journal of Management Information Systems', TO_DATE('1985-02-03', 'yyyy-mm-dd'), 'oxford');
insert into academy values ('Journal of Service Research', TO_DATE('1998-02-02', 'yyyy-mm-dd'), 'mdpi');
insert into academy values ('Journal of Strategic Information Systems', TO_DATE('1980-09-12', 'yyyy-mm-dd'), 'oxford');
insert into academy values ('MIS Quarterly: Management Information Systems', TO_DATE('2005-12-18', 'yyyy-mm-dd'), 'oxford');
insert into academy values ('Molecular Systems Biology', TO_DATE('2016-07-10', 'yyyy-mm-dd'), 'springer');
insert into academy values ('Radiology: Artificial Intelligence', TO_DATE('1988-10-31', 'yyyy-mm-dd'), 'elsevier');
insert into academy values ('Wiley Interdisciplinary Reviews: Computational Molecular Science', TO_DATE('1977-08-17', 'yyyy-mm-dd'), 'elsevier');




-- journal
insert into journal values (33459, 904, 'A Comprehensive Database for Benchmarking Imaging Systems', 'subscriber only', TO_DATE('2002/12/31', 'yyyy-mm-dd'), 0, 67, 'IEEE Transactions on Fuzzy Systems');
insert into keyword values (33459, 'Indexing');
insert into keyword values (33459, 'Application software');
insert into keyword values (33459, 'Image retrieval');
insert into keyword values (33459, 'Entropy');
insert into keyword values (33459, 'Data processing');
insert into keyword values (33459, 'Iris');
insert into keyword values (33459, 'Spatial databases');
insert into citing values (33459, 39152);
insert into citing values (33459, 31841);
insert into citing values (33459, 36375);
insert into citing values (33459, 31383);
insert into journal values (30442, 2534, 'A Context-Aware Similarity Search for a Handwritten Digit Image Database', 'public', TO_DATE('2009/12/23', 'yyyy-mm-dd'), 39, 36, 'Information Fusion');
insert into keyword values (30442, 'Entropy');
insert into keyword values (30442, 'Bioinformatics');
insert into keyword values (30442, 'Database systems');
insert into citing values (30442, 37484);
insert into citing values (30442, 31500);
insert into citing values (30442, 35654);
insert into journal values (39127, 1537, 'A Database Machine for Very Large Relational Databases', 'subscriber only', TO_DATE('2019/05/20', 'yyyy-mm-dd'), 7, 46, 'Information Fusion');
insert into keyword values (39127, 'Marine vehicles');
insert into keyword values (39127, 'Navigation');
insert into keyword values (39127, 'Computer science');
insert into keyword values (39127, 'Database languages');
insert into citing values (39127, 39779);
insert into citing values (39127, 30177);
insert into citing values (39127, 38379);
insert into citing values (39127, 37334);
insert into journal values (37297, 1019, 'A Feasibility Study of Extracting Tissue Textures From a Previous Full-Dose CT Database as Prior Knowledge for Bayesian Reconstruction of Current Low-Dose CT Images', 'subscriber only', TO_DATE('1984/02/14', 'yyyy-mm-dd'), 10, 31, 'IEEE Transactions on Evolutionary Computation');
insert into keyword values (37297, 'Computer Society');
insert into keyword values (37297, 'Uncertainty');
insert into keyword values (37297, 'Application software');
insert into citing values (37297, 33024);
insert into citing values (37297, 33593);
insert into citing values (37297, 32593);
insert into citing values (37297, 33630);
insert into citing values (37297, 36510);
insert into journal values (36282, 2960, 'A General Model for Sequential Pattern Mining with a Progressive Database', 'subscriber only', TO_DATE('2019/12/08', 'yyyy-mm-dd'), 23, 23, 'Information Fusion');
insert into keyword values (36282, 'Lungs');
insert into keyword values (36282, 'Computer Society');
insert into keyword values (36282, 'Fuzzy systems');
insert into keyword values (36282, 'Poles and towers');
insert into keyword values (36282, 'Navigation');
insert into citing values (36282, 32988);
insert into citing values (36282, 31868);
insert into citing values (36282, 31753);
insert into citing values (36282, 34287);
insert into citing values (36282, 38941);
insert into citing values (36282, 32778);
insert into citing values (36282, 30069);
insert into citing values (36282, 38045);
insert into journal values (31841, 506, 'A Methodology for Structured Database Decomposition', 'public', TO_DATE('2018/02/10', 'yyyy-mm-dd'), 0, 42, 'IEEE Communications Magazine');
insert into keyword values (31841, 'Biosensors');
insert into keyword values (31841, 'Fingerprint recognition');
insert into keyword values (31841, 'Sensor phenomena and characterization');
insert into keyword values (31841, 'Hardware');
insert into keyword values (31841, 'Application software');
insert into keyword values (31841, 'Uncertainty');
insert into citing values (31841, 30608);
insert into citing values (31841, 34656);
insert into citing values (31841, 33356);
insert into citing values (31841, 32255);
insert into citing values (31841, 37334);
insert into journal values (37218, 337, 'A Multiobjective Evolutionary Conceptual Clustering Methodology for Gene Annotation Within Structural Databases: A Case of Study on the Gene Ontology Database', 'subscriber only', TO_DATE('2017/08/29', 'yyyy-mm-dd'), 3, 17, 'Radiology: Artificial Intelligence');
insert into keyword values (37218, 'Hardware');
insert into keyword values (37218, 'Availability');
insert into keyword values (37218, 'Global Positioning System');
insert into citing values (37218, 33979);
insert into citing values (37218, 38379);
insert into citing values (37218, 32065);
insert into citing values (37218, 31383);
insert into citing values (37218, 34674);
insert into citing values (37218, 37800);
insert into citing values (37218, 36797);
insert into citing values (37218, 39442);
insert into journal values (32150, 2278, 'A Special-Function Unit for Sorting and Sort-Based Database Operations', 'public', TO_DATE('2010/03/27', 'yyyy-mm-dd'), 31, 28, 'IEEE Transactions on Systems, Man, and Cybernetics: Systems');
insert into keyword values (32150, 'Marine vehicles');
insert into keyword values (32150, 'Multimedia databases');
insert into keyword values (32150, 'Computed tomography');
insert into keyword values (32150, 'Entropy');
insert into keyword values (32150, 'Internet');
insert into keyword values (32150, 'Acceleration');
insert into citing values (32150, 32230);
insert into citing values (32150, 36412);
insert into citing values (32150, 31756);
insert into citing values (32150, 30608);
insert into citing values (32150, 31500);
insert into citing values (32150, 35044);
insert into journal values (39442, 2450, 'A cooperative learning approach to database group projects: integrating theory and practice', 'subscriber only', TO_DATE('2016/11/01', 'yyyy-mm-dd'), 39, 34, 'Information and Organization');
insert into keyword values (39442, 'Middleware');
insert into keyword values (39442, 'Entropy');
insert into keyword values (39442, 'Application software');
insert into keyword values (39442, 'Spatiotemporal phenomena');
insert into keyword values (39442, 'Image databases');
insert into keyword values (39442, 'Multimedia databases');
insert into keyword values (39442, 'Fingerprint recognition');
insert into citing values (39442, 35250);
insert into citing values (39442, 39809);
insert into citing values (39442, 38379);
insert into journal values (30413, 2812, 'A database approach for modeling and querying video data', 'public', TO_DATE('1988/01/02', 'yyyy-mm-dd'), 38, 71, 'International Journal of Information Management');
insert into keyword values (30413, 'Internet');
insert into keyword values (30413, 'Fingerprint recognition');
insert into keyword values (30413, 'Mathematics');
insert into keyword values (30413, 'Lungs');
insert into keyword values (30413, 'Information retrieval');
insert into keyword values (30413, 'Bioinformatics');
insert into citing values (30413, 33261);
insert into citing values (30413, 31666);
insert into citing values (30413, 32593);
insert into citing values (30413, 32150);
insert into citing values (30413, 39809);
insert into citing values (30413, 32186);
insert into journal values (36020, 1759, 'A database synchronization algorithm for mobile devices', 'subscriber only', TO_DATE('2014/03/24', 'yyyy-mm-dd'), 6, 75, 'IEEE Computational Intelligence Magazine');
insert into keyword values (36020, 'Query processing');
insert into keyword values (36020, 'Biosensors');
insert into keyword values (36020, 'Fuzzy systems');
insert into keyword values (36020, 'Prototypes');
insert into keyword values (36020, 'RFID tags');
insert into keyword values (36020, 'Image retrieval');
insert into keyword values (36020, 'Entropy');
insert into citing values (36020, 30931);
insert into citing values (36020, 30413);
insert into citing values (36020, 34824);
insert into citing values (36020, 33938);
insert into citing values (36020, 32466);
insert into citing values (36020, 38005);
insert into journal values (39734, 1987, 'A decision model for choosing the optimal level of storage in temporal databases', 'public', TO_DATE('1996/08/08', 'yyyy-mm-dd'), 7, 71, 'IEEE Transactions on Pattern Analysis and Machine Intelligence');
insert into keyword values (39734, 'Lungs');
insert into keyword values (39734, 'RFID tags');
insert into keyword values (39734, 'Application software');
insert into keyword values (39734, 'Multimodal sensors');
insert into keyword values (39734, 'Image databases');
insert into keyword values (39734, 'Navigation');
insert into keyword values (39734, 'Deductive databases');
insert into citing values (39734, 38800);
insert into citing values (39734, 34393);
insert into citing values (39734, 39780);
insert into citing values (39734, 39779);
insert into citing values (39734, 32324);
insert into citing values (39734, 39252);
insert into citing values (39734, 30227);
insert into journal values (33630, 2455, 'A design methodology of ontology based database applications', 'public', TO_DATE('1988/06/09', 'yyyy-mm-dd'), 39, 64, 'IEEE Transactions on Pattern Analysis and Machine Intelligence');
insert into keyword values (33630, 'Artificial intelligence');
insert into keyword values (33630, 'Indexing');
insert into keyword values (33630, 'Database systems');
insert into keyword values (33630, 'Prototypes');
insert into keyword values (33630, 'Multidimensional systems');
insert into citing values (33630, 36797);
insert into citing values (33630, 33459);
insert into citing values (33630, 38005);
insert into journal values (30837, 323, 'A dynamic clinical dental relational database', 'subscriber only', TO_DATE('2020/11/26', 'yyyy-mm-dd'), 3, 14, 'Information Systems Research');
insert into keyword values (30837, 'Computer science');
insert into keyword values (30837, 'Query processing');
insert into keyword values (30837, 'Hardware');
insert into keyword values (30837, 'Marine vehicles');
insert into citing values (30837, 34484);
insert into citing values (30837, 38005);
insert into citing values (30837, 39271);
insert into citing values (30837, 32186);
insert into citing values (30837, 34143);
insert into citing values (30837, 37340);
insert into journal values (38684, 2223, 'A framework for knowledge discovery and evolution in databases', 'public', TO_DATE('1999/01/17', 'yyyy-mm-dd'), 11, 1, 'Radiology: Artificial Intelligence');
insert into keyword values (38684, 'Computer Society');
insert into keyword values (38684, 'Indexing');
insert into keyword values (38684, 'Optimization methods');
insert into keyword values (38684, 'RFID tags');
insert into keyword values (38684, 'Mathematics');
insert into keyword values (38684, 'Bioinformatics');
insert into keyword values (38684, 'Spatiotemporal phenomena');
insert into citing values (38684, 36020);
insert into citing values (38684, 33625);
insert into citing values (38684, 30577);
insert into citing values (38684, 37297);
insert into journal values (37153, 1440, 'A genetic algorithm-based clustering approach for database partitioning', 'subscriber only', TO_DATE('2015/03/16', 'yyyy-mm-dd'), 6, 47, 'ACM Transactions on Graphics');
insert into keyword values (37153, 'Uncertainty');
insert into keyword values (37153, 'Marine vehicles');
insert into keyword values (37153, 'Machinery');
insert into keyword values (37153, 'Hardware');
insert into keyword values (37153, 'Multidimensional systems');
insert into keyword values (37153, 'Indexing');
insert into keyword values (37153, 'Fingerprint recognition');
insert into citing values (37153, 37096);
insert into citing values (37153, 33269);
insert into citing values (37153, 35857);
insert into citing values (37153, 36282);
insert into citing values (37153, 33871);
insert into citing values (37153, 31460);
insert into citing values (37153, 36177);
insert into journal values (32065, 1600, 'A highly effective partition selection policy for object database garbage collection', 'public', TO_DATE('2007/11/22', 'yyyy-mm-dd'), 9, 52, 'IEEE Transactions on Smart Grid');
insert into keyword values (32065, 'Internet');
insert into keyword values (32065, 'Prototypes');
insert into keyword values (32065, 'Navigation');
insert into keyword values (32065, 'Acceleration');
insert into keyword values (32065, 'Relational databases');
insert into keyword values (32065, 'Multimodal sensors');
insert into citing values (32065, 38045);
insert into citing values (32065, 36471);
insert into citing values (32065, 39780);
insert into citing values (32065, 34881);
insert into citing values (32065, 37297);
insert into citing values (32065, 33481);
insert into journal values (35918, 2335, 'A logical framework for querying and repairing inconsistent databases', 'public', TO_DATE('2016/08/01', 'yyyy-mm-dd'), 26, 70, 'Information Systems Research');
insert into keyword values (35918, 'Runtime');
insert into keyword values (35918, 'Indexing');
insert into keyword values (35918, 'Proteins');
insert into keyword values (35918, 'Object oriented databases');
insert into keyword values (35918, 'Uncertainty');
insert into keyword values (35918, 'Database systems');
insert into keyword values (35918, 'Marine vehicles');
insert into citing values (35918, 32065);
insert into citing values (35918, 38649);
insert into citing values (35918, 33459);
insert into citing values (35918, 34674);
insert into citing values (35918, 30960);
insert into citing values (35918, 30761);
insert into journal values (39585, 859, 'A performance comparison of multimicro and mainframe database architectures', 'subscriber only', TO_DATE('1998/11/29', 'yyyy-mm-dd'), 15, 14, 'IEEE Transactions on Systems, Man, and Cybernetics: Systems');
insert into keyword values (39585, 'Multimedia databases');
insert into keyword values (39585, 'Proposals');
insert into keyword values (39585, 'Computer Society');
insert into keyword values (39585, 'Computer science');
insert into keyword values (39585, 'Internet');
insert into citing values (39585, 33630);
insert into citing values (39585, 35918);
insert into citing values (39585, 34287);
insert into citing values (39585, 33837);
insert into citing values (39585, 33177);
insert into citing values (39585, 32664);
insert into journal values (31994, 2375, 'A physical database design evaluation system for CODASYL databases', 'subscriber only', TO_DATE('2021/12/22', 'yyyy-mm-dd'), 1, 72, 'Wiley Interdisciplinary Reviews: Computational Molecular Science');
insert into keyword values (31994, 'Fuzzy systems');
insert into keyword values (31994, 'RFID tags');
insert into keyword values (31994, 'Machinery');
insert into keyword values (31994, 'Query processing');
insert into keyword values (31994, 'Bioinformatics');
insert into keyword values (31994, 'Computed tomography');
insert into citing values (31994, 32939);
insert into citing values (31994, 34029);
insert into citing values (31994, 33625);
insert into citing values (31994, 34656);
insert into citing values (31994, 32935);
insert into citing values (31994, 37876);
insert into citing values (31994, 35522);
insert into citing values (31994, 30101);
insert into journal values (36510, 1831, 'A self-processing network model for relational databases', 'public', TO_DATE('2010/01/27', 'yyyy-mm-dd'), 5, 62, 'ACM Transactions on Graphics');
insert into keyword values (36510, 'Indexes');
insert into keyword values (36510, 'Availability');
insert into keyword values (36510, 'Fuzzy systems');
insert into keyword values (36510, 'Artificial intelligence');
insert into citing values (36510, 33269);
insert into citing values (36510, 39812);
insert into citing values (36510, 30542);
insert into citing values (36510, 33625);
insert into citing values (36510, 39127);
insert into citing values (36510, 30960);
insert into citing values (36510, 36871);
insert into journal values (32664, 943, 'A self-processing network model for relational databases', 'subscriber only', TO_DATE('1985/01/20', 'yyyy-mm-dd'), 8, 93, 'IEEE Transactions on Pattern Analysis and Machine Intelligence');
insert into keyword values (32664, 'Computer Society');
insert into keyword values (32664, 'Artificial intelligence');
insert into keyword values (32664, 'Poles and towers');
insert into keyword values (32664, 'Object oriented databases');
insert into keyword values (32664, 'Global Positioning System');
insert into keyword values (32664, 'Marine vehicles');
insert into citing values (32664, 36753);
insert into citing values (32664, 30931);
insert into citing values (32664, 39541);
insert into citing values (32664, 30964);
insert into citing values (32664, 32588);
insert into citing values (32664, 32065);
insert into citing values (32664, 34683);
insert into citing values (32664, 37597);
insert into citing values (32664, 39152);
insert into journal values (37754, 2497, 'A spatio-temporal semantic model for multimedia database systems and multimedia information systems', 'public', TO_DATE('1999/06/12', 'yyyy-mm-dd'), 47, 80, 'Journal of Strategic Information Systems');
insert into keyword values (37754, 'Prototypes');
insert into keyword values (37754, 'Spatial databases');
insert into keyword values (37754, 'Optimization methods');
insert into keyword values (37754, 'Computed tomography');
insert into citing values (37754, 35076);
insert into citing values (37754, 33897);
insert into citing values (37754, 30413);
insert into citing values (37754, 36871);
insert into citing values (37754, 34871);
insert into journal values (36871, 1519, 'A special function unit for database operations (SFU-DB): design and performance evaluation', 'public', TO_DATE('1992/05/28', 'yyyy-mm-dd'), 11, 46, 'Radiology: Artificial Intelligence');
insert into keyword values (36871, 'Proposals');
insert into keyword values (36871, 'Uncertainty');
insert into keyword values (36871, 'Runtime');
insert into keyword values (36871, 'Fuzzy systems');
insert into keyword values (36871, 'Computer Society');
insert into citing values (36871, 33481);
insert into citing values (36871, 33628);
insert into citing values (36871, 32565);
insert into citing values (36871, 36375);
insert into citing values (36871, 35171);
insert into citing values (36871, 32664);
insert into citing values (36871, 33897);
insert into citing values (36871, 38572);
insert into citing values (36871, 32167);
insert into journal values (38800, 419, 'ADVICE—Educational System for Teaching Database Courses', 'subscriber only', TO_DATE('2004/03/28', 'yyyy-mm-dd'), 2, 23, 'IEEE Transactions on Evolutionary Computation');
insert into keyword values (38800, 'Runtime');
insert into keyword values (38800, 'Prototypes');
insert into keyword values (38800, 'Uncertainty');
insert into keyword values (38800, 'Middleware');
insert into citing values (38800, 32778);
insert into citing values (38800, 30960);
insert into citing values (38800, 38379);
insert into citing values (38800, 33148);
insert into citing values (38800, 30413);
insert into citing values (38800, 35229);
insert into citing values (38800, 35076);
insert into journal values (33854, 644, 'Achieving high availability in distributed databases', 'public', TO_DATE('1999/09/12', 'yyyy-mm-dd'), 0, 3, 'IEEE Computational Intelligence Magazine');
insert into keyword values (33854, 'Indexing');
insert into keyword values (33854, 'Mathematics');
insert into keyword values (33854, 'Iris');
insert into keyword values (33854, 'Middleware');
insert into keyword values (33854, 'Acceleration');
insert into citing values (33854, 31460);
insert into citing values (33854, 39541);
insert into citing values (33854, 33481);
insert into citing values (33854, 36163);
insert into citing values (33854, 33938);
insert into journal values (33212, 1385, 'Achieving high availability in distributed databases', 'public', TO_DATE('2019/12/10', 'yyyy-mm-dd'), 17, 7, 'MIS Quarterly: Management Information Systems');
insert into keyword values (33212, 'Multimodal sensors');
insert into keyword values (33212, 'Relational databases');
insert into keyword values (33212, 'RFID tags');
insert into keyword values (33212, 'Availability');
insert into keyword values (33212, 'Data processing');
insert into citing values (33212, 35044);
insert into citing values (33212, 35831);
insert into citing values (33212, 37597);
insert into citing values (33212, 39442);
insert into journal values (38045, 1446, 'Active Integrity Constraints for Database Consistency Maintenance', 'public', TO_DATE('2011/09/05', 'yyyy-mm-dd'), 25, 36, 'Radiology: Artificial Intelligence');
insert into keyword values (38045, 'Indexing');
insert into keyword values (38045, 'Computer Society');
insert into keyword values (38045, 'RFID tags');
insert into keyword values (38045, 'Mathematics');
insert into keyword values (38045, 'Image retrieval');
insert into keyword values (38045, 'Marine vehicles');
insert into citing values (38045, 37314);
insert into citing values (38045, 34135);
insert into citing values (38045, 33593);
insert into citing values (38045, 39442);
insert into citing values (38045, 38122);
insert into citing values (38045, 34029);
insert into journal values (32939, 74, 'Algebraic identities and query optimization in a parametric model for relational temporal databases', 'public', TO_DATE('1993/10/22', 'yyyy-mm-dd'), 0, 40, 'Wiley Interdisciplinary Reviews: Computational Molecular Science');
insert into keyword values (32939, 'Sensor phenomena and characterization');
insert into keyword values (32939, 'Image databases');
insert into keyword values (32939, 'Marine vehicles');
insert into keyword values (32939, 'Indexes');
insert into citing values (32939, 37068);
insert into citing values (32939, 33938);
insert into citing values (32939, 33593);
insert into citing values (32939, 37314);
insert into citing values (32939, 37959);
insert into citing values (32939, 35831);
insert into citing values (32939, 31868);
insert into citing values (32939, 39734);
insert into journal values (35171, 1937, 'Algebraic identities and query optimization in a parametric model for relational temporal databases', 'public', TO_DATE('2019/02/01', 'yyyy-mm-dd'), 37, 0, 'ACM Transactions on Graphics');
insert into keyword values (35171, 'Navigation');
insert into keyword values (35171, 'Multimodal sensors');
insert into keyword values (35171, 'Fingerprint recognition');
insert into keyword values (35171, 'Artificial intelligence');
insert into keyword values (35171, 'Middleware');
insert into citing values (35171, 37068);
insert into citing values (35171, 39585);
insert into citing values (35171, 37597);
insert into citing values (35171, 38572);
insert into citing values (35171, 36871);
insert into citing values (35171, 33356);
insert into citing values (35171, 30837);
insert into citing values (35171, 33628);
insert into citing values (35171, 37484);
insert into journal values (35857, 1932, 'Allocating fragments in distributed databases', 'public', TO_DATE('1999/02/19', 'yyyy-mm-dd'), 29, 4, 'Journal of Strategic Information Systems');
insert into keyword values (35857, 'Navigation');
insert into keyword values (35857, 'Database systems');
insert into keyword values (35857, 'Entropy');
insert into keyword values (35857, 'Application software');
insert into keyword values (35857, 'Global Positioning System');
insert into keyword values (35857, 'Poles and towers');
insert into citing values (35857, 39808);
insert into citing values (35857, 35035);
insert into citing values (35857, 32664);
insert into citing values (35857, 36750);
insert into citing values (35857, 38045);
insert into journal values (34871, 260, 'An Efficient Deadlock Handling Model Based on Neutrosophic Logic: Case Study on Real Time Healthcare Database Systems', 'subscriber only', TO_DATE('2006/08/19', 'yyyy-mm-dd'), 0, 7, 'International Journal of Information Management');
insert into keyword values (34871, 'Middleware');
insert into keyword values (34871, 'Hardware');
insert into keyword values (34871, 'Computer science');
insert into keyword values (34871, 'Artificial intelligence');
insert into keyword values (34871, 'Deductive databases');
insert into citing values (34871, 33901);
insert into citing values (34871, 31753);
insert into citing values (34871, 33415);
insert into citing values (34871, 37297);
insert into citing values (34871, 32158);
insert into journal values (33871, 2065, 'An Evolutionary Genetic Algorithm for Optimization of Distributed Database Queries', 'subscriber only', TO_DATE('1995/12/16', 'yyyy-mm-dd'), 40, 55, 'IEEE Communications Magazine');
insert into keyword values (33871, 'Relational databases');
insert into keyword values (33871, 'Proteins');
insert into keyword values (33871, 'Image retrieval');
insert into keyword values (33871, 'Prototypes');
insert into keyword values (33871, 'Deductive databases');
insert into keyword values (33871, 'Proposals');
insert into citing values (33871, 37484);
insert into citing values (33871, 33480);
insert into citing values (33871, 32664);
insert into journal values (31753, 2396, 'An Exploratory Study of Database Integration Processes', 'subscriber only', TO_DATE('1983/07/02', 'yyyy-mm-dd'), 31, 27, 'IEEE Transactions on Systems, Man, and Cybernetics: Systems');
insert into keyword values (31753, 'Genomics');
insert into keyword values (31753, 'Marine vehicles');
insert into keyword values (31753, 'Image databases');
insert into keyword values (31753, 'Content based retrieval');
insert into keyword values (31753, 'Indexes');
insert into keyword values (31753, 'Lungs');
insert into citing values (31753, 38005);
insert into citing values (31753, 33302);
insert into citing values (31753, 36753);
insert into citing values (31753, 33459);
insert into citing values (31753, 35044);
insert into citing values (31753, 33366);
insert into citing values (31753, 35337);
insert into journal values (33625, 84, 'An extended algebra for constraint databases', 'public', TO_DATE('2003/05/14', 'yyyy-mm-dd'), 0, 78, 'ACM Computing Surveys');
insert into keyword values (33625, 'Content based retrieval');
insert into keyword values (33625, 'Machinery');
insert into keyword values (33625, 'Runtime');
insert into keyword values (33625, 'Multimodal sensors');
insert into keyword values (33625, 'Prototypes');
insert into citing values (33625, 32158);
insert into citing values (33625, 30157);
insert into citing values (33625, 35893);
insert into citing values (33625, 32588);
insert into citing values (33625, 36470);
insert into journal values (35893, 2027, 'Analysis of Database System Architectures Using Benchmarks', 'public', TO_DATE('1985/08/11', 'yyyy-mm-dd'), 2, 76, 'ISPRS Journal of Photogrammetry and Remote Sensing');
insert into keyword values (35893, 'Prototypes');
insert into keyword values (35893, 'Data processing');
insert into keyword values (35893, 'Middleware');
insert into citing values (35893, 37340);
insert into citing values (35893, 30177);
insert into citing values (35893, 36282);
insert into citing values (35893, 35035);
insert into citing values (35893, 37216);
insert into citing values (35893, 33481);
insert into journal values (35571, 375, 'Architecture of a mediator for a bioinformatics database federation', 'public', TO_DATE('2013/03/22', 'yyyy-mm-dd'), 2, 16, 'Information Systems Research');
insert into keyword values (35571, 'Availability');
insert into keyword values (35571, 'Fingerprint recognition');
insert into keyword values (35571, 'Multidimensional systems');
insert into keyword values (35571, 'Biosensors');
insert into keyword values (35571, 'Poles and towers');
insert into keyword values (35571, 'Spatial databases');
insert into keyword values (35571, 'Computer Society');
insert into citing values (35571, 36285);
insert into citing values (35571, 33481);
insert into citing values (35571, 35857);
insert into citing values (35571, 32988);
insert into citing values (35571, 35469);
insert into citing values (35571, 34680);
insert into journal values (37334, 2744, 'Association algebra: a mathematical foundation for object-oriented databases', 'public', TO_DATE('2019/09/12', 'yyyy-mm-dd'), 23, 44, 'Journal of Management Information Systems');
insert into keyword values (37334, 'Hardware');
insert into keyword values (37334, 'Multidimensional systems');
insert into keyword values (37334, 'Acceleration');
insert into keyword values (37334, 'Content based retrieval');
insert into keyword values (37334, 'Prototypes');
insert into citing values (37334, 36810);
insert into citing values (37334, 36471);
insert into citing values (37334, 30837);
insert into citing values (37334, 31868);
insert into citing values (37334, 33459);
insert into citing values (37334, 39442);
insert into citing values (37334, 35337);
insert into citing values (37334, 37597);
insert into journal values (35522, 1445, 'Association rule mining in peer-to-peer systems', 'subscriber only', TO_DATE('2017/12/06', 'yyyy-mm-dd'), 10, 21, 'IEEE Transactions on Automatic Control');
insert into keyword values (35522, 'Middleware');
insert into keyword values (35522, 'Iris');
insert into keyword values (35522, 'Genomics');
insert into keyword values (35522, 'Biometrics');
insert into keyword values (35522, 'Image databases');
insert into citing values (35522, 37644);
insert into citing values (35522, 36797);
insert into citing values (35522, 37153);
insert into citing values (35522, 39541);
insert into citing values (35522, 39810);
insert into journal values (35317, 1202, 'Automated Structure Extraction and XML Conversion of Life Science Database Flat Files', 'public', TO_DATE('2010/11/24', 'yyyy-mm-dd'), 19, 49, 'ACM Transactions on Graphics');
insert into keyword values (35317, 'Spatial databases');
insert into keyword values (35317, 'Marine vehicles');
insert into keyword values (35317, 'Database systems');
insert into citing values (35317, 36163);
insert into citing values (35317, 31616);
insert into citing values (35317, 33628);
insert into citing values (35317, 33356);
insert into citing values (35317, 39808);
insert into citing values (35317, 30542);
insert into citing values (35317, 36871);
insert into citing values (35317, 39809);
insert into journal values (32186, 1129, 'Automatic Database Troubleshooting of Azure SQL Databases', 'public', TO_DATE('2005/01/27', 'yyyy-mm-dd'), 11, 58, 'IEEE Computational Intelligence Magazine');
insert into keyword values (32186, 'Optimization methods');
insert into keyword values (32186, 'Bioinformatics');
insert into keyword values (32186, 'Information retrieval');
insert into keyword values (32186, 'Global Positioning System');
insert into citing values (32186, 33324);
insert into citing values (32186, 39780);
insert into citing values (32186, 32935);
insert into citing values (32186, 33070);
insert into citing values (32186, 39812);
insert into journal values (33593, 1349, 'BioExtract Server—An Integrated Workflow-Enabling System to Access and Analyze Heterogeneous, Distributed Biomolecular Data', 'subscriber only', TO_DATE('1986/11/15', 'yyyy-mm-dd'), 15, 93, 'ISPRS Journal of Photogrammetry and Remote Sensing');
insert into keyword values (33593, 'Lungs');
insert into keyword values (33593, 'Image databases');
insert into keyword values (33593, 'Internet');
insert into citing values (33593, 31059);
insert into citing values (33593, 38080);
insert into citing values (33593, 36177);
insert into journal values (35250, 859, 'Buffer management in real-time active database systems', 'public', TO_DATE('2019/08/11', 'yyyy-mm-dd'), 13, 61, 'Journal of Strategic Information Systems');
insert into keyword values (35250, 'Acceleration');
insert into keyword values (35250, 'Availability');
insert into keyword values (35250, 'Spatial databases');
insert into keyword values (35250, 'Biometrics');
insert into keyword values (35250, 'Indexes');
insert into citing values (35250, 37754);
insert into citing values (35250, 31756);
insert into citing values (35250, 31460);
insert into journal values (30157, 2691, 'CMA: An efficient index algorithm of clustering supporting fast retrieval of large image databases', 'subscriber only', TO_DATE('2013/09/14', 'yyyy-mm-dd'), 44, 73, 'Information Systems Research');
insert into keyword values (30157, 'RFID tags');
insert into keyword values (30157, 'Biometrics');
insert into keyword values (30157, 'Multimedia databases');
insert into keyword values (30157, 'Genomics');
insert into keyword values (30157, 'Proposals');
insert into citing values (30157, 33459);
insert into citing values (30157, 31756);
insert into citing values (30157, 30425);
insert into citing values (30157, 37282);
insert into citing values (30157, 33736);
insert into journal values (37959, 2252, 'CRF: A scheduling of multi-granularity locks in object-oriented database systems', 'subscriber only', TO_DATE('1990/11/20', 'yyyy-mm-dd'), 9, 67, 'IEEE Transactions on Evolutionary Computation');
insert into keyword values (37959, 'Multimodal sensors');
insert into keyword values (37959, 'Application software');
insert into keyword values (37959, 'Spatial databases');
insert into keyword values (37959, 'Image databases');
insert into keyword values (37959, 'Biometrics');
insert into keyword values (37959, 'Content based retrieval');
insert into keyword values (37959, 'Education');
insert into citing values (37959, 33177);
insert into citing values (37959, 30542);
insert into citing values (37959, 31994);
insert into citing values (37959, 35250);
insert into citing values (37959, 32778);
insert into journal values (33736, 1239, 'Cautious transaction schedulers for database concurrency control', 'public', TO_DATE('2018/04/02', 'yyyy-mm-dd'), 15, 56, 'Information Systems Research');
insert into keyword values (33736, 'Lungs');
insert into keyword values (33736, 'Query processing');
insert into keyword values (33736, 'Computer science');
insert into keyword values (33736, 'Indexing');
insert into keyword values (33736, 'Fingerprint recognition');
insert into citing values (33736, 37484);
insert into citing values (33736, 38649);
insert into citing values (33736, 36810);
insert into citing values (33736, 37496);
insert into citing values (33736, 32664);
insert into citing values (33736, 37096);
insert into citing values (33736, 36117);
insert into journal values (30101, 561, 'Characterization of a Benchmark Database for Myoelectric Movement Classification', 'public', TO_DATE('2013/06/10', 'yyyy-mm-dd'), 1, 56, 'Information Systems Research');
insert into keyword values (30101, 'Multidimensional systems');
insert into keyword values (30101, 'Content based retrieval');
insert into keyword values (30101, 'Computed tomography');
insert into citing values (30101, 36117);
insert into citing values (30101, 34135);
insert into citing values (30101, 31994);
insert into citing values (30101, 37153);
insert into citing values (30101, 38549);
insert into citing values (30101, 35893);
insert into citing values (30101, 33148);
insert into citing values (30101, 39585);
insert into journal values (39160, 955, 'Computerized radiographic mass detection. II. Decision support by featured database visualization and modular neural networks', 'subscriber only', TO_DATE('2021/02/26', 'yyyy-mm-dd'), 12, 92, 'IEEE Internet of Things Journal');
insert into keyword values (39160, 'Indexing');
insert into keyword values (39160, 'Content based retrieval');
insert into keyword values (39160, 'Acceleration');
insert into keyword values (39160, 'Database systems');
insert into keyword values (39160, 'Object oriented databases');
insert into keyword values (39160, 'Biosensors');
insert into keyword values (39160, 'RFID tags');
insert into citing values (39160, 35522);
insert into citing values (39160, 38633);
insert into citing values (39160, 37592);
insert into journal values (34881, 2281, 'Conceptual database evolution through learning in object databases', 'subscriber only', TO_DATE('1991/11/09', 'yyyy-mm-dd'), 19, 32, 'Journal of Management Information Systems');
insert into keyword values (34881, 'Multimodal sensors');
insert into keyword values (34881, 'Internet');
insert into keyword values (34881, 'Poles and towers');
insert into keyword values (34881, 'Content based retrieval');
insert into keyword values (34881, 'Image databases');
insert into keyword values (34881, 'Deductive databases');
insert into keyword values (34881, 'Indexes');
insert into citing values (34881, 36163);
insert into citing values (34881, 32373);
insert into citing values (34881, 37959);
insert into citing values (34881, 39299);
insert into journal values (38202, 2672, 'Concurrency control in database systems', 'subscriber only', TO_DATE('2004/04/23', 'yyyy-mm-dd'), 40, 24, 'Radiology: Artificial Intelligence');
insert into keyword values (38202, 'Multidimensional systems');
insert into keyword values (38202, 'Image databases');
insert into keyword values (38202, 'Prototypes');
insert into citing values (38202, 39810);
insert into citing values (38202, 38005);
insert into citing values (38202, 32473);
insert into citing values (38202, 33269);
insert into citing values (38202, 39585);
insert into citing values (38202, 38572);
insert into citing values (38202, 32593);
insert into journal values (39809, 2137, 'Concurrent Certifications by Intervals of Timestamps in Distributed Database Systems', 'public', TO_DATE('2021/04/25', 'yyyy-mm-dd'), 34, 99, 'Internet and Higher Education');
insert into keyword values (39809, 'Computer Society');
insert into keyword values (39809, 'Marine vehicles');
insert into keyword values (39809, 'Hardware');
insert into keyword values (39809, 'Computed tomography');
insert into citing values (39809, 37754);
insert into citing values (39809, 35337);
insert into citing values (39809, 32939);
insert into citing values (39809, 34393);
insert into citing values (39809, 36062);
insert into citing values (39809, 32324);
insert into citing values (39809, 32065);
insert into journal values (38122, 1557, 'Consistency checking in complex object database schemata with integrity constraints', 'public', TO_DATE('2003/08/14', 'yyyy-mm-dd'), 13, 23, 'Information and Organization');
insert into keyword values (38122, 'Content based retrieval');
insert into keyword values (38122, 'Multimodal sensors');
insert into keyword values (38122, 'Indexing');
insert into keyword values (38122, 'Computer science');
insert into citing values (38122, 38502);
insert into citing values (38122, 39271);
insert into citing values (38122, 37484);
insert into citing values (38122, 36871);
insert into citing values (38122, 33294);
insert into citing values (38122, 31383);
insert into citing values (38122, 31753);
insert into citing values (38122, 32664);
insert into citing values (38122, 30442);
insert into journal values (38080, 2453, 'Constructing Distributed Hippocratic Video Databases for Privacy-Preserving Online Patient Training and Counseling', 'public', TO_DATE('2020/06/06', 'yyyy-mm-dd'), 39, 2, 'ISPRS Journal of Photogrammetry and Remote Sensing');
insert into keyword values (38080, 'Database languages');
insert into keyword values (38080, 'Fuzzy systems');
insert into keyword values (38080, 'Education');
insert into keyword values (38080, 'Database systems');
insert into keyword values (38080, 'Spatiotemporal phenomena');
insert into keyword values (38080, 'Acceleration');
insert into keyword values (38080, 'Indexing');
insert into citing values (38080, 37496);
insert into citing values (38080, 34064);
insert into citing values (38080, 36471);
insert into citing values (38080, 33356);
insert into citing values (38080, 38147);
insert into citing values (38080, 31841);
insert into journal values (31868, 158, 'Construction of Universal Instances for Loop-Free Network Databases Using a Join-Like Operation', 'public', TO_DATE('2020/11/10', 'yyyy-mm-dd'), 2, 43, 'Information Fusion');
insert into keyword values (31868, 'Poles and towers');
insert into keyword values (31868, 'Internet');
insert into keyword values (31868, 'Navigation');
insert into keyword values (31868, 'Education');
insert into keyword values (31868, 'Optimization methods');
insert into keyword values (31868, 'Lungs');
insert into citing values (31868, 30069);
insert into citing values (31868, 30960);
insert into citing values (31868, 37282);
insert into citing values (31868, 37297);
insert into citing values (31868, 35250);
insert into citing values (31868, 32324);
insert into citing values (31868, 37334);
insert into citing values (31868, 38649);
insert into journal values (32167, 2342, 'Content-based indexing of multimedia databases', 'public', TO_DATE('2020/05/06', 'yyyy-mm-dd'), 44, 99, 'IEEE Internet of Things Journal');
insert into keyword values (32167, 'Indexing');
insert into keyword values (32167, 'Image databases');
insert into keyword values (32167, 'Marine vehicles');
insert into keyword values (32167, 'Acceleration');
insert into citing values (32167, 34871);
insert into citing values (32167, 30157);
insert into citing values (32167, 39299);
insert into citing values (32167, 31994);
insert into citing values (32167, 39585);
insert into citing values (32167, 36471);
insert into citing values (32167, 38005);
insert into journal values (31798, 107, 'Control versus data flow in parallel database machines', 'public', TO_DATE('2021/08/02', 'yyyy-mm-dd'), 0, 64, 'Internet and Higher Education');
insert into keyword values (31798, 'Sensor phenomena and characterization');
insert into keyword values (31798, 'Prototypes');
insert into keyword values (31798, 'Biometrics');
insert into keyword values (31798, 'Indexes');
insert into citing values (31798, 39541);
insert into citing values (31798, 32150);
insert into citing values (31798, 37297);
insert into citing values (31798, 39160);
insert into citing values (31798, 33481);
insert into citing values (31798, 32664);
insert into citing values (31798, 33177);
insert into citing values (31798, 31753);
insert into citing values (31798, 33302);
insert into journal values (30964, 1961, 'Cost-Based Predictive Spatiotemporal Join', 'public', TO_DATE('2020/04/26', 'yyyy-mm-dd'), 8, 29, 'MIS Quarterly: Management Information Systems');
insert into keyword values (30964, 'Marine vehicles');
insert into keyword values (30964, 'RFID tags');
insert into keyword values (30964, 'Content based retrieval');
insert into keyword values (30964, 'Computed tomography');
insert into keyword values (30964, 'Proteins');
insert into citing values (30964, 38633);
insert into citing values (30964, 31616);
insert into citing values (30964, 30931);
insert into citing values (30964, 39252);
insert into citing values (30964, 36760);
insert into journal values (32565, 2897, 'Creation and Application of a Simulated Database of Dynamic [$^18$F]MPPF PET Acquisitions Incorporating Inter-Individual Anatomical and Biological Variability', 'public', TO_DATE('2011/12/27', 'yyyy-mm-dd'), 32, 26, 'ISPRS Journal of Photogrammetry and Remote Sensing');
insert into keyword values (32565, 'Indexing');
insert into keyword values (32565, 'Mathematics');
insert into keyword values (32565, 'Spatial databases');
insert into citing values (32565, 37297);
insert into citing values (32565, 32167);
insert into citing values (32565, 36810);
insert into journal values (33837, 697, 'Cross-Database Evaluation of a Multilead Heartbeat Classifier', 'subscriber only', TO_DATE('2003/10/21', 'yyyy-mm-dd'), 3, 30, 'Journal of Service Research');
insert into keyword values (33837, 'Middleware');
insert into keyword values (33837, 'Deductive databases');
insert into keyword values (33837, 'Optimization methods');
insert into keyword values (33837, 'Multimodal sensors');
insert into keyword values (33837, 'Information retrieval');
insert into keyword values (33837, 'Spatiotemporal phenomena');
insert into citing values (33837, 33366);
insert into citing values (33837, 34871);
insert into citing values (33837, 38633);
insert into citing values (33837, 31089);
insert into citing values (33837, 37216);
insert into citing values (33837, 30608);
insert into journal values (35035, 2139, 'Database Optimizations for Modern Hardware', 'subscriber only', TO_DATE('1983/08/15', 'yyyy-mm-dd'), 39, 98, 'IEEE Transactions on Evolutionary Computation');
insert into keyword values (35035, 'Indexes');
insert into keyword values (35035, 'Computed tomography');
insert into keyword values (35035, 'Spatiotemporal phenomena');
insert into keyword values (35035, 'Fuzzy systems');
insert into keyword values (35035, 'Data engineering');
insert into keyword values (35035, 'Education');
insert into keyword values (35035, 'Fingerprint recognition');
insert into citing values (35035, 33854);
insert into citing values (35035, 39779);
insert into citing values (35035, 31460);
insert into citing values (35035, 34683);
insert into citing values (35035, 32373);
insert into citing values (35035, 36062);
insert into citing values (35035, 35893);
insert into journal values (37597, 1368, 'Database Security', 'public', TO_DATE('2010/05/19', 'yyyy-mm-dd'), 0, 56, 'Information Fusion');
insert into keyword values (37597, 'RFID tags');
insert into keyword values (37597, 'Multimedia databases');
insert into keyword values (37597, 'Computer Society');
insert into keyword values (37597, 'Image databases');
insert into keyword values (37597, 'Machinery');
insert into keyword values (37597, 'Relational databases');
insert into citing values (37597, 33024);
insert into citing values (37597, 35571);
insert into citing values (37597, 31648);
insert into citing values (37597, 34871);
insert into citing values (37597, 32588);
insert into citing values (37597, 32230);
insert into citing values (37597, 37218);
insert into citing values (37597, 33901);
insert into journal values (37314, 756, 'Database Skeleton and Its Application to Fuzzy Query Translation', 'public', TO_DATE('2020/07/12', 'yyyy-mm-dd'), 11, 70, 'Information Fusion');
insert into keyword values (37314, 'Entropy');
insert into keyword values (37314, 'Multidimensional systems');
insert into keyword values (37314, 'Prototypes');
insert into keyword values (37314, 'Artificial intelligence');
insert into keyword values (37314, 'Fuzzy systems');
insert into keyword values (37314, 'Data engineering');
insert into keyword values (37314, 'Middleware');
insert into citing values (37314, 39127);
insert into citing values (37314, 35659);
insert into citing values (37314, 39734);
insert into citing values (37314, 34674);
insert into citing values (37314, 30177);
insert into citing values (37314, 39810);
insert into journal values (37484, 2022, 'Database Skeleton and Its Application to Logical Database Synthesis', 'subscriber only', TO_DATE('2010/12/05', 'yyyy-mm-dd'), 1, 41, 'IEEE Transactions on Robotics');
insert into keyword values (37484, 'Artificial intelligence');
insert into keyword values (37484, 'Query processing');
insert into keyword values (37484, 'Proposals');
insert into keyword values (37484, 'Application software');
insert into keyword values (37484, 'RFID tags');
insert into citing values (37484, 32593);
insert into citing values (37484, 36471);
insert into citing values (37484, 35229);
insert into citing values (37484, 36871);
insert into citing values (37484, 36020);
insert into citing values (37484, 35918);
insert into citing values (37484, 37068);
insert into journal values (37644, 1380, 'Database Transformation, Query Translation, and Performance Analysis of a New Database Computer in Supporting Hierarchical Database Management', 'subscriber only', TO_DATE('2018/04/01', 'yyyy-mm-dd'), 24, 72, 'Advances in Computers');
insert into keyword values (37644, 'RFID tags');
insert into keyword values (37644, 'Proteins');
insert into keyword values (37644, 'Iris');
insert into keyword values (37644, 'Information retrieval');
insert into keyword values (37644, 'Relational databases');
insert into keyword values (37644, 'Sensor phenomena and characterization');
insert into keyword values (37644, 'Deductive databases');
insert into citing values (37644, 36163);
insert into citing values (37644, 33148);
insert into citing values (37644, 37231);
insert into citing values (37644, 36470);
insert into citing values (37644, 33938);
insert into journal values (32230, 1142, 'Database concurrency control in multilevel secure database management systems', 'subscriber only', TO_DATE('2016/04/30', 'yyyy-mm-dd'), 20, 31, 'Information Systems Research');
insert into keyword values (32230, 'Database languages');
insert into keyword values (32230, 'Poles and towers');
insert into keyword values (32230, 'Computer science');
insert into citing values (32230, 33148);
insert into citing values (32230, 31069);
insert into citing values (32230, 30125);
insert into citing values (32230, 37959);
insert into citing values (32230, 39809);
insert into citing values (32230, 35893);
insert into journal values (39152, 2745, 'Database design principles for placement of delay-sensitive data on disks', 'public', TO_DATE('1994/11/29', 'yyyy-mm-dd'), 27, 93, 'IEEE Transactions on Fuzzy Systems');
insert into keyword values (39152, 'Artificial intelligence');
insert into keyword values (39152, 'Hardware');
insert into keyword values (39152, 'Global Positioning System');
insert into keyword values (39152, 'Proposals');
insert into keyword values (39152, 'Education');
insert into citing values (39152, 36797);
insert into citing values (39152, 30157);
insert into citing values (39152, 36810);
insert into citing values (39152, 34683);
insert into citing values (39152, 32230);
insert into citing values (39152, 36750);
insert into journal values (37340, 880, 'Database migration: a new architecture for transaction processing in broadband networks', 'public', TO_DATE('2010/03/21', 'yyyy-mm-dd'), 4, 35, 'MIS Quarterly: Management Information Systems');
insert into keyword values (37340, 'Computed tomography');
insert into keyword values (37340, 'Database languages');
insert into keyword values (37340, 'RFID tags');
insert into keyword values (37340, 'Application software');
insert into keyword values (37340, 'Genomics');
insert into keyword values (37340, 'Multimedia databases');
insert into citing values (37340, 32778);
insert into citing values (37340, 36177);
insert into citing values (37340, 30761);
insert into journal values (32588, 536, 'Database migration: a new architecture for transaction processing in broadband networks', 'subscriber only', TO_DATE('2015/08/02', 'yyyy-mm-dd'), 5, 17, 'IEEE Transactions on Fuzzy Systems');
insert into keyword values (32588, 'Multimedia databases');
insert into keyword values (32588, 'Content based retrieval');
insert into keyword values (32588, 'Information retrieval');
insert into citing values (32588, 37068);
insert into citing values (32588, 32324);
insert into citing values (32588, 30069);
insert into journal values (33177, 2996, 'Database reorganization in parallel disk arrays with I/O service stealing', 'public', TO_DATE('2009/11/21', 'yyyy-mm-dd'), 3, 6, 'ACM Transactions on Graphics');
insert into keyword values (33177, 'Global Positioning System');
insert into keyword values (33177, 'Lungs');
insert into keyword values (33177, 'Content based retrieval');
insert into keyword values (33177, 'Sensor phenomena and characterization');
insert into keyword values (33177, 'Machinery');
insert into keyword values (33177, 'Indexes');
insert into citing values (33177, 37218);
insert into citing values (33177, 38941);
insert into citing values (33177, 38502);
insert into citing values (33177, 34656);
insert into journal values (31666, 1954, 'Delta abstractions: A technique for managing database states in runtime debugging of active database rules', 'subscriber only', TO_DATE('2015/06/14', 'yyyy-mm-dd'), 12, 36, 'Advances in Computers');
insert into keyword values (31666, 'Biometrics');
insert into keyword values (31666, 'RFID tags');
insert into keyword values (31666, 'Bioinformatics');
insert into citing values (31666, 32664);
insert into citing values (31666, 33366);
insert into citing values (31666, 36797);
insert into citing values (31666, 38502);
insert into citing values (31666, 38005);
insert into citing values (31666, 36285);
insert into journal values (30608, 344, 'Design of Multimodal Dissimilarity Spaces for Retrieval of Video Documents', 'public', TO_DATE('2020/06/18', 'yyyy-mm-dd'), 2, 82, 'ACM Transactions on Graphics');
insert into keyword values (30608, 'Prototypes');
insert into keyword values (30608, 'Runtime');
insert into keyword values (30608, 'Mathematics');
insert into keyword values (30608, 'Poles and towers');
insert into keyword values (30608, 'Entropy');
insert into keyword values (30608, 'Database systems');
insert into keyword values (30608, 'Image retrieval');
insert into citing values (30608, 34029);
insert into citing values (30608, 37216);
insert into citing values (30608, 39585);
insert into citing values (30608, 35893);
insert into citing values (30608, 32158);
insert into citing values (30608, 30837);
insert into citing values (30608, 32697);
insert into citing values (30608, 33938);
insert into citing values (30608, 36760);
insert into journal values (37496, 1658, 'Design of a Functionally Distributed, Multiprocessor Database Machine Using Data Flow Analysis', 'subscriber only', TO_DATE('2003/04/18', 'yyyy-mm-dd'), 20, 25, 'IEEE Communications Magazine');
insert into keyword values (37496, 'Proteins');
insert into keyword values (37496, 'Iris');
insert into keyword values (37496, 'Spatial databases');
insert into keyword values (37496, 'Multidimensional systems');
insert into keyword values (37496, 'Content based retrieval');
insert into citing values (37496, 38122);
insert into citing values (37496, 39299);
insert into citing values (37496, 34674);
insert into journal values (36177, 2850, 'Designing of Ground-Truth-Annotated DBT-TU-JU Breast Thermogram Database Toward Early Abnormality Prediction', 'subscriber only', TO_DATE('2015/07/11', 'yyyy-mm-dd'), 25, 23, 'IEEE Journal on Selected Areas in Communications');
insert into keyword values (36177, 'Relational databases');
insert into keyword values (36177, 'Bioinformatics');
insert into keyword values (36177, 'Sensor phenomena and characterization');
insert into keyword values (36177, 'Object oriented databases');
insert into keyword values (36177, 'Biosensors');
insert into keyword values (36177, 'Application software');
insert into citing values (36177, 31460);
insert into citing values (36177, 39252);
insert into citing values (36177, 32230);
insert into citing values (36177, 33901);
insert into citing values (36177, 31383);
insert into citing values (36177, 33480);
insert into journal values (35044, 157, 'Distributed Database and Application Architecture for Big Data Solutions', 'subscriber only', TO_DATE('2010/10/11', 'yyyy-mm-dd'), 0, 76, 'IEEE Transactions on Fuzzy Systems');
insert into keyword values (35044, 'Hardware');
insert into keyword values (35044, 'Fingerprint recognition');
insert into keyword values (35044, 'Multidimensional systems');
insert into keyword values (35044, 'Marine vehicles');
insert into keyword values (35044, 'Genomics');
insert into keyword values (35044, 'Multimedia databases');
insert into citing values (35044, 33625);
insert into citing values (35044, 30999);
insert into journal values (34656, 1260, 'Early active database efforts: a capsule summary', 'public', TO_DATE('2017/03/20', 'yyyy-mm-dd'), 24, 12, 'Information and Organization');
insert into keyword values (34656, 'Acceleration');
insert into keyword values (34656, 'Hardware');
insert into keyword values (34656, 'Biosensors');
insert into keyword values (34656, 'Information retrieval');
insert into keyword values (34656, 'Lungs');
insert into keyword values (34656, 'Mathematics');
insert into citing values (34656, 35229);
insert into citing values (34656, 35831);
insert into citing values (34656, 31500);
insert into citing values (34656, 32473);
insert into journal values (34393, 2743, 'Effective Image Retrieval Based on Hidden Concept Discovery in Image Database', 'subscriber only', TO_DATE('1985/08/13', 'yyyy-mm-dd'), 17, 68, 'Journal of Management Information Systems');
insert into keyword values (34393, 'Computed tomography');
insert into keyword values (34393, 'Acceleration');
insert into keyword values (34393, 'Proposals');
insert into keyword values (34393, 'Genomics');
insert into keyword values (34393, 'Indexing');
insert into citing values (34393, 32373);
insert into citing values (34393, 39734);
insert into citing values (34393, 33837);
insert into citing values (34393, 37210);
insert into citing values (34393, 33459);
insert into citing values (34393, 31616);
insert into citing values (34393, 35857);
insert into citing values (34393, 39974);
insert into journal values (31460, 607, 'Effects of update techniques on main memory database system performance', 'subscriber only', TO_DATE('2013/09/08', 'yyyy-mm-dd'), 10, 23, 'Journal of Service Research');
insert into keyword values (31460, 'Computed tomography');
insert into keyword values (31460, 'Query processing');
insert into keyword values (31460, 'Availability');
insert into keyword values (31460, 'Acceleration');
insert into citing values (31460, 37597);
insert into citing values (31460, 39252);
insert into citing values (31460, 35918);
insert into citing values (31460, 33269);
insert into journal values (38649, 2793, 'Effects of update techniques on main memory database system performance', 'public', TO_DATE('2017/05/03', 'yyyy-mm-dd'), 32, 22, 'Advances in Computers');
insert into keyword values (38649, 'Machinery');
insert into keyword values (38649, 'Spatiotemporal phenomena');
insert into keyword values (38649, 'Genomics');
insert into keyword values (38649, 'Object oriented databases');
insert into keyword values (38649, 'Uncertainty');
insert into citing values (38649, 37340);
insert into citing values (38649, 37216);
insert into citing values (38649, 33459);
insert into journal values (32158, 442, 'Efficient Tree Structures for High Utility Pattern Mining in Incremental Databases', 'public', TO_DATE('2014/09/20', 'yyyy-mm-dd'), 0, 76, 'Foundations and Trends in Machine Learning');
insert into keyword values (32158, 'Machinery');
insert into keyword values (32158, 'Indexing');
insert into keyword values (32158, 'Marine vehicles');
insert into keyword values (32158, 'Fingerprint recognition');
insert into keyword values (32158, 'Indexes');
insert into citing values (32158, 33480);
insert into citing values (32158, 30177);
insert into citing values (32158, 30542);
insert into journal values (37747, 1395, 'Efficient attribute-oriented generalization for knowledge discovery from large databases', 'subscriber only', TO_DATE('1989/02/23', 'yyyy-mm-dd'), 16, 90, 'Journal of Strategic Information Systems');
insert into keyword values (37747, 'Spatiotemporal phenomena');
insert into keyword values (37747, 'Global Positioning System');
insert into keyword values (37747, 'Database systems');
insert into keyword values (37747, 'Indexes');
insert into keyword values (37747, 'Application software');
insert into keyword values (37747, 'Multimedia databases');
insert into citing values (37747, 39808);
insert into citing values (37747, 38633);
insert into citing values (37747, 37754);
insert into citing values (37747, 37959);
insert into journal values (36750, 660, 'Efficient query processing in integrated multiple object databases with maybe result certification', 'public', TO_DATE('1996/12/03', 'yyyy-mm-dd'), 5, 30, 'International Journal of Information Management');
insert into keyword values (36750, 'RFID tags');
insert into keyword values (36750, 'Runtime');
insert into keyword values (36750, 'Application software');
insert into citing values (36750, 31753);
insert into citing values (36750, 32255);
insert into citing values (36750, 33294);
insert into citing values (36750, 37334);
insert into journal values (35469, 1226, 'Efficient query processing in integrated multiple object databases with maybe result certification', 'public', TO_DATE('2014/10/19', 'yyyy-mm-dd'), 10, 76, 'International Journal of Computer Vision');
insert into keyword values (35469, 'Iris');
insert into keyword values (35469, 'Database languages');
insert into keyword values (35469, 'Query processing');
insert into keyword values (35469, 'Computer science');
insert into keyword values (35469, 'Lungs');
insert into keyword values (35469, 'Mathematics');
insert into citing values (35469, 37016);
insert into citing values (35469, 34029);
insert into citing values (35469, 39974);
insert into citing values (35469, 36760);
insert into citing values (35469, 34287);
insert into citing values (35469, 34881);
insert into citing values (35469, 38122);
insert into citing values (35469, 36412);
insert into citing values (35469, 30761);
insert into journal values (36163, 751, 'Efficient top/bottom-k fraction estimation in spatial databases using bounded main memory', 'subscriber only', TO_DATE('2016/01/25', 'yyyy-mm-dd'), 11, 19, 'ISPRS Journal of Photogrammetry and Remote Sensing');
insert into keyword values (36163, 'Content based retrieval');
insert into keyword values (36163, 'Spatial databases');
insert into keyword values (36163, 'Multidimensional systems');
insert into keyword values (36163, 'Computer science');
insert into citing values (36163, 35571);
insert into citing values (36163, 33901);
insert into citing values (36163, 35044);
insert into citing values (36163, 30101);
insert into citing values (36163, 30442);
insert into journal values (36412, 1632, 'Efficient top/bottom-k fraction estimation in spatial databases using bounded main memory', 'subscriber only', TO_DATE('2000/02/15', 'yyyy-mm-dd'), 30, 74, 'International Journal of Information Management');
insert into keyword values (36412, 'Image retrieval');
insert into keyword values (36412, 'Uncertainty');
insert into keyword values (36412, 'Database languages');
insert into keyword values (36412, 'Hardware');
insert into keyword values (36412, 'Computer Society');
insert into keyword values (36412, 'Image databases');
insert into keyword values (36412, 'Acceleration');
insert into citing values (36412, 33415);
insert into citing values (36412, 37096);
insert into citing values (36412, 38633);
insert into citing values (36412, 31616);
insert into citing values (36412, 32588);
insert into citing values (36412, 35076);
insert into citing values (36412, 33294);
insert into citing values (36412, 36117);
insert into citing values (36412, 36438);
insert into journal values (36117, 2907, 'Exploiting spatial indexes for semijoin-based join processing in distributed spatial databases', 'public', TO_DATE('1978/05/11', 'yyyy-mm-dd'), 22, 55, 'Wiley Interdisciplinary Reviews: Computational Molecular Science');
insert into keyword values (36117, 'Content based retrieval');
insert into keyword values (36117, 'Data processing');
insert into keyword values (36117, 'Global Positioning System');
insert into keyword values (36117, 'Indexes');
insert into keyword values (36117, 'Deductive databases');
insert into citing values (36117, 30964);
insert into citing values (36117, 32664);
insert into citing values (36117, 33897);
insert into citing values (36117, 33366);
insert into citing values (36117, 34143);
insert into citing values (36117, 36750);
insert into journal values (32988, 282, 'Exploiting spatial indexes for semijoin-based join processing in distributed spatial databases', 'subscriber only', TO_DATE('2012/11/25', 'yyyy-mm-dd'), 2, 32, 'Journal of Strategic Information Systems');
insert into keyword values (32988, 'Object oriented databases');
insert into keyword values (32988, 'Deductive databases');
insert into keyword values (32988, 'RFID tags');
insert into keyword values (32988, 'Fingerprint recognition');
insert into citing values (32988, 32697);
insert into citing values (32988, 33628);
insert into citing values (32988, 36808);
insert into citing values (32988, 32664);
insert into citing values (32988, 36020);
insert into citing values (32988, 38549);
insert into citing values (32988, 39779);
insert into citing values (32988, 33356);
insert into citing values (32988, 31798);
insert into journal values (32324, 1329, 'Exploring potential consequences on mortality estimates of errors in clinical databases', 'public', TO_DATE('2018/08/01', 'yyyy-mm-dd'), 7, 44, 'Advances in Computers');
insert into keyword values (32324, 'Marine vehicles');
insert into keyword values (32324, 'Database languages');
insert into keyword values (32324, 'Internet');
insert into keyword values (32324, 'Information retrieval');
insert into citing values (32324, 37282);
insert into citing values (32324, 34656);
insert into citing values (32324, 30069);
insert into journal values (32473, 287, 'FRAGMENT: A Web Application for Database Fragmentation, Allocation and Replication over a Cloud Environment', 'public', TO_DATE('2000/03/18', 'yyyy-mm-dd'), 4, 8, 'IEEE Transactions on Fuzzy Systems');
insert into keyword values (32473, 'Sensor phenomena and characterization');
insert into keyword values (32473, 'Image retrieval');
insert into keyword values (32473, 'Content based retrieval');
insert into keyword values (32473, 'Hardware');
insert into keyword values (32473, 'Machinery');
insert into keyword values (32473, 'Navigation');
insert into citing values (32473, 33294);
insert into citing values (32473, 35130);
insert into citing values (32473, 38684);
insert into citing values (32473, 34143);
insert into citing values (32473, 33837);
insert into citing values (32473, 35044);
insert into citing values (32473, 37747);
insert into journal values (35654, 793, 'Fault Tolerance via Diversity for Off-the-Shelf Products: A Study with SQL Database Servers', 'subscriber only', TO_DATE('2015/10/09', 'yyyy-mm-dd'), 7, 34, 'IEEE Transactions on Wireless Communications');
insert into keyword values (35654, 'Spatiotemporal phenomena');
insert into keyword values (35654, 'Lungs');
insert into keyword values (35654, 'Mathematics');
insert into keyword values (35654, 'Database systems');
insert into keyword values (35654, 'Bioinformatics');
insert into citing values (35654, 33481);
insert into citing values (35654, 34871);
insert into citing values (35654, 31753);
insert into citing values (35654, 32065);
insert into citing values (35654, 37876);
insert into citing values (35654, 36163);
insert into citing values (35654, 30413);
insert into citing values (35654, 32158);
insert into journal values (32466, 2358, 'Finding Top-k Answers in Keyword Search over Relational Databases Using Tuple Units', 'public', TO_DATE('2005/03/31', 'yyyy-mm-dd'), 44, 10, 'ACM Computing Surveys');
insert into keyword values (32466, 'Artificial intelligence');
insert into keyword values (32466, 'Content based retrieval');
insert into keyword values (32466, 'Internet');
insert into keyword values (32466, 'Iris');
insert into citing values (32466, 33630);
insert into citing values (32466, 35918);
insert into citing values (32466, 36510);
insert into citing values (32466, 34393);
insert into citing values (32466, 33901);
insert into citing values (32466, 34656);
insert into citing values (32466, 36177);
insert into journal values (30227, 1295, 'Finding the Nearest Neighbors in Biological Databases Using Less Distance Computations', 'public', TO_DATE('1997/07/20', 'yyyy-mm-dd'), 10, 29, 'International Journal of Computer Vision');
insert into keyword values (30227, 'Artificial intelligence');
insert into keyword values (30227, 'Proteins');
insert into keyword values (30227, 'Sensor phenomena and characterization');
insert into keyword values (30227, 'Bioinformatics');
insert into keyword values (30227, 'Genomics');
insert into keyword values (30227, 'Navigation');
insert into keyword values (30227, 'Entropy');
insert into citing values (30227, 35469);
insert into citing values (30227, 30542);
insert into citing values (30227, 37754);
insert into citing values (30227, 32939);
insert into citing values (30227, 37876);
insert into journal values (31383, 2655, 'Formal Aspects of Serializability in Database Concurrency Control', 'public', TO_DATE('2001/10/17', 'yyyy-mm-dd'), 41, 94, 'Radiology: Artificial Intelligence');
insert into keyword values (31383, 'Relational databases');
insert into keyword values (31383, 'Prototypes');
insert into keyword values (31383, 'Computer Society');
insert into keyword values (31383, 'Data engineering');
insert into keyword values (31383, 'Uncertainty');
insert into keyword values (31383, 'Proposals');
insert into keyword values (31383, 'Sensor phenomena and characterization');
insert into citing values (31383, 30101);
insert into citing values (31383, 37959);
insert into citing values (31383, 30069);
insert into citing values (31383, 39127);
insert into citing values (31383, 33628);
insert into journal values (38379, 1205, 'Fuzzy database query languages and their relational completeness theorem', 'public', TO_DATE('2016/04/18', 'yyyy-mm-dd'), 14, 43, 'Information Systems Research');
insert into keyword values (38379, 'Navigation');
insert into keyword values (38379, 'Database systems');
insert into keyword values (38379, 'Data processing');
insert into keyword values (38379, 'Mathematics');
insert into citing values (38379, 33070);
insert into citing values (38379, 36470);
insert into citing values (38379, 39252);
insert into citing values (38379, 33897);
insert into citing values (38379, 33979);
insert into journal values (36587, 78, 'Fuzzy query translation for relational database systems', 'public', TO_DATE('2004/01/15', 'yyyy-mm-dd'), 0, 9, 'IEEE Transactions on Fuzzy Systems');
insert into keyword values (36587, 'Acceleration');
insert into keyword values (36587, 'Navigation');
insert into keyword values (36587, 'Database systems');
insert into keyword values (36587, 'Hardware');
insert into keyword values (36587, 'Machinery');
insert into keyword values (36587, 'Availability');
insert into keyword values (36587, 'Indexing');
insert into citing values (36587, 39734);
insert into citing values (36587, 32565);
insert into citing values (36587, 36117);
insert into citing values (36587, 36750);
insert into citing values (36587, 30964);
insert into citing values (36587, 38633);
insert into journal values (38633, 1368, 'Fuzzy query translation for relational database systems', 'public', TO_DATE('1991/06/24', 'yyyy-mm-dd'), 3, 19, 'Wiley Interdisciplinary Reviews: Computational Molecular Science');
insert into keyword values (38633, 'Indexes');
insert into keyword values (38633, 'Poles and towers');
insert into keyword values (38633, 'RFID tags');
insert into keyword values (38633, 'Deductive databases');
insert into citing values (38633, 31648);
insert into citing values (38633, 30761);
insert into citing values (38633, 32466);
insert into citing values (38633, 32324);
insert into citing values (38633, 39152);
insert into citing values (38633, 30069);
insert into citing values (38633, 30157);
insert into citing values (38633, 31666);
insert into citing values (38633, 32158);
insert into journal values (32373, 196, 'Generalized production rules as a basis for integrating active and deductive databases', 'public', TO_DATE('2008/05/31', 'yyyy-mm-dd'), 2, 49, 'ACM Computing Surveys');
insert into keyword values (32373, 'Fuzzy systems');
insert into keyword values (32373, 'Uncertainty');
insert into keyword values (32373, 'Data engineering');
insert into keyword values (32373, 'Machinery');
insert into keyword values (32373, 'Iris');
insert into keyword values (32373, 'Multimodal sensors');
insert into keyword values (32373, 'Education');
insert into citing values (32373, 35076);
insert into citing values (32373, 38800);
insert into citing values (32373, 36177);
insert into citing values (32373, 38549);
insert into citing values (32373, 30413);
insert into journal values (37282, 2062, 'Generation of POJOs and DAOs Classes from Metadata Database', 'public', TO_DATE('2018/04/16', 'yyyy-mm-dd'), 6, 74, 'Molecular Systems Biology');
insert into keyword values (37282, 'Bioinformatics');
insert into keyword values (37282, 'Hardware');
insert into keyword values (37282, 'Acceleration');
insert into keyword values (37282, 'Application software');
insert into citing values (37282, 35229);
insert into citing values (37282, 36163);
insert into citing values (37282, 31059);
insert into citing values (37282, 30577);
insert into citing values (37282, 30227);
insert into citing values (37282, 35469);
insert into citing values (37282, 33177);
insert into citing values (37282, 36808);
insert into journal values (38005, 646, 'Global mobility management by replicated databases in personal communication networks', 'subscriber only', TO_DATE('2000/11/11', 'yyyy-mm-dd'), 7, 45, 'International Journal of Computer Vision');
insert into keyword values (38005, 'Acceleration');
insert into keyword values (38005, 'Artificial intelligence');
insert into keyword values (38005, 'Information retrieval');
insert into citing values (38005, 37597);
insert into citing values (38005, 38080);
insert into citing values (38005, 39271);
insert into journal values (39271, 1993, 'Global mobility management by replicated databases in personal communication networks', 'subscriber only', TO_DATE('2021/10/26', 'yyyy-mm-dd'), 10, 73, 'IEEE Internet of Things Journal');
insert into keyword values (39271, 'Internet');
insert into keyword values (39271, 'Bioinformatics');
insert into keyword values (39271, 'Spatial databases');
insert into citing values (39271, 34143);
insert into citing values (39271, 38549);
insert into citing values (39271, 30964);
insert into citing values (39271, 37876);
insert into citing values (39271, 32778);
insert into citing values (39271, 32158);
insert into citing values (39271, 33070);
insert into citing values (39271, 39152);
insert into journal values (30425, 237, 'Hierarchical Cellular Tree: An Efficient Indexing Scheme for Content-Based Retrieval on Multimedia Databases', 'public', TO_DATE('2019/04/20', 'yyyy-mm-dd'), 1, 54, 'Advances in Computers');
insert into keyword values (30425, 'Indexing');
insert into keyword values (30425, 'Fingerprint recognition');
insert into keyword values (30425, 'Acceleration');
insert into keyword values (30425, 'Information retrieval');
insert into citing values (30425, 35250);
insert into citing values (30425, 37096);
insert into citing values (30425, 32186);
insert into journal values (30577, 1966, 'Hihooi: A Database Replication Middleware for Scaling Transactional Databases Consistently', 'public', TO_DATE('2018/04/20', 'yyyy-mm-dd'), 10, 47, 'Information Systems Research');
insert into keyword values (30577, 'Spatiotemporal phenomena');
insert into keyword values (30577, 'Multimodal sensors');
insert into keyword values (30577, 'Poles and towers');
insert into citing values (30577, 33212);
insert into citing values (30577, 30177);
insert into citing values (30577, 31841);
insert into citing values (30577, 36470);
insert into journal values (30125, 542, 'Hihooi: A Database Replication Middleware for Scaling Transactional Databases Consistently', 'subscriber only', TO_DATE('2021/02/26', 'yyyy-mm-dd'), 1, 71, 'IEEE Transactions on Automatic Control');
insert into keyword values (30125, 'Poles and towers');
insert into keyword values (30125, 'Middleware');
insert into keyword values (30125, 'Information retrieval');
insert into keyword values (30125, 'Application software');
insert into citing values (30125, 37484);
insert into citing values (30125, 31841);
insert into citing values (30125, 37096);
insert into journal values (39812, 686, 'IFOOD: an intelligent fuzzy object-oriented database architecture', 'public', TO_DATE('2012/07/23', 'yyyy-mm-dd'), 11, 44, 'IEEE Journal on Selected Areas in Communications');
insert into keyword values (39812, 'Computer Society');
insert into keyword values (39812, 'Proteins');
insert into keyword values (39812, 'Mathematics');
insert into keyword values (39812, 'Uncertainty');
insert into keyword values (39812, 'Indexing');
insert into citing values (39812, 37153);
insert into citing values (39812, 30125);
insert into citing values (39812, 30177);
insert into citing values (39812, 34064);
insert into citing values (39812, 39734);
insert into citing values (39812, 38122);
insert into citing values (39812, 31360);
insert into citing values (39812, 36797);
insert into citing values (39812, 37340);
insert into journal values (32255, 992, 'Identifying Relevant Data for a Biological Database: Handcrafted Rules versus Machine Learning', 'subscriber only', TO_DATE('2018/07/27', 'yyyy-mm-dd'), 6, 61, 'Information Systems Research');
insert into keyword values (32255, 'Spatial databases');
insert into keyword values (32255, 'Data processing');
insert into keyword values (32255, 'Machinery');
insert into keyword values (32255, 'Query processing');
insert into keyword values (32255, 'Artificial intelligence');
insert into keyword values (32255, 'Bioinformatics');
insert into keyword values (32255, 'Data engineering');
insert into citing values (32255, 36177);
insert into citing values (32255, 33837);
insert into citing values (32255, 34824);
insert into citing values (32255, 38572);
insert into citing values (32255, 31616);
insert into citing values (32255, 30999);
insert into citing values (32255, 32593);
insert into journal values (36062, 528, 'Implementation of the Database Machine Direct', 'subscriber only', TO_DATE('2014/01/07', 'yyyy-mm-dd'), 4, 49, 'Information Systems Research');
insert into keyword values (36062, 'Spatial databases');
insert into keyword values (36062, 'Query processing');
insert into keyword values (36062, 'Computer Society');
insert into keyword values (36062, 'Database languages');
insert into citing values (36062, 34680);
insert into citing values (36062, 31069);
insert into citing values (36062, 33938);
insert into journal values (30069, 1619, 'Indexing of technical line drawing databases', 'subscriber only', TO_DATE('2002/04/25', 'yyyy-mm-dd'), 27, 14, 'IEEE Transactions on Systems, Man, and Cybernetics: Systems');
insert into keyword values (30069, 'RFID tags');
insert into keyword values (30069, 'Machinery');
insert into keyword values (30069, 'Navigation');
insert into keyword values (30069, 'Iris');
insert into keyword values (30069, 'Indexes');
insert into keyword values (30069, 'Computer science');
insert into citing values (30069, 39160);
insert into citing values (30069, 35857);
insert into citing values (30069, 31841);
insert into citing values (30069, 32988);
insert into citing values (30069, 36285);
insert into citing values (30069, 39808);
insert into journal values (34824, 2968, 'Irregular Indeterminate Repeated Facts in Temporal Relational Databases', 'subscriber only', TO_DATE('2019/08/03', 'yyyy-mm-dd'), 44, 33, 'IEEE Internet of Things Journal');
insert into keyword values (34824, 'Mathematics');
insert into keyword values (34824, 'Multimodal sensors');
insert into keyword values (34824, 'Image retrieval');
insert into keyword values (34824, 'Fuzzy systems');
insert into keyword values (34824, 'Deductive databases');
insert into citing values (34824, 35469);
insert into citing values (34824, 39127);
insert into citing values (34824, 36470);
insert into citing values (34824, 36020);
insert into citing values (34824, 38080);
insert into citing values (34824, 34881);
insert into citing values (34824, 30931);
insert into citing values (34824, 32230);
insert into citing values (34824, 37496);
insert into journal values (36810, 2915, 'Irregular Indeterminate Repeated Facts in Temporal Relational Databases', 'public', TO_DATE('2015/04/15', 'yyyy-mm-dd'), 38, 44, 'ACM Transactions on Graphics');
insert into keyword values (36810, 'Query processing');
insert into keyword values (36810, 'Multimedia databases');
insert into keyword values (36810, 'Lungs');
insert into keyword values (36810, 'Relational databases');
insert into keyword values (36810, 'Education');
insert into keyword values (36810, 'Image databases');
insert into keyword values (36810, 'Computer science');
insert into citing values (36810, 35857);
insert into citing values (36810, 35522);
insert into citing values (36810, 37597);
insert into journal values (39933, 943, 'Join index hierarchy: an indexing structure for efficient navigation in object-oriented databases', 'subscriber only', TO_DATE('2009/02/23', 'yyyy-mm-dd'), 16, 35, 'IEEE Journal on Selected Areas in Communications');
insert into keyword values (39933, 'Indexing');
insert into keyword values (39933, 'Relational databases');
insert into keyword values (39933, 'RFID tags');
insert into keyword values (39933, 'Proposals');
insert into keyword values (39933, 'Fingerprint recognition');
insert into keyword values (39933, 'Poles and towers');
insert into citing values (39933, 35571);
insert into citing values (39933, 33897);
insert into citing values (39933, 33212);
insert into citing values (39933, 33854);
insert into journal values (33481, 1317, 'Joint Source and Channel Coding for 3-D Scene Databases Using Vector Quantization and Embedded Parity Objects', 'subscriber only', TO_DATE('2019/07/29', 'yyyy-mm-dd'), 14, 87, 'IEEE Transactions on Evolutionary Computation');
insert into keyword values (33481, 'Computed tomography');
insert into keyword values (33481, 'Computer science');
insert into keyword values (33481, 'Runtime');
insert into citing values (33481, 37340);
insert into citing values (33481, 30999);
insert into citing values (33481, 37068);
insert into journal values (30960, 1173, 'Knowledge-Driven Multidimensional Indexing Structure for Biomedical Media Database Retrieval', 'public', TO_DATE('1989/10/11', 'yyyy-mm-dd'), 2, 31, 'ISPRS Journal of Photogrammetry and Remote Sensing');
insert into keyword values (30960, 'Poles and towers');
insert into keyword values (30960, 'Computer Society');
insert into keyword values (30960, 'Image databases');
insert into keyword values (30960, 'Multimodal sensors');
insert into keyword values (30960, 'Information retrieval');
insert into keyword values (30960, 'Availability');
insert into citing values (30960, 33481);
insert into citing values (30960, 31059);
insert into citing values (30960, 30442);
insert into journal values (36285, 1360, 'Localized Co-Occurrence Model for Fast Approximate Search in 3D Structure Databases', 'public', TO_DATE('2011/10/17', 'yyyy-mm-dd'), 25, 47, 'IEEE Transactions on Evolutionary Computation');
insert into keyword values (36285, 'Computer science');
insert into keyword values (36285, 'RFID tags');
insert into keyword values (36285, 'Content based retrieval');
insert into keyword values (36285, 'Internet');
insert into citing values (36285, 31360);
insert into citing values (36285, 30542);
insert into citing values (36285, 30425);
insert into citing values (36285, 30999);
insert into journal values (37876, 576, 'Locking performance in a shared nothing parallel database machine', 'subscriber only', TO_DATE('2021/03/13', 'yyyy-mm-dd'), 5, 52, 'IEEE Internet of Things Journal');
insert into keyword values (37876, 'Bioinformatics');
insert into keyword values (37876, 'Proteins');
insert into keyword values (37876, 'Lungs');
insert into citing values (37876, 35831);
insert into citing values (37876, 33938);
insert into citing values (37876, 32324);
insert into journal values (36760, 1682, 'Logic-based query optimization for object databases', 'subscriber only', TO_DATE('2020/07/17', 'yyyy-mm-dd'), 29, 25, 'IEEE Internet of Things Journal');
insert into keyword values (36760, 'Availability');
insert into keyword values (36760, 'Database languages');
insert into keyword values (36760, 'Bioinformatics');
insert into keyword values (36760, 'Internet');
insert into citing values (36760, 34029);
insert into citing values (36760, 30960);
insert into citing values (36760, 39734);
insert into citing values (36760, 31756);
insert into citing values (36760, 33938);
insert into citing values (36760, 30837);
insert into journal values (34680, 1993, 'Logic-based query optimization for object databases', 'public', TO_DATE('2012/05/30', 'yyyy-mm-dd'), 16, 83, 'Information Fusion');
insert into keyword values (34680, 'Indexes');
insert into keyword values (34680, 'Deductive databases');
insert into keyword values (34680, 'Fingerprint recognition');
insert into keyword values (34680, 'Computer science');
insert into citing values (34680, 35804);
insert into citing values (34680, 38572);
insert into citing values (34680, 35076);
insert into journal values (33294, 2351, 'Managing deadline miss ratio and sensor data freshness in real-time databases', 'public', TO_DATE('2016/03/14', 'yyyy-mm-dd'), 44, 86, 'IEEE Transactions on Systems, Man, and Cybernetics: Systems');
insert into keyword values (33294, 'Sensor phenomena and characterization');
insert into keyword values (33294, 'Image retrieval');
insert into keyword values (33294, 'Mathematics');
insert into keyword values (33294, 'Image databases');
insert into citing values (33294, 34135);
insert into citing values (33294, 37484);
insert into citing values (33294, 39585);
insert into citing values (33294, 39779);
insert into citing values (33294, 37496);
insert into citing values (33294, 37231);
insert into citing values (33294, 33366);
insert into citing values (33294, 32373);
insert into journal values (35659, 2725, 'Mapping RDF Databases to Property Graph Databases', 'subscriber only', TO_DATE('1999/03/03', 'yyyy-mm-dd'), 2, 34, 'IEEE Transactions on Fuzzy Systems');
insert into keyword values (35659, 'Fingerprint recognition');
insert into keyword values (35659, 'Lungs');
insert into keyword values (35659, 'Image databases');
insert into keyword values (35659, 'Multidimensional systems');
insert into citing values (35659, 30069);
insert into citing values (35659, 30964);
insert into citing values (35659, 34143);
insert into citing values (35659, 30101);
insert into journal values (39299, 2255, 'Mining multiple-level association rules in large databases', 'subscriber only', TO_DATE('2013/06/28', 'yyyy-mm-dd'), 1, 88, 'Advances in Computers');
insert into keyword values (39299, 'Iris');
insert into keyword values (39299, 'Fingerprint recognition');
insert into keyword values (39299, 'Bioinformatics');
insert into keyword values (39299, 'Indexing');
insert into keyword values (39299, 'Mathematics');
insert into keyword values (39299, 'Uncertainty');
insert into citing values (39299, 38202);
insert into citing values (39299, 38633);
insert into citing values (39299, 30964);
insert into journal values (31500, 1185, 'Mobile access to biological databases on the Internet', 'subscriber only', TO_DATE('2019/07/26', 'yyyy-mm-dd'), 8, 31, 'IEEE Internet of Things Journal');
insert into keyword values (31500, 'Genomics');
insert into keyword values (31500, 'Information retrieval');
insert into keyword values (31500, 'Hardware');
insert into keyword values (31500, 'Image retrieval');
insert into citing values (31500, 39734);
insert into citing values (31500, 39299);
insert into citing values (31500, 36412);
insert into citing values (31500, 30964);
insert into journal values (33938, 261, 'Model Transformations for Development of Object-Relational Databases', 'public', TO_DATE('1988/02/23', 'yyyy-mm-dd'), 4, 8, 'IEEE Communications Magazine');
insert into keyword values (33938, 'Iris');
insert into keyword values (33938, 'Object oriented databases');
insert into keyword values (33938, 'Biosensors');
insert into keyword values (33938, 'Indexing');
insert into keyword values (33938, 'Database systems');
insert into keyword values (33938, 'Proteins');
insert into citing values (33938, 31666);
insert into citing values (33938, 32697);
insert into citing values (33938, 30542);
insert into citing values (33938, 37800);
insert into citing values (33938, 37218);
insert into citing values (33938, 34029);
insert into journal values (33356, 1794, 'Modeling Image Data for Effective Indexing and Retrieval in Large General Image Databases', 'public', TO_DATE('2004/07/17', 'yyyy-mm-dd'), 26, 51, 'International Journal of Information Management');
insert into keyword values (33356, 'Deductive databases');
insert into keyword values (33356, 'Optimization methods');
insert into keyword values (33356, 'Machinery');
insert into keyword values (33356, 'Mathematics');
insert into keyword values (33356, 'Multimodal sensors');
insert into keyword values (33356, 'Middleware');
insert into citing values (33356, 36471);
insert into citing values (33356, 37888);
insert into citing values (33356, 35171);
insert into citing values (33356, 35130);
insert into citing values (33356, 30999);
insert into citing values (33356, 30964);
insert into citing values (33356, 33897);
insert into citing values (33356, 39160);
insert into citing values (33356, 33070);
insert into journal values (33324, 1742, 'Modelling Test Views for Graph Database Applications', 'subscriber only', TO_DATE('2018/12/28', 'yyyy-mm-dd'), 9, 88, 'Information Systems Research');
insert into keyword values (33324, 'Indexing');
insert into keyword values (33324, 'Marine vehicles');
insert into keyword values (33324, 'Bioinformatics');
insert into citing values (33324, 35659);
insert into citing values (33324, 36163);
insert into citing values (33324, 37068);
insert into citing values (33324, 32588);
insert into citing values (33324, 36750);
insert into journal values (31616, 991, 'Modelling Test Views for Graph Database Applications', 'subscriber only', TO_DATE('2009/02/24', 'yyyy-mm-dd'), 12, 47, 'ISPRS Journal of Photogrammetry and Remote Sensing');
insert into keyword values (31616, 'Indexes');
insert into keyword values (31616, 'Machinery');
insert into keyword values (31616, 'Content based retrieval');
insert into keyword values (31616, 'Database languages');
insert into citing values (31616, 34064);
insert into citing values (31616, 36062);
insert into citing values (31616, 35804);
insert into citing values (31616, 39541);
insert into citing values (31616, 38045);
insert into citing values (31616, 38379);
insert into citing values (31616, 33625);
insert into journal values (33024, 1489, 'More efficient location tracking in PCS systems using a novel distributed database system', 'public', TO_DATE('2021/08/30', 'yyyy-mm-dd'), 13, 37, 'Internet and Higher Education');
insert into keyword values (33024, 'Fingerprint recognition');
insert into keyword values (33024, 'Genomics');
insert into keyword values (33024, 'Data engineering');
insert into citing values (33024, 38202);
insert into citing values (33024, 37800);
insert into citing values (33024, 35337);
insert into citing values (33024, 34484);
insert into citing values (33024, 35171);
insert into citing values (33024, 36470);
insert into citing values (33024, 31753);
insert into journal values (38549, 2712, 'Multiple similarity queries: a basic DBMS operation for mining in metric databases', 'public', TO_DATE('2012/09/20', 'yyyy-mm-dd'), 15, 62, 'Information Fusion');
insert into keyword values (38549, 'RFID tags');
insert into keyword values (38549, 'Prototypes');
insert into keyword values (38549, 'Spatiotemporal phenomena');
insert into citing values (38549, 31798);
insert into citing values (38549, 31756);
insert into citing values (38549, 37876);
insert into citing values (38549, 33480);
insert into citing values (38549, 31994);
insert into citing values (38549, 31666);
insert into citing values (38549, 36375);
insert into citing values (38549, 33459);
insert into journal values (38572, 299, 'Multiple similarity queries: a basic DBMS operation for mining in metric databases', 'subscriber only', TO_DATE('2000/05/06', 'yyyy-mm-dd'), 1, 60, 'International Journal of Computer Vision');
insert into keyword values (38572, 'Global Positioning System');
insert into keyword values (38572, 'Internet');
insert into keyword values (38572, 'Hardware');
insert into keyword values (38572, 'Information retrieval');
insert into keyword values (38572, 'RFID tags');
insert into keyword values (38572, 'Query processing');
insert into keyword values (38572, 'Prototypes');
insert into citing values (38572, 36438);
insert into citing values (38572, 38633);
insert into citing values (38572, 31069);
insert into citing values (38572, 37096);
insert into citing values (38572, 36470);
insert into citing values (38572, 36282);
insert into journal values (39810, 1952, 'Network-Matched Trajectory-Based Moving-Object Database: Models and Applications', 'subscriber only', TO_DATE('1990/03/22', 'yyyy-mm-dd'), 15, 26, 'International Journal of Computer Vision');
insert into keyword values (39810, 'Biosensors');
insert into keyword values (39810, 'Middleware');
insert into keyword values (39810, 'Internet');
insert into citing values (39810, 33366);
insert into citing values (39810, 31616);
insert into citing values (39810, 38572);
insert into citing values (39810, 36810);
insert into citing values (39810, 33837);
insert into citing values (39810, 36412);
insert into citing values (39810, 32466);
insert into journal values (36470, 1427, 'Nonmonotonic Inheritance in Object‐Oriented Deductive Database Languages', 'subscriber only', TO_DATE('2019/09/18', 'yyyy-mm-dd'), 26, 12, 'International Journal of Information Management');
insert into keyword values (36470, 'Application software');
insert into keyword values (36470, 'Optimization methods');
insert into keyword values (36470, 'Database systems');
insert into keyword values (36470, 'Mathematics');
insert into keyword values (36470, 'Uncertainty');
insert into keyword values (36470, 'Proposals');
insert into citing values (36470, 35893);
insert into citing values (36470, 36117);
insert into citing values (36470, 36412);
insert into citing values (36470, 33897);
insert into citing values (36470, 32697);
insert into citing values (36470, 30069);
insert into journal values (33979, 2971, 'OSAM*.KBMS/P: a parallel, active, object-oriented knowledge base server', 'public', TO_DATE('1973/10/17', 'yyyy-mm-dd'), 22, 12, 'International Journal of Computer Vision');
insert into keyword values (33979, 'Computer Society');
insert into keyword values (33979, 'Indexes');
insert into keyword values (33979, 'Database systems');
insert into keyword values (33979, 'Hardware');
insert into keyword values (33979, 'Computer science');
insert into keyword values (33979, 'Middleware');
insert into keyword values (33979, 'Runtime');
insert into citing values (33979, 38633);
insert into citing values (33979, 34881);
insert into citing values (33979, 38202);
insert into citing values (33979, 32664);
insert into journal values (31360, 2714, 'OSSI-PET: Open-Access Database of Simulated $[^{11}{\rm C]Raclopride}$ Scans for the Inveon Preclinical PET Scanner: Application to the Optimization of Reconstruction Methods for Dynamic Studies', 'subscriber only', TO_DATE('2018/02/23', 'yyyy-mm-dd'), 36, 26, 'International Journal of Information Management');
insert into keyword values (31360, 'Query processing');
insert into keyword values (31360, 'Bioinformatics');
insert into keyword values (31360, 'Image retrieval');
insert into keyword values (31360, 'Prototypes');
insert into keyword values (31360, 'Internet');
insert into citing values (31360, 37297);
insert into citing values (31360, 38122);
insert into citing values (31360, 37876);
insert into citing values (31360, 32778);
insert into citing values (31360, 39809);
insert into citing values (31360, 33630);
insert into citing values (31360, 33459);
insert into journal values (38147, 2029, 'On modeling cost functions for object-oriented databases', 'subscriber only', TO_DATE('2001/08/15', 'yyyy-mm-dd'), 19, 49, 'IEEE Transactions on Smart Grid');
insert into keyword values (38147, 'Entropy');
insert into keyword values (38147, 'Internet');
insert into keyword values (38147, 'Fingerprint recognition');
insert into keyword values (38147, 'Navigation');
insert into keyword values (38147, 'Artificial intelligence');
insert into keyword values (38147, 'Indexes');
insert into keyword values (38147, 'Poles and towers');
insert into citing values (38147, 36412);
insert into citing values (38147, 38800);
insert into citing values (38147, 35171);
insert into journal values (39779, 1421, 'On satisfiability, equivalence, and implication problems involving conjunctive queries in database systems', 'subscriber only', TO_DATE('2012/03/21', 'yyyy-mm-dd'), 23, 53, 'IEEE Journal on Selected Areas in Communications');
insert into keyword values (39779, 'Biometrics');
insert into keyword values (39779, 'Runtime');
insert into keyword values (39779, 'Middleware');
insert into citing values (39779, 32939);
insert into citing values (39779, 34484);
insert into citing values (39779, 39809);
insert into journal values (33148, 1410, 'OncoPET_DB: A Freely Distributed Database of Realistic Simulated Whole Body 18F-FDG PET Images for Oncology', 'public', TO_DATE('2004/07/18', 'yyyy-mm-dd'), 10, 93, 'IEEE Transactions on Smart Grid');
insert into keyword values (33148, 'Entropy');
insert into keyword values (33148, 'Database systems');
insert into keyword values (33148, 'RFID tags');
insert into keyword values (33148, 'Uncertainty');
insert into keyword values (33148, 'Internet');
insert into keyword values (33148, 'Runtime');
insert into keyword values (33148, 'Poles and towers');
insert into citing values (33148, 36471);
insert into citing values (33148, 31666);
insert into citing values (33148, 34143);
insert into citing values (33148, 31616);
insert into citing values (33148, 38080);
insert into citing values (33148, 37297);
insert into journal values (31059, 664, 'Online Index Recommendations for High-Dimensional Databases Using Query Workloads', 'subscriber only', TO_DATE('2017/10/27', 'yyyy-mm-dd'), 5, 89, 'IEEE Communications Magazine');
insert into keyword values (31059, 'Multimedia databases');
insert into keyword values (31059, 'Proposals');
insert into keyword values (31059, 'Content based retrieval');
insert into keyword values (31059, 'Application software');
insert into citing values (31059, 38122);
insert into citing values (31059, 38379);
insert into citing values (31059, 31069);
insert into citing values (31059, 38502);
insert into citing values (31059, 36797);
insert into journal values (30999, 2086, 'Optimal-Location-Selection Query Processing in Spatial Databases', 'public', TO_DATE('2009/11/28', 'yyyy-mm-dd'), 17, 16, 'IEEE Journal on Selected Areas in Communications');
insert into keyword values (30999, 'Object oriented databases');
insert into keyword values (30999, 'Fingerprint recognition');
insert into keyword values (30999, 'Multimodal sensors');
insert into citing values (30999, 39152);
insert into citing values (30999, 35571);
insert into citing values (30999, 35171);
insert into citing values (30999, 37876);
insert into citing values (30999, 31994);
insert into journal values (37216, 365, 'Parallel execution of hash joins in parallel databases', 'public', TO_DATE('2014/07/10', 'yyyy-mm-dd'), 5, 36, 'ACM Transactions on Graphics');
insert into keyword values (37216, 'Query processing');
insert into keyword values (37216, 'Mathematics');
insert into keyword values (37216, 'Indexing');
insert into keyword values (37216, 'Deductive databases');
insert into keyword values (37216, 'Data processing');
insert into keyword values (37216, 'Sensor phenomena and characterization');
insert into keyword values (37216, 'Entropy');
insert into citing values (37216, 37340);
insert into citing values (37216, 36797);
insert into citing values (37216, 38633);
insert into citing values (37216, 33261);
insert into citing values (37216, 38122);
insert into citing values (37216, 34484);
insert into journal values (39808, 1974, 'Performance analysis of R*-trees with arbitrary node extents', 'subscriber only', TO_DATE('2019/06/07', 'yyyy-mm-dd'), 1, 34, 'IEEE Internet of Things Journal');
insert into keyword values (39808, 'Spatial databases');
insert into keyword values (39808, 'Sensor phenomena and characterization');
insert into keyword values (39808, 'Uncertainty');
insert into keyword values (39808, 'Artificial intelligence');
insert into keyword values (39808, 'Image retrieval');
insert into keyword values (39808, 'Application software');
insert into keyword values (39808, 'Global Positioning System');
insert into citing values (39808, 37096);
insert into citing values (39808, 34871);
insert into citing values (39808, 32473);
insert into citing values (39808, 39299);
insert into citing values (39808, 32935);
insert into citing values (39808, 39810);
insert into citing values (39808, 30425);
insert into journal values (37210, 2818, 'Performance analysis of parallel query processing algorithms for object-oriented databases', 'subscriber only', TO_DATE('2011/11/15', 'yyyy-mm-dd'), 33, 30, 'Information and Organization');
insert into keyword values (37210, 'Computer science');
insert into keyword values (37210, 'Relational databases');
insert into keyword values (37210, 'Navigation');
insert into keyword values (37210, 'Indexes');
insert into keyword values (37210, 'Image databases');
insert into keyword values (37210, 'Multimedia databases');
insert into keyword values (37210, 'Data processing');
insert into citing values (37210, 36753);
insert into citing values (37210, 39152);
insert into citing values (37210, 39809);
insert into citing values (37210, 33854);
insert into citing values (37210, 32230);
insert into citing values (37210, 33871);
insert into citing values (37210, 37340);
insert into citing values (37210, 35571);
insert into journal values (38502, 2916, 'Performance modeling of distributed and replicated databases', 'public', TO_DATE('2021/03/12', 'yyyy-mm-dd'), 4, 37, 'Advances in Computers');
insert into keyword values (38502, 'Multidimensional systems');
insert into keyword values (38502, 'Relational databases');
insert into keyword values (38502, 'Uncertainty');
insert into keyword values (38502, 'Internet');
insert into keyword values (38502, 'Data processing');
insert into citing values (38502, 39933);
insert into citing values (38502, 35857);
insert into citing values (38502, 38005);
insert into citing values (38502, 36177);
insert into journal values (39780, 1176, 'Performance modeling of distributed and replicated databases', 'subscriber only', TO_DATE('2012/05/16', 'yyyy-mm-dd'), 10, 79, 'Information Systems Research');
insert into keyword values (39780, 'Artificial intelligence');
insert into keyword values (39780, 'Image databases');
insert into keyword values (39780, 'Genomics');
insert into keyword values (39780, 'Query processing');
insert into citing values (39780, 33177);
insert into citing values (39780, 37282);
insert into citing values (39780, 33593);
insert into citing values (39780, 39299);
insert into citing values (39780, 30227);
insert into citing values (39780, 36810);
insert into journal values (30931, 2481, 'Placegram: A Diagrammatic Map for Personal Geotagged Data Browsing', 'public', TO_DATE('2014/12/10', 'yyyy-mm-dd'), 6, 69, 'Advances in Computers');
insert into keyword values (30931, 'Data processing');
insert into keyword values (30931, 'Indexes');
insert into keyword values (30931, 'Object oriented databases');
insert into keyword values (30931, 'Mathematics');
insert into keyword values (30931, 'Poles and towers');
insert into keyword values (30931, 'Bioinformatics');
insert into citing values (30931, 34143);
insert into citing values (30931, 36438);
insert into citing values (30931, 39271);
insert into citing values (30931, 35171);
insert into citing values (30931, 37016);
insert into citing values (30931, 36753);
insert into citing values (30931, 34393);
insert into citing values (30931, 33736);
insert into citing values (30931, 32150);
insert into journal values (34683, 1621, 'PrefDB: Supporting Preferences as First-Class Citizens in Relational Databases', 'public', TO_DATE('2007/03/23', 'yyyy-mm-dd'), 6, 44, 'Journal of Strategic Information Systems');
insert into keyword values (34683, 'Biometrics');
insert into keyword values (34683, 'Poles and towers');
insert into keyword values (34683, 'Spatiotemporal phenomena');
insert into keyword values (34683, 'Multimodal sensors');
insert into citing values (34683, 32186);
insert into citing values (34683, 33356);
insert into citing values (34683, 33854);
insert into journal values (36753, 1220, 'PressBase : a presentation synchronization database for distributed multimedia systems', 'subscriber only', TO_DATE('2005/08/21', 'yyyy-mm-dd'), 21, 37, 'ISPRS Journal of Photogrammetry and Remote Sensing');
insert into keyword values (36753, 'Biometrics');
insert into keyword values (36753, 'Poles and towers');
insert into keyword values (36753, 'Data processing');
insert into keyword values (36753, 'Entropy');
insert into keyword values (36753, 'Computer Society');
insert into keyword values (36753, 'Application software');
insert into citing values (36753, 37340);
insert into citing values (36753, 39933);
insert into citing values (36753, 38572);
insert into citing values (36753, 33261);
insert into citing values (36753, 33294);
insert into citing values (36753, 37068);
insert into citing values (36753, 37314);
insert into journal values (37016, 2942, 'Privacy Protection of Fingerprint Database', 'public', TO_DATE('2016/02/29', 'yyyy-mm-dd'), 30, 86, 'IEEE Computational Intelligence Magazine');
insert into keyword values (37016, 'Acceleration');
insert into keyword values (37016, 'Deductive databases');
insert into keyword values (37016, 'Marine vehicles');
insert into keyword values (37016, 'Education');
insert into keyword values (37016, 'Spatial databases');
insert into citing values (37016, 30542);
insert into citing values (37016, 34143);
insert into citing values (37016, 37592);
insert into citing values (37016, 36797);
insert into citing values (37016, 39127);
insert into citing values (37016, 31753);
insert into citing values (37016, 36808);
insert into citing values (37016, 36760);
insert into citing values (37016, 39152);
insert into journal values (38941, 2116, 'Privacy-Breaching Patterns in NoSQL Databases', 'public', TO_DATE('2020/02/13', 'yyyy-mm-dd'), 3, 99, 'Molecular Systems Biology');
insert into keyword values (38941, 'Application software');
insert into keyword values (38941, 'Genomics');
insert into keyword values (38941, 'Education');
insert into citing values (38941, 37068);
insert into citing values (38941, 37876);
insert into citing values (38941, 38202);
insert into citing values (38941, 32778);
insert into citing values (38941, 33628);
insert into citing values (38941, 31383);
insert into citing values (38941, 36470);
insert into citing values (38941, 39299);
insert into journal values (31089, 223, 'Protein Construction-Based Data Partitioning Scheme for Alignment of Protein Macromolecular Structures Through Distributed Querying in Federated Databases', 'public', TO_DATE('1993/09/29', 'yyyy-mm-dd'), 3, 70, 'Radiology: Artificial Intelligence');
insert into keyword values (31089, 'Object oriented databases');
insert into keyword values (31089, 'Relational databases');
insert into keyword values (31089, 'Computer science');
insert into citing values (31089, 32565);
insert into citing values (31089, 35035);
insert into citing values (31089, 33628);
insert into citing values (31089, 33415);
insert into citing values (31089, 33324);
insert into citing values (31089, 30960);
insert into citing values (31089, 38572);
insert into citing values (31089, 35918);
insert into citing values (31089, 30125);
insert into journal values (35076, 2551, 'Proving Consistency of Database Transactions Written in Extended Pascal', 'public', TO_DATE('2012/06/29', 'yyyy-mm-dd'), 12, 0, 'Wiley Interdisciplinary Reviews: Computational Molecular Science');
insert into keyword values (35076, 'Data processing');
insert into keyword values (35076, 'Availability');
insert into keyword values (35076, 'Middleware');
insert into citing values (35076, 36438);
insert into citing values (35076, 37800);
insert into citing values (35076, 39585);
insert into citing values (35076, 34680);
insert into citing values (35076, 33901);
insert into citing values (35076, 34683);
insert into citing values (35076, 38005);
insert into citing values (35076, 32565);
insert into citing values (35076, 33938);
insert into journal values (35337, 253, 'Query languages for sequence databases: termination and complexity', 'subscriber only', TO_DATE('1987/11/27', 'yyyy-mm-dd'), 3, 82, 'IEEE Transactions on Systems, Man, and Cybernetics: Systems');
insert into keyword values (35337, 'Education');
insert into keyword values (35337, 'Entropy');
insert into keyword values (35337, 'Middleware');
insert into keyword values (35337, 'Machinery');
insert into keyword values (35337, 'Image retrieval');
insert into citing values (35337, 32565);
insert into citing values (35337, 38122);
insert into citing values (35337, 38572);
insert into citing values (35337, 37216);
insert into citing values (35337, 35831);
insert into citing values (35337, 31994);
insert into citing values (35337, 36412);
insert into journal values (39252, 1919, 'Query languages for sequence databases: termination and complexity', 'public', TO_DATE('2017/02/10', 'yyyy-mm-dd'), 31, 14, 'IEEE Journal on Selected Areas in Communications');
insert into keyword values (39252, 'Image databases');
insert into keyword values (39252, 'Object oriented databases');
insert into keyword values (39252, 'Bioinformatics');
insert into keyword values (39252, 'Artificial intelligence');
insert into citing values (39252, 31756);
insert into citing values (39252, 30837);
insert into citing values (39252, 37282);
insert into citing values (39252, 33625);
insert into citing values (39252, 33897);
insert into journal values (30761, 1163, 'Query optimization for nontraditional database applications', 'subscriber only', TO_DATE('1981/09/24', 'yyyy-mm-dd'), 6, 17, 'IEEE Transactions on Evolutionary Computation');
insert into keyword values (30761, 'Multimedia databases');
insert into keyword values (30761, 'Lungs');
insert into keyword values (30761, 'Deductive databases');
insert into keyword values (30761, 'Biometrics');
insert into keyword values (30761, 'Data processing');
insert into keyword values (30761, 'Proteins');
insert into keyword values (30761, 'Genomics');
insert into citing values (30761, 32158);
insert into citing values (30761, 36470);
insert into citing values (30761, 31753);
insert into citing values (30761, 30999);
insert into journal values (37800, 632, 'Querying Hyperset/Web-Like Databases', 'public', TO_DATE('2014/09/03', 'yyyy-mm-dd'), 1, 14, 'Information Systems Research');
insert into keyword values (37800, 'Navigation');
insert into keyword values (37800, 'Mathematics');
insert into keyword values (37800, 'Database languages');
insert into keyword values (37800, 'Availability');
insert into keyword values (37800, 'Iris');
insert into keyword values (37800, 'Internet');
insert into keyword values (37800, 'Multimedia databases');
insert into citing values (37800, 39933);
insert into citing values (37800, 31868);
insert into citing values (37800, 34674);
insert into citing values (37800, 33302);
insert into journal values (35229, 52, 'Querying distributed multimedia databases and data sources for sensor data fusion', 'public', TO_DATE('1997/03/29', 'yyyy-mm-dd'), 0, 84, 'IEEE Transactions on Wireless Communications');
insert into keyword values (35229, 'Biosensors');
insert into keyword values (35229, 'Marine vehicles');
insert into keyword values (35229, 'Information retrieval');
insert into keyword values (35229, 'Spatiotemporal phenomena');
insert into keyword values (35229, 'Database languages');
insert into keyword values (35229, 'Optimization methods');
insert into keyword values (35229, 'Entropy');
insert into citing values (35229, 36510);
insert into citing values (35229, 36282);
insert into citing values (35229, 36020);
insert into citing values (35229, 32324);
insert into citing values (35229, 34143);
insert into citing values (35229, 33415);
insert into citing values (35229, 36285);
insert into journal values (34143, 1358, 'RSwitch: A Novel Bioinformatics Database on Riboswitches as Antibacterial Drug Targets', 'subscriber only', TO_DATE('1999/04/18', 'yyyy-mm-dd'), 13, 36, 'IEEE Transactions on Robotics');
insert into keyword values (34143, 'Uncertainty');
insert into keyword values (34143, 'Content based retrieval');
insert into keyword values (34143, 'Biosensors');
insert into keyword values (34143, 'Database systems');
insert into keyword values (34143, 'Runtime');
insert into keyword values (34143, 'Global Positioning System');
insert into keyword values (34143, 'Middleware');
insert into citing values (34143, 33302);
insert into citing values (34143, 31868);
insert into citing values (34143, 37334);
insert into citing values (34143, 31089);
insert into citing values (34143, 37754);
insert into citing values (34143, 38122);
insert into citing values (34143, 37340);
insert into citing values (34143, 35893);
insert into journal values (34064, 2315, 'Relational Databases with Ordered Relations', 'subscriber only', TO_DATE('2020/01/14', 'yyyy-mm-dd'), 25, 85, 'Radiology: Artificial Intelligence');
insert into keyword values (34064, 'Entropy');
insert into keyword values (34064, 'Prototypes');
insert into keyword values (34064, 'Marine vehicles');
insert into citing values (34064, 35654);
insert into citing values (34064, 37484);
insert into citing values (34064, 35076);
insert into citing values (34064, 39809);
insert into citing values (34064, 34135);
insert into citing values (34064, 37876);
insert into citing values (34064, 32935);
insert into citing values (34064, 30157);
insert into citing values (34064, 37314);
insert into journal values (37096, 2773, 'Rewriting rules to permeate complex similarity and fuzzy queries within a relational database system', 'subscriber only', TO_DATE('2019/10/14', 'yyyy-mm-dd'), 46, 49, 'IEEE Transactions on Systems, Man, and Cybernetics: Systems');
insert into keyword values (37096, 'Query processing');
insert into keyword values (37096, 'Internet');
insert into keyword values (37096, 'Machinery');
insert into citing values (37096, 33415);
insert into citing values (37096, 30177);
insert into citing values (37096, 33302);
insert into citing values (37096, 32158);
insert into citing values (37096, 39808);
insert into citing values (37096, 33979);
insert into citing values (37096, 30964);
insert into citing values (37096, 36412);
insert into journal values (36438, 1613, 'Rules-based object-relational databases ontology construction', 'public', TO_DATE('2010/10/06', 'yyyy-mm-dd'), 5, 88, 'IEEE Computational Intelligence Magazine');
insert into keyword values (36438, 'Machinery');
insert into keyword values (36438, 'Sensor phenomena and characterization');
insert into keyword values (36438, 'Fuzzy systems');
insert into keyword values (36438, 'Poles and towers');
insert into citing values (36438, 33177);
insert into citing values (36438, 38572);
insert into citing values (36438, 32158);
insert into citing values (36438, 32697);
insert into journal values (30177, 2660, 'SEWA DB: A Rich Database for Audio-Visual Emotion and Sentiment Research in the Wild', 'subscriber only', TO_DATE('2007/11/23', 'yyyy-mm-dd'), 38, 71, 'IEEE Computational Intelligence Magazine');
insert into keyword values (30177, 'Education');
insert into keyword values (30177, 'Biosensors');
insert into keyword values (30177, 'Iris');
insert into keyword values (30177, 'Query processing');
insert into citing values (30177, 36117);
insert into citing values (30177, 39160);
insert into citing values (30177, 32255);
insert into citing values (30177, 31500);
insert into journal values (37592, 73, 'SPOT Databases: Efficient Consistency Checking and Optimistic Selection in Probabilistic Spatial Databases', 'public', TO_DATE('2010/12/28', 'yyyy-mm-dd'), 0, 70, 'IEEE Transactions on Fuzzy Systems');
insert into keyword values (37592, 'Mathematics');
insert into keyword values (37592, 'Biometrics');
insert into keyword values (37592, 'Genomics');
insert into citing values (37592, 38941);
insert into citing values (37592, 37216);
insert into citing values (37592, 35076);
insert into citing values (37592, 33459);
insert into citing values (37592, 39299);
insert into citing values (37592, 33177);
insert into citing values (37592, 37644);
insert into journal values (39541, 1219, 'SYGRAF: implementing logic programs in a database style', 'public', TO_DATE('1999/05/03', 'yyyy-mm-dd'), 1, 95, 'International Journal of Computer Vision');
insert into keyword values (39541, 'Prototypes');
insert into keyword values (39541, 'Poles and towers');
insert into keyword values (39541, 'Computer science');
insert into keyword values (39541, 'Education');
insert into keyword values (39541, 'Proteins');
insert into keyword values (39541, 'Genomics');
insert into citing values (39541, 31500);
insert into citing values (39541, 35522);
insert into citing values (39541, 30101);
insert into citing values (39541, 33294);
insert into citing values (39541, 32697);
insert into citing values (39541, 37096);
insert into citing values (39541, 32473);
insert into citing values (39541, 39127);
insert into citing values (39541, 34674);
insert into journal values (30542, 838, 'Schema Vacuuming in Temporal Databases', 'subscriber only', TO_DATE('2017/01/23', 'yyyy-mm-dd'), 4, 43, 'Advances in Computers');
insert into keyword values (30542, 'Multimodal sensors');
insert into keyword values (30542, 'Iris');
insert into keyword values (30542, 'Middleware');
insert into keyword values (30542, 'Marine vehicles');
insert into keyword values (30542, 'Multimedia databases');
insert into keyword values (30542, 'Uncertainty');
insert into citing values (30542, 37334);
insert into citing values (30542, 39780);
insert into citing values (30542, 35654);
insert into journal values (33901, 2940, 'Security Architecture for a Secure Database on Android', 'subscriber only', TO_DATE('2008/04/06', 'yyyy-mm-dd'), 12, 4, 'IEEE Computational Intelligence Magazine');
insert into keyword values (33901, 'Iris');
insert into keyword values (33901, 'RFID tags');
insert into keyword values (33901, 'Optimization methods');
insert into keyword values (33901, 'Genomics');
insert into keyword values (33901, 'Database languages');
insert into keyword values (33901, 'Application software');
insert into keyword values (33901, 'Fuzzy systems');
insert into citing values (33901, 37340);
insert into citing values (33901, 36810);
insert into citing values (33901, 31460);
insert into citing values (33901, 35857);
insert into citing values (33901, 33459);
insert into journal values (32778, 1286, 'Security Architecture for a Secure Database on Android', 'subscriber only', TO_DATE('2008/04/18', 'yyyy-mm-dd'), 1, 54, 'ACM Computing Surveys');
insert into keyword values (32778, 'Uncertainty');
insert into keyword values (32778, 'Entropy');
insert into keyword values (32778, 'Lungs');
insert into keyword values (32778, 'Middleware');
insert into keyword values (32778, 'Bioinformatics');
insert into keyword values (32778, 'Image retrieval');
insert into citing values (32778, 30931);
insert into citing values (32778, 37644);
insert into citing values (32778, 35654);
insert into citing values (32778, 32186);
insert into citing values (32778, 33897);
insert into journal values (36808, 1284, 'Shortest Semijoin Schedule for a Local Area Distributed Database System', 'public', TO_DATE('2012/01/21', 'yyyy-mm-dd'), 21, 51, 'IEEE Journal on Selected Areas in Communications');
insert into keyword values (36808, 'Lungs');
insert into keyword values (36808, 'Relational databases');
insert into keyword values (36808, 'Application software');
insert into keyword values (36808, 'Machinery');
insert into keyword values (36808, 'Global Positioning System');
insert into keyword values (36808, 'Marine vehicles');
insert into citing values (36808, 31360);
insert into citing values (36808, 37096);
insert into citing values (36808, 38202);
insert into citing values (36808, 31756);
insert into citing values (36808, 31666);
insert into citing values (36808, 32167);
insert into citing values (36808, 30425);
insert into citing values (36808, 38549);
insert into journal values (33261, 1917, 'Similarity searching in medical image databases', 'public', TO_DATE('2003/04/17', 'yyyy-mm-dd'), 34, 58, 'IEEE Transactions on Systems, Man, and Cybernetics: Systems');
insert into keyword values (33261, 'Global Positioning System');
insert into keyword values (33261, 'Proteins');
insert into keyword values (33261, 'Genomics');
insert into keyword values (33261, 'Internet');
insert into keyword values (33261, 'Application software');
insert into citing values (33261, 33628);
insert into citing values (33261, 31360);
insert into citing values (33261, 39933);
insert into citing values (33261, 36753);
insert into journal values (32697, 2116, 'Similarity searching in medical image databases', 'public', TO_DATE('1995/12/31', 'yyyy-mm-dd'), 26, 19, 'IEEE Transactions on Systems, Man, and Cybernetics: Systems');
insert into keyword values (32697, 'Prototypes');
insert into keyword values (32697, 'Availability');
insert into keyword values (32697, 'Sensor phenomena and characterization');
insert into citing values (32697, 39812);
insert into citing values (32697, 33854);
insert into citing values (32697, 37800);
insert into citing values (32697, 37747);
insert into citing values (32697, 39809);
insert into citing values (32697, 32939);
insert into citing values (32697, 35522);
insert into journal values (35804, 2348, 'Some design aspects of databases through Petri net modeling', 'public', TO_DATE('2000/02/27', 'yyyy-mm-dd'), 29, 32, 'International Journal of Information Management');
insert into keyword values (35804, 'Object oriented databases');
insert into keyword values (35804, 'Biometrics');
insert into keyword values (35804, 'Image databases');
insert into keyword values (35804, 'Multidimensional systems');
insert into keyword values (35804, 'Poles and towers');
insert into citing values (35804, 30413);
insert into citing values (35804, 34683);
insert into citing values (35804, 39252);
insert into citing values (35804, 37218);
insert into citing values (35804, 37216);
insert into citing values (35804, 37888);
insert into citing values (35804, 37210);
insert into journal values (31069, 1546, 'State-space optimization of ETL workflows', 'subscriber only', TO_DATE('1977/11/10', 'yyyy-mm-dd'), 24, 86, 'IEEE Transactions on Evolutionary Computation');
insert into keyword values (31069, 'Optimization methods');
insert into keyword values (31069, 'Database systems');
insert into keyword values (31069, 'Poles and towers');
insert into keyword values (31069, 'Indexing');
insert into keyword values (31069, 'Indexes');
insert into citing values (31069, 37068);
insert into citing values (31069, 34287);
insert into citing values (31069, 32373);
insert into citing values (31069, 34674);
insert into citing values (31069, 36375);
insert into citing values (31069, 32988);
insert into citing values (31069, 33415);
insert into citing values (31069, 33261);
insert into journal values (33366, 2600, 'Statistical and Scientific Database Issues', 'public', TO_DATE('2019/06/09', 'yyyy-mm-dd'), 28, 16, 'Molecular Systems Biology');
insert into keyword values (33366, 'Poles and towers');
insert into keyword values (33366, 'Data engineering');
insert into keyword values (33366, 'Fuzzy systems');
insert into keyword values (33366, 'Fingerprint recognition');
insert into keyword values (33366, 'Internet');
insert into keyword values (33366, 'Uncertainty');
insert into citing values (33366, 37597);
insert into citing values (33366, 32466);
insert into citing values (33366, 32939);
insert into citing values (33366, 39442);
insert into citing values (33366, 39809);
insert into citing values (33366, 35250);
insert into journal values (37231, 1409, 'Superviews: Virtual Integration of Multiple Databases', 'public', TO_DATE('2017/12/14', 'yyyy-mm-dd'), 12, 34, 'IEEE Journal on Selected Areas in Communications');
insert into keyword values (37231, 'Entropy');
insert into keyword values (37231, 'Database systems');
insert into keyword values (37231, 'Biometrics');
insert into keyword values (37231, 'Runtime');
insert into keyword values (37231, 'Bioinformatics');
insert into citing values (37231, 33481);
insert into citing values (37231, 39160);
insert into citing values (37231, 39299);
insert into citing values (37231, 39271);
insert into citing values (37231, 31089);
insert into citing values (37231, 32167);
insert into journal values (36797, 2901, 'Teallach: a model-based user interface development environment for object databases', 'subscriber only', TO_DATE('2010/05/01', 'yyyy-mm-dd'), 48, 83, 'IEEE Transactions on Robotics');
insert into keyword values (36797, 'Uncertainty');
insert into keyword values (36797, 'Runtime');
insert into keyword values (36797, 'Proteins');
insert into keyword values (36797, 'Database languages');
insert into keyword values (36797, 'Database systems');
insert into keyword values (36797, 'Hardware');
insert into keyword values (36797, 'Data processing');
insert into citing values (36797, 30960);
insert into citing values (36797, 32588);
insert into citing values (36797, 33148);
insert into citing values (36797, 32230);
insert into citing values (36797, 36750);
insert into citing values (36797, 36471);
insert into citing values (36797, 33269);
insert into journal values (33897, 1939, 'Temporal association algebra: a mathematical foundation for processing object-oriented temporal databases', 'subscriber only', TO_DATE('2008/03/11', 'yyyy-mm-dd'), 22, 48, 'MIS Quarterly: Management Information Systems');
insert into keyword values (33897, 'Multidimensional systems');
insert into keyword values (33897, 'Multimedia databases');
insert into keyword values (33897, 'RFID tags');
insert into keyword values (33897, 'Computer Society');
insert into keyword values (33897, 'Artificial intelligence');
insert into citing values (33897, 32150);
insert into citing values (33897, 30542);
insert into citing values (33897, 34287);
insert into journal values (31756, 246, 'Temporal semantic assumptions and their use in databases', 'subscriber only', TO_DATE('1985/04/29', 'yyyy-mm-dd'), 3, 98, 'International Journal of Information Management');
insert into keyword values (31756, 'Optimization methods');
insert into keyword values (31756, 'Relational databases');
insert into keyword values (31756, 'Multimedia databases');
insert into keyword values (31756, 'Uncertainty');
insert into keyword values (31756, 'Spatiotemporal phenomena');
insert into citing values (31756, 34029);
insert into citing values (31756, 31616);
insert into citing values (31756, 38045);
insert into citing values (31756, 33625);
insert into journal values (35831, 1658, 'The ATLAS Experience With Databases for Structured Data With Temporal and Hierarchical Order', 'public', TO_DATE('1971/08/06', 'yyyy-mm-dd'), 25, 46, 'International Journal of Computer Vision');
insert into keyword values (35831, 'Indexing');
insert into keyword values (35831, 'Content based retrieval');
insert into keyword values (35831, 'Image databases');
insert into citing values (35831, 37496);
insert into citing values (35831, 38941);
insert into citing values (35831, 39152);
insert into citing values (35831, 30125);
insert into journal values (37888, 2280, 'The Concurrency Control Mechanism of SDD-1: A System for Distributed Databases (The Fully Redundant Case)', 'subscriber only', TO_DATE('2018/11/07', 'yyyy-mm-dd'), 40, 18, 'Advances in Computers');
insert into keyword values (37888, 'Navigation');
insert into keyword values (37888, 'Lungs');
insert into keyword values (37888, 'Runtime');
insert into keyword values (37888, 'Deductive databases');
insert into keyword values (37888, 'Database languages');
insert into keyword values (37888, 'Marine vehicles');
insert into keyword values (37888, 'Multimedia databases');
insert into citing values (37888, 32697);
insert into citing values (37888, 30413);
insert into citing values (37888, 39974);
insert into journal values (33628, 2620, 'The Impact of Triggers on Forensic Acquisition and Analysis of Databases', 'public', TO_DATE('1984/07/12', 'yyyy-mm-dd'), 18, 78, 'IEEE Transactions on Wireless Communications');
insert into keyword values (33628, 'Image databases');
insert into keyword values (33628, 'Internet');
insert into keyword values (33628, 'Query processing');
insert into citing values (33628, 36797);
insert into citing values (33628, 30761);
insert into citing values (33628, 36062);
insert into citing values (33628, 37959);
insert into citing values (33628, 35918);
insert into citing values (33628, 32473);
insert into citing values (33628, 36587);
insert into citing values (33628, 30413);
insert into citing values (33628, 38684);
insert into journal values (36471, 1095, 'The Model Repository of the Models of Infectious Disease Agent Study', 'public', TO_DATE('1983/08/25', 'yyyy-mm-dd'), 0, 37, 'Wiley Interdisciplinary Reviews: Computational Molecular Science');
insert into keyword values (36471, 'Data engineering');
insert into keyword values (36471, 'Information retrieval');
insert into keyword values (36471, 'Spatiotemporal phenomena');
insert into keyword values (36471, 'Query processing');
insert into keyword values (36471, 'Education');
insert into keyword values (36471, 'Fuzzy systems');
insert into citing values (36471, 31500);
insert into citing values (36471, 32230);
insert into citing values (36471, 39585);
insert into journal values (33070, 2180, 'The Starburst active database rule system', 'subscriber only', TO_DATE('1990/02/19', 'yyyy-mm-dd'), 25, 59, 'Radiology: Artificial Intelligence');
insert into keyword values (33070, 'Spatial databases');
insert into keyword values (33070, 'Indexes');
insert into keyword values (33070, 'Computed tomography');
insert into citing values (33070, 31460);
insert into citing values (33070, 36177);
insert into citing values (33070, 31648);
insert into citing values (33070, 31868);
insert into citing values (33070, 39810);
insert into citing values (33070, 34674);
insert into citing values (33070, 37314);
insert into citing values (33070, 30101);
insert into journal values (34674, 1473, 'The Video Authentication and Camera Identification Database: A New Database for Video Forensics', 'public', TO_DATE('2009/10/29', 'yyyy-mm-dd'), 4, 54, 'IEEE Transactions on Wireless Communications');
insert into keyword values (34674, 'Bioinformatics');
insert into keyword values (34674, 'Uncertainty');
insert into keyword values (34674, 'Database systems');
insert into keyword values (34674, 'Biosensors');
insert into citing values (34674, 37314);
insert into citing values (34674, 32935);
insert into citing values (34674, 34881);
insert into citing values (34674, 30931);
insert into citing values (34674, 34656);
insert into citing values (34674, 31059);
insert into journal values (33480, 209, 'The role of polymorphic reuse mechanisms in schema evolution in an object-oriented database', 'public', TO_DATE('2020/08/09', 'yyyy-mm-dd'), 2, 22, 'Foundations and Trends in Machine Learning');
insert into keyword values (33480, 'Education');
insert into keyword values (33480, 'Optimization methods');
insert into keyword values (33480, 'Proteins');
insert into keyword values (33480, 'Data engineering');
insert into citing values (33480, 30069);
insert into citing values (33480, 39780);
insert into citing values (33480, 32988);
insert into journal values (35130, 1654, 'The role of polymorphic reuse mechanisms in schema evolution in an object-oriented database', 'public', TO_DATE('2011/09/03', 'yyyy-mm-dd'), 31, 40, 'Journal of Strategic Information Systems');
insert into keyword values (35130, 'Fuzzy systems');
insert into keyword values (35130, 'Machinery');
insert into keyword values (35130, 'Fingerprint recognition');
insert into keyword values (35130, 'Marine vehicles');
insert into keyword values (35130, 'Global Positioning System');
insert into citing values (35130, 33593);
insert into citing values (35130, 37888);
insert into citing values (35130, 33269);
insert into citing values (35130, 39779);
insert into citing values (35130, 33070);
insert into citing values (35130, 33736);
insert into journal values (32935, 656, 'Time and Cost Evaluation Schemes of Multiple Copies of Data in Distributed Database Systems', 'subscriber only', TO_DATE('2021/01/23', 'yyyy-mm-dd'), 3, 99, 'IEEE Transactions on Smart Grid');
insert into keyword values (32935, 'Indexing');
insert into keyword values (32935, 'Image retrieval');
insert into keyword values (32935, 'Spatial databases');
insert into keyword values (32935, 'Availability');
insert into citing values (32935, 37210);
insert into citing values (32935, 38080);
insert into citing values (32935, 36810);
insert into citing values (32935, 33480);
insert into citing values (32935, 37484);
insert into citing values (32935, 31616);
insert into citing values (32935, 35035);
insert into citing values (32935, 38122);
insert into citing values (32935, 38633);
insert into journal values (34484, 373, 'Towards the Development of an Integrated Incident Response Model for Database Forensic Investigation Field', 'public', TO_DATE('2016/06/12', 'yyyy-mm-dd'), 4, 91, 'Journal of Management Information Systems');
insert into keyword values (34484, 'Machinery');
insert into keyword values (34484, 'Indexing');
insert into keyword values (34484, 'Multimedia databases');
insert into keyword values (34484, 'Computer Society');
insert into keyword values (34484, 'Image databases');
insert into citing values (34484, 32935);
insert into citing values (34484, 37340);
insert into citing values (34484, 36412);
insert into citing values (34484, 30542);
insert into journal values (34029, 443, 'Transactions and updates in deductive databases', 'subscriber only', TO_DATE('2000/11/14', 'yyyy-mm-dd'), 2, 88, 'Journal of Service Research');
insert into keyword values (34029, 'Navigation');
insert into keyword values (34029, 'Marine vehicles');
insert into keyword values (34029, 'Lungs');
insert into citing values (34029, 33938);
insert into citing values (34029, 34680);
insert into citing values (34029, 36285);
insert into citing values (34029, 37800);
insert into citing values (34029, 35893);
insert into citing values (34029, 39810);
insert into citing values (34029, 32565);
insert into journal values (37068, 445, 'Transactions and updates in deductive databases', 'subscriber only', TO_DATE('2018/06/12', 'yyyy-mm-dd'), 1, 81, 'MIS Quarterly: Management Information Systems');
insert into keyword values (37068, 'Fuzzy systems');
insert into keyword values (37068, 'Marine vehicles');
insert into keyword values (37068, 'Content based retrieval');
insert into keyword values (37068, 'Deductive databases');
insert into keyword values (37068, 'Lungs');
insert into citing values (37068, 36282);
insert into citing values (37068, 33070);
insert into citing values (37068, 37334);
insert into citing values (37068, 35035);
insert into citing values (37068, 33212);
insert into citing values (37068, 36750);
insert into citing values (37068, 32150);
insert into journal values (32593, 391, 'Trigger Learning and ECG Parameter Customization for Remote Cardiac Clinical Care Information System', 'subscriber only', TO_DATE('2017/01/02', 'yyyy-mm-dd'), 3, 71, 'IEEE Transactions on Automatic Control');
insert into keyword values (32593, 'Global Positioning System');
insert into keyword values (32593, 'Acceleration');
insert into keyword values (32593, 'Relational databases');
insert into citing values (32593, 34871);
insert into citing values (32593, 33736);
insert into citing values (32593, 37210);
insert into journal values (33415, 1370, 'Trigger inheritance and overriding in an active object database system', 'public', TO_DATE('1984/04/01', 'yyyy-mm-dd'), 1, 64, 'IEEE Transactions on Evolutionary Computation');
insert into keyword values (33415, 'Spatial databases');
insert into keyword values (33415, 'Mathematics');
insert into keyword values (33415, 'Multimedia databases');
insert into keyword values (33415, 'Database languages');
insert into keyword values (33415, 'Multimodal sensors');
insert into citing values (33415, 30157);
insert into citing values (33415, 37016);
insert into citing values (33415, 36471);
insert into citing values (33415, 36020);
insert into citing values (33415, 33366);
insert into citing values (33415, 32935);
insert into journal values (34135, 1727, 'Unsupervised image-set clustering using an information theoretic framework', 'public', TO_DATE('2018/07/06', 'yyyy-mm-dd'), 13, 74, 'Information Fusion');
insert into keyword values (34135, 'Proteins');
insert into keyword values (34135, 'Multimedia databases');
insert into keyword values (34135, 'Uncertainty');
insert into keyword values (34135, 'Entropy');
insert into keyword values (34135, 'Multimodal sensors');
insert into citing values (34135, 37314);
insert into citing values (34135, 33938);
insert into citing values (34135, 38080);
insert into citing values (34135, 33024);
insert into citing values (34135, 37747);
insert into journal values (34287, 42, 'Using XML technology for the ontology-based semantic integration of life science databases', 'subscriber only', TO_DATE('2000/12/11', 'yyyy-mm-dd'), 0, 4, 'International Journal of Computer Vision');
insert into keyword values (34287, 'Genomics');
insert into keyword values (34287, 'Machinery');
insert into keyword values (34287, 'Marine vehicles');
insert into keyword values (34287, 'Database languages');
insert into keyword values (34287, 'Sensor phenomena and characterization');
insert into keyword values (34287, 'Runtime');
insert into keyword values (34287, 'Poles and towers');
insert into citing values (34287, 31994);
insert into citing values (34287, 32065);
insert into citing values (34287, 36510);
insert into citing values (34287, 36163);
insert into citing values (34287, 31460);
insert into citing values (34287, 35044);
insert into citing values (34287, 32150);
insert into journal values (39974, 258, 'VI-attached database storage', 'subscriber only', TO_DATE('2009/02/17', 'yyyy-mm-dd'), 4, 44, 'International Journal of Computer Vision');
insert into keyword values (39974, 'Database systems');
insert into keyword values (39974, 'Education');
insert into keyword values (39974, 'Uncertainty');
insert into keyword values (39974, 'Data engineering');
insert into keyword values (39974, 'RFID tags');
insert into keyword values (39974, 'Multidimensional systems');
insert into keyword values (39974, 'Fingerprint recognition');
insert into citing values (39974, 34683);
insert into citing values (39974, 32324);
insert into citing values (39974, 33736);
insert into citing values (39974, 31360);
insert into citing values (39974, 37754);
insert into journal values (31648, 2679, 'Valid-Time Indeterminacy in Temporal Relational Databases: Semantics and Representations', 'subscriber only', TO_DATE('2012/12/02', 'yyyy-mm-dd'), 26, 13, 'Information Systems Research');
insert into keyword values (31648, 'Artificial intelligence');
insert into keyword values (31648, 'Deductive databases');
insert into keyword values (31648, 'Global Positioning System');
insert into keyword values (31648, 'Iris');
insert into citing values (31648, 37747);
insert into citing values (31648, 39252);
insert into citing values (31648, 36163);
insert into citing values (31648, 38941);
insert into citing values (31648, 32466);
insert into citing values (31648, 36117);
insert into citing values (31648, 31616);
insert into journal values (33269, 1521, 'Variable independence in constraint databases', 'subscriber only', TO_DATE('2021/05/26', 'yyyy-mm-dd'), 24, 31, 'Information Systems Research');
insert into keyword values (33269, 'RFID tags');
insert into keyword values (33269, 'Uncertainty');
insert into keyword values (33269, 'Database languages');
insert into citing values (33269, 36810);
insert into citing values (33269, 39127);
insert into citing values (33269, 36760);
insert into citing values (33269, 32150);
insert into citing values (33269, 35893);
insert into citing values (33269, 34871);
insert into journal values (36375, 1050, 'Verifiable Auditing for Outsourced Database in Cloud Computing', 'subscriber only', TO_DATE('2021/12/25', 'yyyy-mm-dd'), 13, 49, 'ACM Computing Surveys');
insert into keyword values (36375, 'Availability');
insert into keyword values (36375, 'Application software');
insert into keyword values (36375, 'Genomics');
insert into citing values (36375, 32988);
insert into citing values (36375, 33070);
insert into citing values (36375, 38005);
insert into journal values (33302, 1701, 'Visible Reverse k-Nearest Neighbor Query Processing in Spatial Databases', 'subscriber only', TO_DATE('2018/07/19', 'yyyy-mm-dd'), 28, 39, 'Advances in Computers');
insert into keyword values (33302, 'Uncertainty');
insert into keyword values (33302, 'Deductive databases');
insert into keyword values (33302, 'Proposals');
insert into keyword values (33302, 'Content based retrieval');
insert into keyword values (33302, 'Machinery');
insert into keyword values (33302, 'Poles and towers');
insert into keyword values (33302, 'Sensor phenomena and characterization');
insert into citing values (33302, 31648);
insert into citing values (33302, 38202);
insert into citing values (33302, 39127);




-- subscriber
insert into subscriber values (16774, TO_DATE('2004-09-11', 'yyyy-mm-dd'), TO_DATE('2025-01-06','yyyy-mm-dd'), 'institution', 'Massachusetts Institute of Technology (MIT)');
insert into subscriber values (10644, TO_DATE('2005-03-02', 'yyyy-mm-dd'), TO_DATE('2027-11-24','yyyy-mm-dd'), 'institution', 'University of Cambridge');
insert into subscriber values (19684, TO_DATE('1996-03-21', 'yyyy-mm-dd'), TO_DATE('2027-04-24','yyyy-mm-dd'), 'institution', 'Stanford University');
insert into subscriber values (16141, TO_DATE('2020-07-23', 'yyyy-mm-dd'), TO_DATE('2024-02-15','yyyy-mm-dd'), 'institution', 'University of Oxford');
insert into subscriber values (16773, TO_DATE('1996-11-25', 'yyyy-mm-dd'), TO_DATE('2024-06-29','yyyy-mm-dd'), 'institution', 'Harvard University');
insert into subscriber values (14017, TO_DATE('1993-05-25', 'yyyy-mm-dd'), TO_DATE('2023-01-06','yyyy-mm-dd'), 'institution', 'California Institute of Technology (Caltech)');
insert into subscriber values (19876, TO_DATE('2020-02-11', 'yyyy-mm-dd'), TO_DATE('2030-09-13','yyyy-mm-dd'), 'institution', 'Imperial College London');
insert into subscriber values (15698, TO_DATE('1991-04-12', 'yyyy-mm-dd'), TO_DATE('2029-08-25','yyyy-mm-dd'), 'institution', 'UCL (University College London)');
insert into subscriber values (19465, TO_DATE('2008-03-16', 'yyyy-mm-dd'), TO_DATE('2024-08-04','yyyy-mm-dd'), 'institution', 'ETH Zurich (Swiss Federal Institute of Technology)');
insert into subscriber values (13656, TO_DATE('2017-09-22', 'yyyy-mm-dd'), TO_DATE('2023-11-08','yyyy-mm-dd'), 'institution', 'University of Chicago');
insert into subscriber values (16067, TO_DATE('2010-02-15', 'yyyy-mm-dd'), TO_DATE('2028-05-08','yyyy-mm-dd'), 'institution', 'National University of Singapore (NUS)');
insert into subscriber values (15582, TO_DATE('2011-12-18', 'yyyy-mm-dd'), TO_DATE('2024-10-30','yyyy-mm-dd'), 'institution', 'Peking University');
insert into subscriber values (18547, TO_DATE('1994-09-26', 'yyyy-mm-dd'), TO_DATE('2028-01-06','yyyy-mm-dd'), 'institution', 'University of Pennsylvania');
insert into subscriber values (13194, TO_DATE('1999-04-07', 'yyyy-mm-dd'), TO_DATE('2027-10-23','yyyy-mm-dd'), 'institution', 'Tsinghua University');
insert into subscriber values (11837, TO_DATE('2013-03-29', 'yyyy-mm-dd'), TO_DATE('2023-03-06','yyyy-mm-dd'), 'institution', 'University of Edinburgh');
insert into subscriber values (13016, TO_DATE('2012-10-19', 'yyyy-mm-dd'), TO_DATE('2030-10-29','yyyy-mm-dd'), 'institution', 'Ecole Polytechnique Federale de Lausanne (EPFL)');
insert into subscriber values (13587, TO_DATE('2002-09-11', 'yyyy-mm-dd'), TO_DATE('2027-07-24','yyyy-mm-dd'), 'institution', 'Princeton University');
insert into subscriber values (12484, TO_DATE('2000-05-20', 'yyyy-mm-dd'), TO_DATE('2030-01-10','yyyy-mm-dd'), 'institution', 'BRIGHT SUN COMMUNICATION');
insert into subscriber values (13836, TO_DATE('1997-01-08', 'yyyy-mm-dd'), TO_DATE('2023-09-21','yyyy-mm-dd'), 'institution', 'TRIVETY EDUCATION');
insert into subscriber values (19445, TO_DATE('2005-10-25', 'yyyy-mm-dd'), TO_DATE('2026-07-04','yyyy-mm-dd'), 'institution', 'EASY TO REMEMBER COMPUTER CENTER');
insert into subscriber values (17048, TO_DATE('2007-12-05', 'yyyy-mm-dd'), TO_DATE('2024-07-25','yyyy-mm-dd'), 'institution', 'Diamond Educational and Welfare Society');
insert into subscriber values (17760, TO_DATE('2019-03-03', 'yyyy-mm-dd'), TO_DATE('2027-03-27','yyyy-mm-dd'), 'institution', 'GRACE COMPUTER ACADEMY');
insert into subscriber values (15421, TO_DATE('2002-03-31', 'yyyy-mm-dd'), TO_DATE('2028-12-14','yyyy-mm-dd'), 'institution', 'CSC ACADEMY');
insert into subscriber values (15778, TO_DATE('1991-04-04', 'yyyy-mm-dd'), TO_DATE('2030-05-11','yyyy-mm-dd'), 'institution', 'MULTI INFOTECH');
insert into subscriber values (12163, TO_DATE('2016-03-20', 'yyyy-mm-dd'), TO_DATE('2024-12-28','yyyy-mm-dd'), 'institution', 'INSTITUTE OF MANAGEMENT and TECHNOLOGY');
insert into subscriber values (16287, TO_DATE('2004-04-06', 'yyyy-mm-dd'), TO_DATE('2023-03-26','yyyy-mm-dd'), 'institution', 'E-MAX COMPUTER EDUCATION BRNACH UMRANGSO');
insert into subscriber values (14613, TO_DATE('2014-11-28', 'yyyy-mm-dd'), TO_DATE('2030-10-13','yyyy-mm-dd'), 'institution', 'RAVI COMPUTER EDUCATION CENTER');
insert into subscriber values (15464, TO_DATE('2008-09-30', 'yyyy-mm-dd'), TO_DATE('2030-10-28','yyyy-mm-dd'), 'institution', 'ADVANCE COMPUTER CODING EDUCATION and TRAINING CENTER');
insert into subscriber values (12517, TO_DATE('2004-11-10', 'yyyy-mm-dd'), TO_DATE('2029-12-06','yyyy-mm-dd'), 'institution', 'SHREE COMPUTER EDUCATION CENTER');
insert into subscriber values (19471, TO_DATE('2016-07-04', 'yyyy-mm-dd'), TO_DATE('2030-05-25','yyyy-mm-dd'), 'institution', 'E-FILING ZONE');
insert into subscriber values (12457, TO_DATE('2004-06-17', 'yyyy-mm-dd'), TO_DATE('2027-01-10','yyyy-mm-dd'), 'institution', 'MANISH COMUTER');
insert into subscriber values (17278, TO_DATE('1991-02-22', 'yyyy-mm-dd'), TO_DATE('2030-08-09','yyyy-mm-dd'), 'institution', 'SAI EDUCATION CENTER');
insert into subscriber values (19215, TO_DATE('1992-10-23', 'yyyy-mm-dd'), TO_DATE('2027-08-12','yyyy-mm-dd'), 'institution', 'LAXMI CHOISE and COMPUTER CENTER');
insert into subscriber values (17067, TO_DATE('2008-12-13', 'yyyy-mm-dd'), TO_DATE('2024-04-28','yyyy-mm-dd'), 'institution', 'R.B. TECH COMPUTER EDUCATION CENTER');
insert into subscriber values (18749, TO_DATE('2017-05-14', 'yyyy-mm-dd'), TO_DATE('2025-05-04', 'yyyy-mm-dd'), 'individual', 'Ashraf Blake');
insert into subscriber values (18349, TO_DATE('2015-02-10', 'yyyy-mm-dd'), TO_DATE('2026-02-23', 'yyyy-mm-dd'), 'individual', 'Marwah Dixon');
insert into subscriber values (11770, TO_DATE('2017-07-28', 'yyyy-mm-dd'), TO_DATE('2028-09-20', 'yyyy-mm-dd'), 'individual', 'Kinga Snyder');
insert into subscriber values (10090, TO_DATE('2019-09-04', 'yyyy-mm-dd'), TO_DATE('2030-07-30', 'yyyy-mm-dd'), 'individual', 'Eleasha Chase');
insert into subscriber values (17877, TO_DATE('2020-10-22', 'yyyy-mm-dd'), TO_DATE('2024-12-26', 'yyyy-mm-dd'), 'individual', 'Vanessa Wood');
insert into subscriber values (15793, TO_DATE('2019-02-02', 'yyyy-mm-dd'), TO_DATE('2028-07-07', 'yyyy-mm-dd'), 'individual', 'Harvie Ingram');
insert into subscriber values (19395, TO_DATE('2020-04-07', 'yyyy-mm-dd'), TO_DATE('2024-01-19', 'yyyy-mm-dd'), 'individual', 'Zahrah Dillon');
insert into subscriber values (12233, TO_DATE('2017-03-31', 'yyyy-mm-dd'), TO_DATE('2027-11-17', 'yyyy-mm-dd'), 'individual', 'Ceri Hoover');
insert into subscriber values (15896, TO_DATE('2017-02-17', 'yyyy-mm-dd'), TO_DATE('2030-04-26', 'yyyy-mm-dd'), 'individual', 'Juliette Harrison');
insert into subscriber values (11085, TO_DATE('2017-10-15', 'yyyy-mm-dd'), TO_DATE('2028-08-20', 'yyyy-mm-dd'), 'individual', 'Liyah Thornton');
insert into subscriber values (16818, TO_DATE('2015-07-03', 'yyyy-mm-dd'), TO_DATE('2030-03-04', 'yyyy-mm-dd'), 'individual', 'Rylan Reilly');
insert into subscriber values (13343, TO_DATE('2021-06-25', 'yyyy-mm-dd'), TO_DATE('2030-09-18', 'yyyy-mm-dd'), 'individual', 'Zoha Esparza');
insert into subscriber values (13647, TO_DATE('2017-04-22', 'yyyy-mm-dd'), TO_DATE('2029-08-26', 'yyyy-mm-dd'), 'individual', 'Ayat Whitehead');
insert into subscriber values (19996, TO_DATE('2021-07-20', 'yyyy-mm-dd'), TO_DATE('2023-10-12', 'yyyy-mm-dd'), 'individual', 'Haley Buckley');
insert into subscriber values (15267, TO_DATE('2015-07-17', 'yyyy-mm-dd'), TO_DATE('2028-04-14', 'yyyy-mm-dd'), 'individual', 'Sacha Dickerson');
insert into subscriber values (17721, TO_DATE('2021-08-01', 'yyyy-mm-dd'), TO_DATE('2023-03-01', 'yyyy-mm-dd'), 'individual', 'Cleveland Price');
insert into subscriber values (18040, TO_DATE('2020-08-03', 'yyyy-mm-dd'), TO_DATE('2028-04-01', 'yyyy-mm-dd'), 'individual', 'Lynda Morgan');
insert into subscriber values (14594, TO_DATE('2018-03-11', 'yyyy-mm-dd'), TO_DATE('2024-01-26', 'yyyy-mm-dd'), 'individual', 'Marisa Mclean');
insert into subscriber values (10874, TO_DATE('2018-05-27', 'yyyy-mm-dd'), TO_DATE('2026-12-11', 'yyyy-mm-dd'), 'individual', 'Kellan Patrick');
insert into subscriber values (10413, TO_DATE('2016-05-19', 'yyyy-mm-dd'), TO_DATE('2030-03-11', 'yyyy-mm-dd'), 'individual', 'Taio Schroeder');
insert into subscriber values (15781, TO_DATE('2019-12-10', 'yyyy-mm-dd'), TO_DATE('2024-04-03', 'yyyy-mm-dd'), 'individual', 'Declan Beard');
insert into subscriber values (12519, TO_DATE('2019-02-27', 'yyyy-mm-dd'), TO_DATE('2027-10-01', 'yyyy-mm-dd'), 'individual', 'Kamile Ridley');
insert into subscriber values (15674, TO_DATE('2021-04-02', 'yyyy-mm-dd'), TO_DATE('2030-11-05', 'yyyy-mm-dd'), 'individual', 'Elisa Finch');
insert into subscriber values (11123, TO_DATE('2020-12-06', 'yyyy-mm-dd'), TO_DATE('2023-05-10', 'yyyy-mm-dd'), 'individual', 'Meg Hayden');
insert into subscriber values (18778, TO_DATE('2017-11-01', 'yyyy-mm-dd'), TO_DATE('2024-02-27', 'yyyy-mm-dd'), 'individual', 'Sophie Vega');
insert into subscriber values (17276, TO_DATE('2020-01-06', 'yyyy-mm-dd'), TO_DATE('2023-08-01', 'yyyy-mm-dd'), 'individual', 'Magdalena Morton');
insert into subscriber values (18358, TO_DATE('2020-07-11', 'yyyy-mm-dd'), TO_DATE('2027-11-22', 'yyyy-mm-dd'), 'individual', 'Millie-Rose Reader');
insert into subscriber values (16778, TO_DATE('2019-04-18', 'yyyy-mm-dd'), TO_DATE('2030-07-21', 'yyyy-mm-dd'), 'individual', 'Danish Gentry');
insert into subscriber values (17835, TO_DATE('2020-10-17', 'yyyy-mm-dd'), TO_DATE('2028-10-31', 'yyyy-mm-dd'), 'individual', 'Count cannot be greater than 100');
insert into subscriber values (17201, TO_DATE('2019-03-15', 'yyyy-mm-dd'), TO_DATE('2027-05-02', 'yyyy-mm-dd'), 'individual', 'Maisha Bate');
insert into subscriber values (11029, TO_DATE('2018-06-22', 'yyyy-mm-dd'), TO_DATE('2023-02-24', 'yyyy-mm-dd'), 'individual', 'Guto Avery');
insert into subscriber values (11392, TO_DATE('2016-05-06', 'yyyy-mm-dd'), TO_DATE('2028-06-25', 'yyyy-mm-dd'), 'individual', 'Fay Wilde');
insert into subscriber values (18177, TO_DATE('2017-10-16', 'yyyy-mm-dd'), TO_DATE('2026-07-24', 'yyyy-mm-dd'), 'individual', 'Ellie-Mae Todd');
insert into subscriber values (10128, TO_DATE('2020-08-22', 'yyyy-mm-dd'), TO_DATE('2026-01-14', 'yyyy-mm-dd'), 'individual', 'Yehuda Lowery');
insert into subscriber values (19000, TO_DATE('2019-11-12', 'yyyy-mm-dd'), TO_DATE('2029-05-31', 'yyyy-mm-dd'), 'individual', 'Ayisha Croft');
insert into subscriber values (12721, TO_DATE('2020-07-20', 'yyyy-mm-dd'), TO_DATE('2024-10-23', 'yyyy-mm-dd'), 'individual', 'Sofia Hurley');
insert into subscriber values (11766, TO_DATE('2019-01-25', 'yyyy-mm-dd'), TO_DATE('2026-09-09', 'yyyy-mm-dd'), 'individual', 'Isa Couch');
insert into subscriber values (14725, TO_DATE('2018-12-06', 'yyyy-mm-dd'), TO_DATE('2023-08-12', 'yyyy-mm-dd'), 'individual', 'Natalie Head');
insert into subscriber values (17312, TO_DATE('2016-04-21', 'yyyy-mm-dd'), TO_DATE('2024-11-24', 'yyyy-mm-dd'), 'individual', 'Zahid Mcdowell');
insert into subscriber values (10256, TO_DATE('2020-03-26', 'yyyy-mm-dd'), TO_DATE('2029-03-31', 'yyyy-mm-dd'), 'individual', 'Jadon Velez');
insert into subscriber values (12066, TO_DATE('2017-07-31', 'yyyy-mm-dd'), TO_DATE('2027-10-23', 'yyyy-mm-dd'), 'individual', 'Thomas Dowling');
insert into subscriber values (11730, TO_DATE('2017-12-17', 'yyyy-mm-dd'), TO_DATE('2027-04-05', 'yyyy-mm-dd'), 'individual', 'Sioned Pennington');
insert into subscriber values (19728, TO_DATE('2016-10-24', 'yyyy-mm-dd'), TO_DATE('2025-09-11', 'yyyy-mm-dd'), 'individual', 'Humayra Mcfadden');
insert into subscriber values (17361, TO_DATE('2021-05-20', 'yyyy-mm-dd'), TO_DATE('2030-01-25', 'yyyy-mm-dd'), 'individual', 'Arwa Arellano');
insert into subscriber values (14455, TO_DATE('2015-11-07', 'yyyy-mm-dd'), TO_DATE('2023-11-17', 'yyyy-mm-dd'), 'individual', 'Martyna Barber');
insert into subscriber values (14636, TO_DATE('2020-10-07', 'yyyy-mm-dd'), TO_DATE('2026-07-02', 'yyyy-mm-dd'), 'individual', 'Jethro Riggs');
insert into subscriber values (13653, TO_DATE('2019-04-13', 'yyyy-mm-dd'), TO_DATE('2027-10-16', 'yyyy-mm-dd'), 'individual', 'Kaden Stevens');
insert into subscriber values (11841, TO_DATE('2019-01-17', 'yyyy-mm-dd'), TO_DATE('2030-03-28', 'yyyy-mm-dd'), 'individual', 'Sharmin ONeill');
insert into subscriber values (10277, TO_DATE('2016-01-24', 'yyyy-mm-dd'), TO_DATE('2029-11-14', 'yyyy-mm-dd'), 'individual', 'Shayne Preston');
insert into subscriber values (11902, TO_DATE('2016-10-07', 'yyyy-mm-dd'), TO_DATE('2023-07-13', 'yyyy-mm-dd'), 'individual', 'Elinor Skinner');
insert into subscriber values (10134, TO_DATE('2017-01-05', 'yyyy-mm-dd'), TO_DATE('2027-01-28', 'yyyy-mm-dd'), 'individual', 'Maurice Duran');
insert into subscriber values (17714, TO_DATE('2020-05-09', 'yyyy-mm-dd'), TO_DATE('2027-08-09', 'yyyy-mm-dd'), 'individual', 'Kali Bradshaw');
insert into subscriber values (10954, TO_DATE('2021-06-18', 'yyyy-mm-dd'), TO_DATE('2024-06-11', 'yyyy-mm-dd'), 'individual', 'Sheena Garrison');
insert into subscriber values (17345, TO_DATE('2017-07-22', 'yyyy-mm-dd'), TO_DATE('2027-07-21', 'yyyy-mm-dd'), 'individual', 'Tiernan Ireland');
insert into subscriber values (19165, TO_DATE('2018-12-15', 'yyyy-mm-dd'), TO_DATE('2028-07-17', 'yyyy-mm-dd'), 'individual', 'Breanna Villalobos');
insert into subscriber values (15736, TO_DATE('2018-05-25', 'yyyy-mm-dd'), TO_DATE('2023-09-24', 'yyyy-mm-dd'), 'individual', 'Blade Dalton');
insert into subscriber values (16387, TO_DATE('2020-03-21', 'yyyy-mm-dd'), TO_DATE('2029-05-03', 'yyyy-mm-dd'), 'individual', 'Tomi Monroe');
insert into subscriber values (15301, TO_DATE('2015-07-10', 'yyyy-mm-dd'), TO_DATE('2029-06-27', 'yyyy-mm-dd'), 'individual', 'Zohaib Rosales');
insert into subscriber values (17622, TO_DATE('2015-02-02', 'yyyy-mm-dd'), TO_DATE('2028-06-11', 'yyyy-mm-dd'), 'individual', 'Macauley Craig');
insert into subscriber values (18973, TO_DATE('2019-03-02', 'yyyy-mm-dd'), TO_DATE('2025-04-26', 'yyyy-mm-dd'), 'individual', 'Beau Dodson');
insert into subscriber values (10899, TO_DATE('2015-08-23', 'yyyy-mm-dd'), TO_DATE('2024-12-30', 'yyyy-mm-dd'), 'individual', 'Stefania Summers');
insert into subscriber values (13950, TO_DATE('2019-03-08', 'yyyy-mm-dd'), TO_DATE('2027-03-25', 'yyyy-mm-dd'), 'individual', 'Ruth Wolfe');
insert into subscriber values (17065, TO_DATE('2020-06-05', 'yyyy-mm-dd'), TO_DATE('2024-04-21', 'yyyy-mm-dd'), 'individual', 'Oscar Beech');
insert into subscriber values (15118, TO_DATE('2019-02-25', 'yyyy-mm-dd'), TO_DATE('2025-05-15', 'yyyy-mm-dd'), 'individual', 'Izabel Melia');
insert into subscriber values (13620, TO_DATE('2015-05-02', 'yyyy-mm-dd'), TO_DATE('2024-06-05', 'yyyy-mm-dd'), 'individual', 'Chay Amos');
insert into subscriber values (16167, TO_DATE('2015-10-13', 'yyyy-mm-dd'), TO_DATE('2024-03-15', 'yyyy-mm-dd'), 'individual', 'Ignacy Flower');
insert into subscriber values (12524, TO_DATE('2015-04-20', 'yyyy-mm-dd'), TO_DATE('2030-10-20', 'yyyy-mm-dd'), 'individual', 'Jodi Cohen');
insert into subscriber values (18541, TO_DATE('2017-06-05', 'yyyy-mm-dd'), TO_DATE('2029-01-14', 'yyyy-mm-dd'), 'individual', 'Nour Malone');
insert into subscriber values (12493, TO_DATE('2017-11-03', 'yyyy-mm-dd'), TO_DATE('2027-01-17', 'yyyy-mm-dd'), 'individual', 'Rohit Wilks');
insert into subscriber values (16356, TO_DATE('2016-09-17', 'yyyy-mm-dd'), TO_DATE('2030-07-20', 'yyyy-mm-dd'), 'individual', 'Hira Thorpe');
insert into subscriber values (11927, TO_DATE('2016-06-12', 'yyyy-mm-dd'), TO_DATE('2030-09-03', 'yyyy-mm-dd'), 'individual', 'Talhah Greig');
insert into subscriber values (13756, TO_DATE('2020-03-16', 'yyyy-mm-dd'), TO_DATE('2029-11-23', 'yyyy-mm-dd'), 'individual', 'Kia Hussain');
insert into subscriber values (11848, TO_DATE('2015-09-10', 'yyyy-mm-dd'), TO_DATE('2030-11-21', 'yyyy-mm-dd'), 'individual', 'Kenny Bailey');
insert into subscriber values (17828, TO_DATE('2019-05-14', 'yyyy-mm-dd'), TO_DATE('2027-08-07', 'yyyy-mm-dd'), 'individual', 'Fatimah Aguilar');
insert into subscriber values (14168, TO_DATE('2018-10-20', 'yyyy-mm-dd'), TO_DATE('2026-07-08', 'yyyy-mm-dd'), 'individual', 'Eleanor White');
insert into subscriber values (12267, TO_DATE('2021-05-09', 'yyyy-mm-dd'), TO_DATE('2030-11-04', 'yyyy-mm-dd'), 'individual', 'Azaan Ramirez');
insert into subscriber values (13012, TO_DATE('2021-05-06', 'yyyy-mm-dd'), TO_DATE('2024-01-22', 'yyyy-mm-dd'), 'individual', 'Spike Whitaker');
insert into subscriber values (14719, TO_DATE('2018-07-21', 'yyyy-mm-dd'), TO_DATE('2028-07-29', 'yyyy-mm-dd'), 'individual', 'Milli Travers');
insert into subscriber values (19650, TO_DATE('2016-04-06', 'yyyy-mm-dd'), TO_DATE('2030-02-11', 'yyyy-mm-dd'), 'individual', 'Sian Stokes');
insert into subscriber values (14851, TO_DATE('2020-01-09', 'yyyy-mm-dd'), TO_DATE('2023-11-22', 'yyyy-mm-dd'), 'individual', 'Amiyah Brett');
insert into subscriber values (19146, TO_DATE('2017-01-04', 'yyyy-mm-dd'), TO_DATE('2028-06-01', 'yyyy-mm-dd'), 'individual', 'Martin Franco');
insert into subscriber values (11839, TO_DATE('2020-11-16', 'yyyy-mm-dd'), TO_DATE('2030-12-25', 'yyyy-mm-dd'), 'individual', 'Beatrix Madden');
insert into subscriber values (13531, TO_DATE('2016-11-15', 'yyyy-mm-dd'), TO_DATE('2029-09-03', 'yyyy-mm-dd'), 'individual', 'Juan Hughes');
insert into subscriber values (18039, TO_DATE('2018-12-04', 'yyyy-mm-dd'), TO_DATE('2025-11-03', 'yyyy-mm-dd'), 'individual', 'Harpreet Burch');
insert into subscriber values (11474, TO_DATE('2016-08-21', 'yyyy-mm-dd'), TO_DATE('2023-10-08', 'yyyy-mm-dd'), 'individual', 'Alima OBrien');
insert into subscriber values (14604, TO_DATE('2015-04-12', 'yyyy-mm-dd'), TO_DATE('2026-05-24', 'yyyy-mm-dd'), 'individual', 'Ted Shelton');
insert into subscriber values (19421, TO_DATE('2015-11-07', 'yyyy-mm-dd'), TO_DATE('2024-07-24', 'yyyy-mm-dd'), 'individual', 'Iona Liu');
insert into subscriber values (13044, TO_DATE('2017-03-06', 'yyyy-mm-dd'), TO_DATE('2024-01-06', 'yyyy-mm-dd'), 'individual', 'Henrietta Leonard');
insert into subscriber values (16257, TO_DATE('2016-05-20', 'yyyy-mm-dd'), TO_DATE('2024-12-26', 'yyyy-mm-dd'), 'individual', 'Tanya Simons');
insert into subscriber values (12595, TO_DATE('2021-07-01', 'yyyy-mm-dd'), TO_DATE('2026-05-05', 'yyyy-mm-dd'), 'individual', 'Campbell Mccullough');
insert into subscriber values (12029, TO_DATE('2019-02-18', 'yyyy-mm-dd'), TO_DATE('2027-04-15', 'yyyy-mm-dd'), 'individual', 'Anastazja Roth');
insert into subscriber values (10037, TO_DATE('2021-05-24', 'yyyy-mm-dd'), TO_DATE('2029-08-04', 'yyyy-mm-dd'), 'individual', 'Fenella Short');
insert into subscriber values (19657, TO_DATE('2021-03-05', 'yyyy-mm-dd'), TO_DATE('2029-12-17', 'yyyy-mm-dd'), 'individual', 'Everly Hyde');
insert into subscriber values (11028, TO_DATE('2019-12-06', 'yyyy-mm-dd'), TO_DATE('2029-12-30', 'yyyy-mm-dd'), 'individual', 'Finn Elliott');
insert into subscriber values (18375, TO_DATE('2017-03-31', 'yyyy-mm-dd'), TO_DATE('2027-10-30', 'yyyy-mm-dd'), 'individual', 'Evie-Rose Gonzalez');
insert into subscriber values (11706, TO_DATE('2017-03-28', 'yyyy-mm-dd'), TO_DATE('2030-05-25', 'yyyy-mm-dd'), 'individual', 'Lawrence Kaiser');
insert into subscriber values (13625, TO_DATE('2016-10-26', 'yyyy-mm-dd'), TO_DATE('2030-12-30', 'yyyy-mm-dd'), 'individual', 'Ebrahim Joyce');
insert into subscriber values (19575, TO_DATE('2016-08-12', 'yyyy-mm-dd'), TO_DATE('2025-08-30', 'yyyy-mm-dd'), 'individual', 'Marcie Jenkins');
insert into subscriber values (18523, TO_DATE('2019-12-17', 'yyyy-mm-dd'), TO_DATE('2027-07-16', 'yyyy-mm-dd'), 'individual', 'Micah Battle');
insert into subscriber values (18344, TO_DATE('2016-06-20', 'yyyy-mm-dd'), TO_DATE('2023-12-11', 'yyyy-mm-dd'), 'individual', 'Corrina Keeling');
insert into subscriber values (19082, TO_DATE('2020-11-03', 'yyyy-mm-dd'), TO_DATE('2024-08-03', 'yyyy-mm-dd'), 'individual', 'Romana Greenaway');
insert into subscriber values (19429, TO_DATE('2018-06-03', 'yyyy-mm-dd'), TO_DATE('2029-09-06', 'yyyy-mm-dd'), 'individual', 'Kianna Cochran');
insert into subscriber values (17799, TO_DATE('2018-04-06', 'yyyy-mm-dd'), TO_DATE('2026-10-08', 'yyyy-mm-dd'), 'individual', 'Uzair Sparks');
insert into subscriber values (15176, TO_DATE('2016-02-18', 'yyyy-mm-dd'), TO_DATE('2030-06-25', 'yyyy-mm-dd'), 'individual', 'Azra Perry');
insert into subscriber values (18306, TO_DATE('2019-01-10', 'yyyy-mm-dd'), TO_DATE('2028-04-24', 'yyyy-mm-dd'), 'individual', 'Leon Lloyd');
insert into subscriber values (19366, TO_DATE('2017-08-26', 'yyyy-mm-dd'), TO_DATE('2028-08-31', 'yyyy-mm-dd'), 'individual', 'Kady Collier');
insert into subscriber values (16133, TO_DATE('2017-07-22', 'yyyy-mm-dd'), TO_DATE('2024-05-11', 'yyyy-mm-dd'), 'individual', 'Ishika Mcnally');
insert into subscriber values (10616, TO_DATE('2017-05-28', 'yyyy-mm-dd'), TO_DATE('2029-01-26', 'yyyy-mm-dd'), 'individual', 'Tara Morse');
insert into subscriber values (15643, TO_DATE('2020-10-05', 'yyyy-mm-dd'), TO_DATE('2027-01-26', 'yyyy-mm-dd'), 'individual', 'Yolanda Walmsley');
insert into subscriber values (18315, TO_DATE('2019-05-31', 'yyyy-mm-dd'), TO_DATE('2030-06-20', 'yyyy-mm-dd'), 'individual', 'August Blankenship');
insert into subscriber values (12323, TO_DATE('2019-05-07', 'yyyy-mm-dd'), TO_DATE('2030-10-21', 'yyyy-mm-dd'), 'individual', 'Marni Hawkins');
insert into subscriber values (14540, TO_DATE('2016-09-20', 'yyyy-mm-dd'), TO_DATE('2029-12-19', 'yyyy-mm-dd'), 'individual', 'Annalise Leblanc');
insert into subscriber values (10054, TO_DATE('2020-01-06', 'yyyy-mm-dd'), TO_DATE('2027-07-12', 'yyyy-mm-dd'), 'individual', 'Eliot Rogers');
insert into subscriber values (13524, TO_DATE('2018-12-19', 'yyyy-mm-dd'), TO_DATE('2024-04-09', 'yyyy-mm-dd'), 'individual', 'Fionn Cantrell');
insert into subscriber values (17572, TO_DATE('2015-02-28', 'yyyy-mm-dd'), TO_DATE('2023-03-03', 'yyyy-mm-dd'), 'individual', 'Cataleya Ventura');
insert into subscriber values (15968, TO_DATE('2020-12-09', 'yyyy-mm-dd'), TO_DATE('2026-02-18', 'yyyy-mm-dd'), 'individual', 'Cavan Camacho');
insert into subscriber values (13128, TO_DATE('2019-01-11', 'yyyy-mm-dd'), TO_DATE('2026-06-29', 'yyyy-mm-dd'), 'individual', 'Elyas Davison');
insert into subscriber values (10164, TO_DATE('2020-11-10', 'yyyy-mm-dd'), TO_DATE('2028-11-14', 'yyyy-mm-dd'), 'individual', 'Jay-Jay Mccarty');
insert into subscriber values (13029, TO_DATE('2017-07-10', 'yyyy-mm-dd'), TO_DATE('2028-01-29', 'yyyy-mm-dd'), 'individual', 'Jena Boyd');
insert into subscriber values (13845, TO_DATE('2016-06-19', 'yyyy-mm-dd'), TO_DATE('2030-07-15', 'yyyy-mm-dd'), 'individual', 'Sinead Sumner');
insert into subscriber values (16663, TO_DATE('2016-02-09', 'yyyy-mm-dd'), TO_DATE('2030-04-14', 'yyyy-mm-dd'), 'individual', 'Ronaldo Farrington');
insert into subscriber values (14554, TO_DATE('2018-08-05', 'yyyy-mm-dd'), TO_DATE('2024-02-09', 'yyyy-mm-dd'), 'individual', 'Cecily Esparza');
insert into subscriber values (13858, TO_DATE('2021-07-21', 'yyyy-mm-dd'), TO_DATE('2024-07-10', 'yyyy-mm-dd'), 'individual', 'Wilfred Fenton');
insert into subscriber values (12438, TO_DATE('2019-07-15', 'yyyy-mm-dd'), TO_DATE('2025-01-06', 'yyyy-mm-dd'), 'individual', 'Aaisha Eastwood');
insert into subscriber values (16175, TO_DATE('2015-12-08', 'yyyy-mm-dd'), TO_DATE('2029-04-24', 'yyyy-mm-dd'), 'individual', 'Beauden Irving');
insert into subscriber values (10093, TO_DATE('2020-12-08', 'yyyy-mm-dd'), TO_DATE('2030-02-15', 'yyyy-mm-dd'), 'individual', 'Cassius Cooke');
insert into subscriber values (14144, TO_DATE('2019-07-02', 'yyyy-mm-dd'), TO_DATE('2028-02-09', 'yyyy-mm-dd'), 'individual', 'Kaylum Chandler');
insert into subscriber values (15372, TO_DATE('2016-02-02', 'yyyy-mm-dd'), TO_DATE('2030-12-25', 'yyyy-mm-dd'), 'individual', 'Count cannot be greater than 100');
insert into subscriber values (18115, TO_DATE('2017-03-20', 'yyyy-mm-dd'), TO_DATE('2028-01-28', 'yyyy-mm-dd'), 'individual', 'Aadil Sheppard');
insert into subscriber values (16609, TO_DATE('2015-03-21', 'yyyy-mm-dd'), TO_DATE('2025-06-21', 'yyyy-mm-dd'), 'individual', 'Rick Alfaro');
insert into subscriber values (18328, TO_DATE('2018-07-04', 'yyyy-mm-dd'), TO_DATE('2026-09-29', 'yyyy-mm-dd'), 'individual', 'Maysa Salter');
insert into subscriber values (19457, TO_DATE('2017-10-13', 'yyyy-mm-dd'), TO_DATE('2026-01-03', 'yyyy-mm-dd'), 'individual', 'Leonardo Phan');
insert into subscriber values (17854, TO_DATE('2015-03-06', 'yyyy-mm-dd'), TO_DATE('2028-02-20', 'yyyy-mm-dd'), 'individual', 'Larry Gomez');
insert into subscriber values (13323, TO_DATE('2017-05-24', 'yyyy-mm-dd'), TO_DATE('2023-10-29', 'yyyy-mm-dd'), 'individual', 'Aydin Lindsay');
insert into subscriber values (12458, TO_DATE('2017-06-26', 'yyyy-mm-dd'), TO_DATE('2028-04-30', 'yyyy-mm-dd'), 'individual', 'Jeevan Pennington');
insert into subscriber values (18692, TO_DATE('2019-12-20', 'yyyy-mm-dd'), TO_DATE('2026-04-11', 'yyyy-mm-dd'), 'individual', 'Lyla-Rose Frame');
insert into subscriber values (10040, TO_DATE('2015-10-26', 'yyyy-mm-dd'), TO_DATE('2027-12-23', 'yyyy-mm-dd'), 'individual', 'Blessing Bowen');
insert into subscriber values (12366, TO_DATE('2019-01-06', 'yyyy-mm-dd'), TO_DATE('2026-10-28', 'yyyy-mm-dd'), 'individual', 'Israr Stout');
insert into subscriber values (18955, TO_DATE('2021-06-18', 'yyyy-mm-dd'), TO_DATE('2025-11-16', 'yyyy-mm-dd'), 'individual', 'Sofie Storey');
insert into subscriber values (13615, TO_DATE('2018-07-04', 'yyyy-mm-dd'), TO_DATE('2023-02-27', 'yyyy-mm-dd'), 'individual', 'Shamas Hardin');
insert into subscriber values (16189, TO_DATE('2015-12-06', 'yyyy-mm-dd'), TO_DATE('2024-06-26', 'yyyy-mm-dd'), 'individual', 'Addison Holden');
insert into subscriber values (13799, TO_DATE('2016-04-14', 'yyyy-mm-dd'), TO_DATE('2024-04-29', 'yyyy-mm-dd'), 'individual', 'Dorothy Elliott');
insert into subscriber values (14908, TO_DATE('2015-10-07', 'yyyy-mm-dd'), TO_DATE('2030-05-07', 'yyyy-mm-dd'), 'individual', 'Jaydon Giles');
insert into subscriber values (16889, TO_DATE('2018-12-07', 'yyyy-mm-dd'), TO_DATE('2026-11-15', 'yyyy-mm-dd'), 'individual', 'Pawel Valenzuela');
insert into subscriber values (15601, TO_DATE('2018-10-06', 'yyyy-mm-dd'), TO_DATE('2025-03-15', 'yyyy-mm-dd'), 'individual', 'Grady Kerr');
insert into subscriber values (16828, TO_DATE('2020-10-11', 'yyyy-mm-dd'), TO_DATE('2028-11-11', 'yyyy-mm-dd'), 'individual', 'Ruairidh Huffman');
insert into subscriber values (16488, TO_DATE('2017-11-14', 'yyyy-mm-dd'), TO_DATE('2023-02-04', 'yyyy-mm-dd'), 'individual', 'Amanpreet Swanson');
insert into subscriber values (17774, TO_DATE('2015-01-19', 'yyyy-mm-dd'), TO_DATE('2023-03-15', 'yyyy-mm-dd'), 'individual', 'Zakaria Montgomery');
insert into subscriber values (11313, TO_DATE('2019-11-06', 'yyyy-mm-dd'), TO_DATE('2023-03-02', 'yyyy-mm-dd'), 'individual', 'Alexandru Burris');
insert into subscriber values (16070, TO_DATE('2018-01-08', 'yyyy-mm-dd'), TO_DATE('2027-02-08', 'yyyy-mm-dd'), 'individual', 'Connie Maddox');
insert into subscriber values (13865, TO_DATE('2017-07-02', 'yyyy-mm-dd'), TO_DATE('2025-04-26', 'yyyy-mm-dd'), 'individual', 'Lexi Brown');
insert into subscriber values (12719, TO_DATE('2021-04-06', 'yyyy-mm-dd'), TO_DATE('2030-08-18', 'yyyy-mm-dd'), 'individual', 'Orson Whitmore');
insert into subscriber values (13188, TO_DATE('2020-01-16', 'yyyy-mm-dd'), TO_DATE('2027-04-04', 'yyyy-mm-dd'), 'individual', 'Shanice Mooney');
insert into subscriber values (11505, TO_DATE('2021-05-05', 'yyyy-mm-dd'), TO_DATE('2028-08-03', 'yyyy-mm-dd'), 'individual', 'Michalina Espinosa');
insert into subscriber values (15117, TO_DATE('2016-07-30', 'yyyy-mm-dd'), TO_DATE('2024-01-18', 'yyyy-mm-dd'), 'individual', 'Issa Holcomb');
insert into subscriber values (19769, TO_DATE('2016-01-06', 'yyyy-mm-dd'), TO_DATE('2023-10-03', 'yyyy-mm-dd'), 'individual', 'Saara Hoffman');
insert into subscriber values (12682, TO_DATE('2017-08-17', 'yyyy-mm-dd'), TO_DATE('2027-10-30', 'yyyy-mm-dd'), 'individual', 'Layla-Mae Escobar');
insert into subscriber values (19437, TO_DATE('2016-06-05', 'yyyy-mm-dd'), TO_DATE('2023-07-29', 'yyyy-mm-dd'), 'individual', 'Dana Grainger');
insert into subscriber values (19034, TO_DATE('2017-04-11', 'yyyy-mm-dd'), TO_DATE('2026-08-13', 'yyyy-mm-dd'), 'individual', 'Nora Mays');
insert into subscriber values (16895, TO_DATE('2020-11-12', 'yyyy-mm-dd'), TO_DATE('2030-02-12', 'yyyy-mm-dd'), 'individual', 'Hassan Firth');
insert into subscriber values (16611, TO_DATE('2020-06-25', 'yyyy-mm-dd'), TO_DATE('2025-01-07', 'yyyy-mm-dd'), 'individual', 'Adyan Churchill');
insert into subscriber values (17475, TO_DATE('2020-06-29', 'yyyy-mm-dd'), TO_DATE('2025-03-08', 'yyyy-mm-dd'), 'individual', 'Mina Dowling');
insert into subscriber values (19144, TO_DATE('2018-12-02', 'yyyy-mm-dd'), TO_DATE('2027-03-28', 'yyyy-mm-dd'), 'individual', 'Mariam Stanley');
insert into subscriber values (16299, TO_DATE('2016-08-03', 'yyyy-mm-dd'), TO_DATE('2027-04-15', 'yyyy-mm-dd'), 'individual', 'Lilliana Freeman');
insert into subscriber values (15216, TO_DATE('2016-10-15', 'yyyy-mm-dd'), TO_DATE('2029-05-09', 'yyyy-mm-dd'), 'individual', 'Kaia Lu');
insert into subscriber values (10933, TO_DATE('2016-08-08', 'yyyy-mm-dd'), TO_DATE('2029-03-26', 'yyyy-mm-dd'), 'individual', 'Janelle Barry');
insert into subscriber values (11526, TO_DATE('2016-04-17', 'yyyy-mm-dd'), TO_DATE('2022-12-26', 'yyyy-mm-dd'), 'individual', 'Sachin Price');
insert into subscriber values (17593, TO_DATE('2017-12-13', 'yyyy-mm-dd'), TO_DATE('2030-01-15', 'yyyy-mm-dd'), 'individual', 'Aleesha Herman');
insert into subscriber values (10365, TO_DATE('2019-04-01', 'yyyy-mm-dd'), TO_DATE('2024-12-15', 'yyyy-mm-dd'), 'individual', 'Thea Hale');
insert into subscriber values (15649, TO_DATE('2018-05-24', 'yyyy-mm-dd'), TO_DATE('2025-08-04', 'yyyy-mm-dd'), 'individual', 'Fern Hensley');
insert into subscriber values (19884, TO_DATE('2019-06-06', 'yyyy-mm-dd'), TO_DATE('2025-03-30', 'yyyy-mm-dd'), 'individual', 'Manveer Colon');
insert into subscriber values (11712, TO_DATE('2016-02-28', 'yyyy-mm-dd'), TO_DATE('2030-12-28', 'yyyy-mm-dd'), 'individual', 'Cassidy Sharma');
insert into subscriber values (17553, TO_DATE('2015-04-22', 'yyyy-mm-dd'), TO_DATE('2024-01-06', 'yyyy-mm-dd'), 'individual', 'Zaid Schmidt');
insert into subscriber values (10505, TO_DATE('2017-02-28', 'yyyy-mm-dd'), TO_DATE('2025-08-07', 'yyyy-mm-dd'), 'individual', 'Riaan Mcfarlane');
insert into subscriber values (15513, TO_DATE('2018-09-17', 'yyyy-mm-dd'), TO_DATE('2026-12-01', 'yyyy-mm-dd'), 'individual', 'Darin Baird');
insert into subscriber values (15504, TO_DATE('2016-01-28', 'yyyy-mm-dd'), TO_DATE('2029-08-15', 'yyyy-mm-dd'), 'individual', 'Holli Tierney');
insert into subscriber values (14412, TO_DATE('2019-09-27', 'yyyy-mm-dd'), TO_DATE('2024-05-22', 'yyyy-mm-dd'), 'individual', 'Cleo Hassan');
insert into subscriber values (10679, TO_DATE('2016-03-02', 'yyyy-mm-dd'), TO_DATE('2023-10-27', 'yyyy-mm-dd'), 'individual', 'Jena Singleton');
insert into subscriber values (16179, TO_DATE('2018-06-06', 'yyyy-mm-dd'), TO_DATE('2028-01-22', 'yyyy-mm-dd'), 'individual', 'Elisabeth Hills');
insert into subscriber values (19482, TO_DATE('2019-10-23', 'yyyy-mm-dd'), TO_DATE('2024-11-03', 'yyyy-mm-dd'), 'individual', 'Farzana Millar');
insert into subscriber values (15616, TO_DATE('2020-10-09', 'yyyy-mm-dd'), TO_DATE('2030-03-15', 'yyyy-mm-dd'), 'individual', 'Virginia Whitfield');
insert into subscriber values (18387, TO_DATE('2018-03-06', 'yyyy-mm-dd'), TO_DATE('2023-11-19', 'yyyy-mm-dd'), 'individual', 'Olive Bloom');
insert into subscriber values (14795, TO_DATE('2016-03-13', 'yyyy-mm-dd'), TO_DATE('2028-09-24', 'yyyy-mm-dd'), 'individual', 'Harris Adkins');
insert into subscriber values (12152, TO_DATE('2015-06-28', 'yyyy-mm-dd'), TO_DATE('2027-12-18', 'yyyy-mm-dd'), 'individual', 'Joey Rossi');
insert into subscriber values (12749, TO_DATE('2019-10-15', 'yyyy-mm-dd'), TO_DATE('2023-01-29', 'yyyy-mm-dd'), 'individual', 'Ariella Mejia');
insert into subscriber values (10027, TO_DATE('2016-01-09', 'yyyy-mm-dd'), TO_DATE('2024-11-10', 'yyyy-mm-dd'), 'individual', 'Don Villegas');
insert into subscriber values (10276, TO_DATE('2017-12-12', 'yyyy-mm-dd'), TO_DATE('2029-10-15', 'yyyy-mm-dd'), 'individual', 'Roza Hume');
insert into subscriber values (13694, TO_DATE('2020-04-30', 'yyyy-mm-dd'), TO_DATE('2026-01-22', 'yyyy-mm-dd'), 'individual', 'Larissa Ray');
insert into subscriber values (10712, TO_DATE('2015-02-16', 'yyyy-mm-dd'), TO_DATE('2027-04-15', 'yyyy-mm-dd'), 'individual', 'Chris Wade');
insert into subscriber values (12470, TO_DATE('2016-05-04', 'yyyy-mm-dd'), TO_DATE('2025-04-02', 'yyyy-mm-dd'), 'individual', 'Fiza Kendall');
insert into subscriber values (12103, TO_DATE('2021-03-18', 'yyyy-mm-dd'), TO_DATE('2025-03-29', 'yyyy-mm-dd'), 'individual', 'Oisin Browning');
insert into subscriber values (14720, TO_DATE('2017-08-29', 'yyyy-mm-dd'), TO_DATE('2028-05-07', 'yyyy-mm-dd'), 'individual', 'Joseph Melton');
insert into subscriber values (12683, TO_DATE('2021-03-19', 'yyyy-mm-dd'), TO_DATE('2023-05-30', 'yyyy-mm-dd'), 'individual', 'Ariana Wells');
insert into subscriber values (16003, TO_DATE('2018-12-13', 'yyyy-mm-dd'), TO_DATE('2028-04-07', 'yyyy-mm-dd'), 'individual', 'Shae Beard');
insert into subscriber values (18198, TO_DATE('2015-11-19', 'yyyy-mm-dd'), TO_DATE('2023-09-27', 'yyyy-mm-dd'), 'individual', 'Hattie Yates');
insert into subscriber values (10649, TO_DATE('2017-04-03', 'yyyy-mm-dd'), TO_DATE('2025-08-27', 'yyyy-mm-dd'), 'individual', 'Sania Silva');
insert into subscriber values (10257, TO_DATE('2019-09-01', 'yyyy-mm-dd'), TO_DATE('2030-09-29', 'yyyy-mm-dd'), 'individual', 'Herbert Fountain');
insert into subscriber values (11827, TO_DATE('2019-06-06', 'yyyy-mm-dd'), TO_DATE('2026-05-22', 'yyyy-mm-dd'), 'individual', 'Wilf Lynn');
insert into subscriber values (17253, TO_DATE('2021-08-22', 'yyyy-mm-dd'), TO_DATE('2030-06-19', 'yyyy-mm-dd'), 'individual', 'Ira Mckinney');
insert into subscriber values (15873, TO_DATE('2017-12-16', 'yyyy-mm-dd'), TO_DATE('2026-09-19', 'yyyy-mm-dd'), 'individual', 'Tulisa Mccormack');
insert into subscriber values (14488, TO_DATE('2018-06-21', 'yyyy-mm-dd'), TO_DATE('2023-10-07', 'yyyy-mm-dd'), 'individual', 'Caoimhe Acevedo');
insert into subscriber values (13751, TO_DATE('2019-04-23', 'yyyy-mm-dd'), TO_DATE('2028-09-03', 'yyyy-mm-dd'), 'individual', 'Sylvie Mitchell');
insert into subscriber values (12833, TO_DATE('2018-03-12', 'yyyy-mm-dd'), TO_DATE('2027-08-22', 'yyyy-mm-dd'), 'individual', 'Haniya Farrow');
insert into subscriber values (10213, TO_DATE('2021-01-21', 'yyyy-mm-dd'), TO_DATE('2027-12-10', 'yyyy-mm-dd'), 'individual', 'Keely Peck');
insert into subscriber values (16646, TO_DATE('2019-08-09', 'yyyy-mm-dd'), TO_DATE('2030-01-20', 'yyyy-mm-dd'), 'individual', 'Manisha Bowes');
insert into subscriber values (11593, TO_DATE('2019-11-26', 'yyyy-mm-dd'), TO_DATE('2026-08-13', 'yyyy-mm-dd'), 'individual', 'Sonny Gregory');
insert into subscriber values (15478, TO_DATE('2021-05-18', 'yyyy-mm-dd'), TO_DATE('2030-07-25', 'yyyy-mm-dd'), 'individual', 'Penny Hester');
insert into subscriber values (13419, TO_DATE('2015-07-31', 'yyyy-mm-dd'), TO_DATE('2030-12-30', 'yyyy-mm-dd'), 'individual', 'Stephan Burks');
insert into subscriber values (10049, TO_DATE('2016-02-25', 'yyyy-mm-dd'), TO_DATE('2030-01-09', 'yyyy-mm-dd'), 'individual', 'Amara Bryant');
insert into subscriber values (18889, TO_DATE('2019-04-18', 'yyyy-mm-dd'), TO_DATE('2029-03-24', 'yyyy-mm-dd'), 'individual', 'Maggie Larsen');
insert into subscriber values (18637, TO_DATE('2017-05-04', 'yyyy-mm-dd'), TO_DATE('2025-03-25', 'yyyy-mm-dd'), 'individual', 'Fletcher Vang');
insert into subscriber values (19583, TO_DATE('2016-03-19', 'yyyy-mm-dd'), TO_DATE('2023-11-24', 'yyyy-mm-dd'), 'individual', 'Katie-Louise Cameron');
insert into subscriber values (12186, TO_DATE('2015-10-21', 'yyyy-mm-dd'), TO_DATE('2024-04-14', 'yyyy-mm-dd'), 'individual', 'Olly Mccallum');
insert into subscriber values (18091, TO_DATE('2020-06-21', 'yyyy-mm-dd'), TO_DATE('2027-04-06', 'yyyy-mm-dd'), 'individual', 'Patryk Mac');
insert into subscriber values (16526, TO_DATE('2020-09-22', 'yyyy-mm-dd'), TO_DATE('2030-11-20', 'yyyy-mm-dd'), 'individual', 'Nicolle Marin');
insert into subscriber values (16806, TO_DATE('2017-12-15', 'yyyy-mm-dd'), TO_DATE('2024-05-05', 'yyyy-mm-dd'), 'individual', 'Romany Hayward');
insert into subscriber values (11106, TO_DATE('2020-12-22', 'yyyy-mm-dd'), TO_DATE('2023-10-30', 'yyyy-mm-dd'), 'individual', 'Ayman Lowe');
insert into subscriber values (14271, TO_DATE('2018-06-13', 'yyyy-mm-dd'), TO_DATE('2029-09-28', 'yyyy-mm-dd'), 'individual', 'Stanislaw Monaghan');
insert into subscriber values (10833, TO_DATE('2015-11-16', 'yyyy-mm-dd'), TO_DATE('2025-01-30', 'yyyy-mm-dd'), 'individual', 'Sohaib Fry');
insert into subscriber values (17092, TO_DATE('2019-05-11', 'yyyy-mm-dd'), TO_DATE('2023-09-14', 'yyyy-mm-dd'), 'individual', 'Talia Sharples');
insert into subscriber values (12881, TO_DATE('2020-10-08', 'yyyy-mm-dd'), TO_DATE('2028-12-15', 'yyyy-mm-dd'), 'individual', 'Shane Hart');
insert into subscriber values (19923, TO_DATE('2018-09-19', 'yyyy-mm-dd'), TO_DATE('2029-03-14', 'yyyy-mm-dd'), 'individual', 'Lexi-May Rosales');
insert into subscriber values (11456, TO_DATE('2015-12-21', 'yyyy-mm-dd'), TO_DATE('2029-10-05', 'yyyy-mm-dd'), 'individual', 'Finnley Mackenzie');
insert into subscriber values (13002, TO_DATE('2018-08-11', 'yyyy-mm-dd'), TO_DATE('2026-01-06', 'yyyy-mm-dd'), 'individual', 'Nicky Good');
insert into subscriber values (18030, TO_DATE('2020-06-07', 'yyyy-mm-dd'), TO_DATE('2026-08-11', 'yyyy-mm-dd'), 'individual', 'Aiesha Hinton');
insert into subscriber values (15564, TO_DATE('2015-05-02', 'yyyy-mm-dd'), TO_DATE('2028-07-23', 'yyyy-mm-dd'), 'individual', 'Isaiah Barrow');
insert into subscriber values (15070, TO_DATE('2015-04-16', 'yyyy-mm-dd'), TO_DATE('2027-06-18', 'yyyy-mm-dd'), 'individual', 'Count cannot be greater than 100');
insert into subscriber values (13441, TO_DATE('2016-06-27', 'yyyy-mm-dd'), TO_DATE('2026-03-29', 'yyyy-mm-dd'), 'individual', 'Anabella Carlson');
insert into subscriber values (13225, TO_DATE('2017-10-27', 'yyyy-mm-dd'), TO_DATE('2028-07-23', 'yyyy-mm-dd'), 'individual', 'Grover Browne');
insert into subscriber values (15047, TO_DATE('2019-04-08', 'yyyy-mm-dd'), TO_DATE('2025-10-04', 'yyyy-mm-dd'), 'individual', 'Rufus Aguilar');
insert into subscriber values (19405, TO_DATE('2016-07-25', 'yyyy-mm-dd'), TO_DATE('2029-03-16', 'yyyy-mm-dd'), 'individual', 'Allan Le');
insert into subscriber values (14313, TO_DATE('2015-06-25', 'yyyy-mm-dd'), TO_DATE('2027-08-20', 'yyyy-mm-dd'), 'individual', 'Eoghan Mercer');
insert into subscriber values (19634, TO_DATE('2019-11-09', 'yyyy-mm-dd'), TO_DATE('2027-12-30', 'yyyy-mm-dd'), 'individual', 'Karla Estrada');
insert into subscriber values (18986, TO_DATE('2015-03-23', 'yyyy-mm-dd'), TO_DATE('2023-08-01', 'yyyy-mm-dd'), 'individual', 'Qasim Padilla');
insert into subscriber values (17775, TO_DATE('2019-04-19', 'yyyy-mm-dd'), TO_DATE('2029-04-09', 'yyyy-mm-dd'), 'individual', 'Imaani Walls');
insert into subscriber values (17070, TO_DATE('2019-03-28', 'yyyy-mm-dd'), TO_DATE('2030-11-16', 'yyyy-mm-dd'), 'individual', 'Teddie Reyna');
insert into subscriber values (10893, TO_DATE('2019-09-06', 'yyyy-mm-dd'), TO_DATE('2026-05-11', 'yyyy-mm-dd'), 'individual', 'Tasha Wolfe');
insert into subscriber values (19308, TO_DATE('2021-05-18', 'yyyy-mm-dd'), TO_DATE('2024-11-01', 'yyyy-mm-dd'), 'individual', 'Mehdi Coates');
insert into subscriber values (19090, TO_DATE('2015-10-14', 'yyyy-mm-dd'), TO_DATE('2026-01-26', 'yyyy-mm-dd'), 'individual', 'Kiyan Clemons');
insert into subscriber values (19282, TO_DATE('2015-03-27', 'yyyy-mm-dd'), TO_DATE('2027-07-03', 'yyyy-mm-dd'), 'individual', 'Heidi Leon');
insert into subscriber values (11041, TO_DATE('2018-07-31', 'yyyy-mm-dd'), TO_DATE('2024-06-10', 'yyyy-mm-dd'), 'individual', 'Cora Whitfield');
insert into subscriber values (14750, TO_DATE('2019-02-01', 'yyyy-mm-dd'), TO_DATE('2026-09-16', 'yyyy-mm-dd'), 'individual', 'Arfa Baldwin');
insert into subscriber values (19898, TO_DATE('2019-09-03', 'yyyy-mm-dd'), TO_DATE('2029-04-21', 'yyyy-mm-dd'), 'individual', 'Caitlin Dillon');
insert into subscriber values (14290, TO_DATE('2020-05-01', 'yyyy-mm-dd'), TO_DATE('2028-06-09', 'yyyy-mm-dd'), 'individual', 'Anthony Winter');
insert into subscriber values (15127, TO_DATE('2015-09-16', 'yyyy-mm-dd'), TO_DATE('2027-07-22', 'yyyy-mm-dd'), 'individual', 'Felicity Findlay');
insert into subscriber values (14442, TO_DATE('2019-06-17', 'yyyy-mm-dd'), TO_DATE('2024-06-29', 'yyyy-mm-dd'), 'individual', 'Traci Frank');
insert into subscriber values (18048, TO_DATE('2017-07-04', 'yyyy-mm-dd'), TO_DATE('2027-02-16', 'yyyy-mm-dd'), 'individual', 'Daniela Mullen');
insert into subscriber values (17210, TO_DATE('2016-11-04', 'yyyy-mm-dd'), TO_DATE('2023-08-01', 'yyyy-mm-dd'), 'individual', 'Terry Beasley');
insert into subscriber values (19019, TO_DATE('2016-12-09', 'yyyy-mm-dd'), TO_DATE('2026-04-05', 'yyyy-mm-dd'), 'individual', 'Kiefer Patel');
insert into subscriber values (19835, TO_DATE('2020-02-29', 'yyyy-mm-dd'), TO_DATE('2030-11-19', 'yyyy-mm-dd'), 'individual', 'Anika Conway');
insert into subscriber values (15644, TO_DATE('2020-08-22', 'yyyy-mm-dd'), TO_DATE('2030-02-17', 'yyyy-mm-dd'), 'individual', 'Abby Dickerson');
insert into subscriber values (18225, TO_DATE('2021-07-20', 'yyyy-mm-dd'), TO_DATE('2027-01-20', 'yyyy-mm-dd'), 'individual', 'Luna Sampson');
insert into subscriber values (14652, TO_DATE('2019-02-21', 'yyyy-mm-dd'), TO_DATE('2023-02-24', 'yyyy-mm-dd'), 'individual', 'Maliha Lovell');
insert into subscriber values (19796, TO_DATE('2019-10-25', 'yyyy-mm-dd'), TO_DATE('2029-09-03', 'yyyy-mm-dd'), 'individual', 'Keavy Bryant');
insert into subscriber values (18697, TO_DATE('2017-05-02', 'yyyy-mm-dd'), TO_DATE('2027-11-04', 'yyyy-mm-dd'), 'individual', 'Husna Espinosa');
insert into subscriber values (12059, TO_DATE('2015-09-08', 'yyyy-mm-dd'), TO_DATE('2030-06-29', 'yyyy-mm-dd'), 'individual', 'Jules Irwin');
insert into subscriber values (10622, TO_DATE('2017-11-19', 'yyyy-mm-dd'), TO_DATE('2026-08-15', 'yyyy-mm-dd'), 'individual', 'Lily-Ann Martins');
insert into subscriber values (12694, TO_DATE('2016-07-07', 'yyyy-mm-dd'), TO_DATE('2029-12-13', 'yyyy-mm-dd'), 'individual', 'Kiera Franks');
insert into subscriber values (12156, TO_DATE('2021-05-08', 'yyyy-mm-dd'), TO_DATE('2026-03-31', 'yyyy-mm-dd'), 'individual', 'Nick Becker');
insert into subscriber values (11672, TO_DATE('2018-07-05', 'yyyy-mm-dd'), TO_DATE('2025-03-26', 'yyyy-mm-dd'), 'individual', 'Kristin Costa');
insert into subscriber values (17279, TO_DATE('2019-09-12', 'yyyy-mm-dd'), TO_DATE('2027-12-03', 'yyyy-mm-dd'), 'individual', 'Reilly Healy');
insert into subscriber values (11071, TO_DATE('2020-08-23', 'yyyy-mm-dd'), TO_DATE('2023-01-22', 'yyyy-mm-dd'), 'individual', 'Margot Dickson');
insert into subscriber values (11762, TO_DATE('2018-05-20', 'yyyy-mm-dd'), TO_DATE('2030-09-30', 'yyyy-mm-dd'), 'individual', 'Hamzah Ferguson');
insert into subscriber values (14331, TO_DATE('2015-03-18', 'yyyy-mm-dd'), TO_DATE('2027-12-20', 'yyyy-mm-dd'), 'individual', 'Ishaq Cortes');
insert into subscriber values (11998, TO_DATE('2017-07-15', 'yyyy-mm-dd'), TO_DATE('2023-11-07', 'yyyy-mm-dd'), 'individual', 'Marc Vo');
insert into subscriber values (15124, TO_DATE('2017-01-12', 'yyyy-mm-dd'), TO_DATE('2030-09-12', 'yyyy-mm-dd'), 'individual', 'Colton Allan');
insert into subscriber values (10926, TO_DATE('2016-06-19', 'yyyy-mm-dd'), TO_DATE('2026-10-02', 'yyyy-mm-dd'), 'individual', 'Kianna Gutierrez');
insert into subscriber values (19623, TO_DATE('2020-10-11', 'yyyy-mm-dd'), TO_DATE('2023-10-20', 'yyyy-mm-dd'), 'individual', 'Sameeha Hahn');
insert into subscriber values (19737, TO_DATE('2015-03-13', 'yyyy-mm-dd'), TO_DATE('2027-10-16', 'yyyy-mm-dd'), 'individual', 'Clay Rasmussen');
insert into subscriber values (11777, TO_DATE('2019-03-04', 'yyyy-mm-dd'), TO_DATE('2023-03-22', 'yyyy-mm-dd'), 'individual', 'Elaine Crane');
insert into subscriber values (10705, TO_DATE('2020-08-04', 'yyyy-mm-dd'), TO_DATE('2029-02-12', 'yyyy-mm-dd'), 'individual', 'Nida Contreras');
insert into subscriber values (10189, TO_DATE('2018-12-27', 'yyyy-mm-dd'), TO_DATE('2024-11-17', 'yyyy-mm-dd'), 'individual', 'Pierce Key');
insert into subscriber values (18057, TO_DATE('2021-02-25', 'yyyy-mm-dd'), TO_DATE('2024-09-11', 'yyyy-mm-dd'), 'individual', 'Marisa Allen');
insert into subscriber values (13944, TO_DATE('2021-08-28', 'yyyy-mm-dd'), TO_DATE('2027-05-15', 'yyyy-mm-dd'), 'individual', 'Taylor Whitaker');
insert into subscriber values (16088, TO_DATE('2021-01-21', 'yyyy-mm-dd'), TO_DATE('2027-04-28', 'yyyy-mm-dd'), 'individual', 'Lilia Enriquez');
insert into subscriber values (18624, TO_DATE('2019-01-20', 'yyyy-mm-dd'), TO_DATE('2030-07-11', 'yyyy-mm-dd'), 'individual', 'Dixie Compton');
insert into subscriber values (10850, TO_DATE('2017-12-10', 'yyyy-mm-dd'), TO_DATE('2025-06-12', 'yyyy-mm-dd'), 'individual', 'Rico Pike');
insert into subscriber values (17838, TO_DATE('2021-06-11', 'yyyy-mm-dd'), TO_DATE('2030-12-14', 'yyyy-mm-dd'), 'individual', 'Tiago Sparrow');
insert into subscriber values (17769, TO_DATE('2015-11-23', 'yyyy-mm-dd'), TO_DATE('2029-11-09', 'yyyy-mm-dd'), 'individual', 'Bethan Squires');
insert into subscriber values (19063, TO_DATE('2020-01-30', 'yyyy-mm-dd'), TO_DATE('2024-08-12', 'yyyy-mm-dd'), 'individual', 'Ava-Grace Cox');
insert into subscriber values (13001, TO_DATE('2016-08-04', 'yyyy-mm-dd'), TO_DATE('2023-05-21', 'yyyy-mm-dd'), 'individual', 'Darcy Riddle');
insert into subscriber values (19413, TO_DATE('2020-08-01', 'yyyy-mm-dd'), TO_DATE('2023-07-28', 'yyyy-mm-dd'), 'individual', 'Nathanial Reeve');
insert into subscriber values (16442, TO_DATE('2020-07-31', 'yyyy-mm-dd'), TO_DATE('2029-05-06', 'yyyy-mm-dd'), 'individual', 'Veronica Vargas');
insert into subscriber values (17801, TO_DATE('2021-07-29', 'yyyy-mm-dd'), TO_DATE('2023-10-28', 'yyyy-mm-dd'), 'individual', 'Haroon Burris');
insert into subscriber values (18837, TO_DATE('2020-05-29', 'yyyy-mm-dd'), TO_DATE('2023-08-03', 'yyyy-mm-dd'), 'individual', 'Britney Zuniga');
insert into subscriber values (11867, TO_DATE('2015-10-14', 'yyyy-mm-dd'), TO_DATE('2029-10-02', 'yyyy-mm-dd'), 'individual', 'Liberty Whelan');
insert into subscriber values (18080, TO_DATE('2015-12-24', 'yyyy-mm-dd'), TO_DATE('2028-11-13', 'yyyy-mm-dd'), 'individual', 'Raphael Truong');
insert into subscriber values (11287, TO_DATE('2021-07-28', 'yyyy-mm-dd'), TO_DATE('2026-10-25', 'yyyy-mm-dd'), 'individual', 'Shayaan Mcleod');
insert into subscriber values (11155, TO_DATE('2017-11-04', 'yyyy-mm-dd'), TO_DATE('2030-02-24', 'yyyy-mm-dd'), 'individual', 'Ammarah Mccarty');
insert into subscriber values (11679, TO_DATE('2019-04-05', 'yyyy-mm-dd'), TO_DATE('2030-11-14', 'yyyy-mm-dd'), 'individual', 'Ahmad Rubio');
insert into subscriber values (19587, TO_DATE('2019-08-15', 'yyyy-mm-dd'), TO_DATE('2026-07-10', 'yyyy-mm-dd'), 'individual', 'Ajwa Collier');
insert into subscriber values (12925, TO_DATE('2015-05-08', 'yyyy-mm-dd'), TO_DATE('2030-02-16', 'yyyy-mm-dd'), 'individual', 'Aden Oakley');
insert into subscriber values (11428, TO_DATE('2020-01-15', 'yyyy-mm-dd'), TO_DATE('2024-01-14', 'yyyy-mm-dd'), 'individual', 'Gurveer Haney');
insert into subscriber values (13708, TO_DATE('2019-08-13', 'yyyy-mm-dd'), TO_DATE('2025-02-04', 'yyyy-mm-dd'), 'individual', 'Kellan Andersen');
insert into subscriber values (17878, TO_DATE('2017-12-16', 'yyyy-mm-dd'), TO_DATE('2024-03-12', 'yyyy-mm-dd'), 'individual', 'Ffion Read');
insert into subscriber values (15379, TO_DATE('2015-08-06', 'yyyy-mm-dd'), TO_DATE('2026-09-11', 'yyyy-mm-dd'), 'individual', 'Stephanie Carver');
insert into subscriber values (17271, TO_DATE('2019-10-10', 'yyyy-mm-dd'), TO_DATE('2028-08-29', 'yyyy-mm-dd'), 'individual', 'Rowena Cain');
insert into subscriber values (18436, TO_DATE('2020-09-03', 'yyyy-mm-dd'), TO_DATE('2030-04-16', 'yyyy-mm-dd'), 'individual', 'Demi-Lee Adkins');
insert into subscriber values (10098, TO_DATE('2019-12-24', 'yyyy-mm-dd'), TO_DATE('2024-12-06', 'yyyy-mm-dd'), 'individual', 'Aras Stuart');
insert into subscriber values (15591, TO_DATE('2020-03-04', 'yyyy-mm-dd'), TO_DATE('2028-11-06', 'yyyy-mm-dd'), 'individual', 'Cleo Bryan');
insert into subscriber values (17293, TO_DATE('2015-10-25', 'yyyy-mm-dd'), TO_DATE('2023-01-13', 'yyyy-mm-dd'), 'individual', 'Mariyam Broughton');
insert into subscriber values (15653, TO_DATE('2021-01-28', 'yyyy-mm-dd'), TO_DATE('2024-04-21', 'yyyy-mm-dd'), 'individual', 'Graham Avery');
insert into subscriber values (14084, TO_DATE('2020-10-22', 'yyyy-mm-dd'), TO_DATE('2030-07-27', 'yyyy-mm-dd'), 'individual', 'Wilson Moon');
insert into subscriber values (12286, TO_DATE('2017-10-28', 'yyyy-mm-dd'), TO_DATE('2027-03-08', 'yyyy-mm-dd'), 'individual', 'Matthias Burrows');
insert into subscriber values (13345, TO_DATE('2015-07-14', 'yyyy-mm-dd'), TO_DATE('2023-07-15', 'yyyy-mm-dd'), 'individual', 'Mandy Hibbert');
insert into subscriber values (18660, TO_DATE('2020-09-03', 'yyyy-mm-dd'), TO_DATE('2027-12-14', 'yyyy-mm-dd'), 'individual', 'Vihaan OReilly');
insert into subscriber values (19630, TO_DATE('2016-10-05', 'yyyy-mm-dd'), TO_DATE('2024-06-19', 'yyyy-mm-dd'), 'individual', 'Ella-Rose Nolan');
insert into subscriber values (16581, TO_DATE('2015-07-22', 'yyyy-mm-dd'), TO_DATE('2029-02-06', 'yyyy-mm-dd'), 'individual', 'Teodor King');
insert into subscriber values (11922, TO_DATE('2016-11-06', 'yyyy-mm-dd'), TO_DATE('2023-05-09', 'yyyy-mm-dd'), 'individual', 'Chester Cousins');
insert into subscriber values (16926, TO_DATE('2020-06-29', 'yyyy-mm-dd'), TO_DATE('2025-06-15', 'yyyy-mm-dd'), 'individual', 'Aleyna Rooney');
insert into subscriber values (18066, TO_DATE('2016-03-02', 'yyyy-mm-dd'), TO_DATE('2027-06-27', 'yyyy-mm-dd'), 'individual', 'Ilyas Myers');
insert into subscriber values (13156, TO_DATE('2017-06-23', 'yyyy-mm-dd'), TO_DATE('2027-03-01', 'yyyy-mm-dd'), 'individual', 'Eman Pineda');
insert into subscriber values (12594, TO_DATE('2018-01-30', 'yyyy-mm-dd'), TO_DATE('2027-04-16', 'yyyy-mm-dd'), 'individual', 'Indi Roberson');
insert into subscriber values (14473, TO_DATE('2016-10-24', 'yyyy-mm-dd'), TO_DATE('2026-12-20', 'yyyy-mm-dd'), 'individual', 'Khia Cordova');
insert into subscriber values (12904, TO_DATE('2021-05-15', 'yyyy-mm-dd'), TO_DATE('2024-08-14', 'yyyy-mm-dd'), 'individual', 'Sidrah Cummings');
insert into subscriber values (18262, TO_DATE('2017-10-26', 'yyyy-mm-dd'), TO_DATE('2026-08-26', 'yyyy-mm-dd'), 'individual', 'Beatrix Smart');
insert into subscriber values (17042, TO_DATE('2018-01-10', 'yyyy-mm-dd'), TO_DATE('2025-09-06', 'yyyy-mm-dd'), 'individual', 'Rafi Mckenzie');
insert into subscriber values (10083, TO_DATE('2019-03-15', 'yyyy-mm-dd'), TO_DATE('2030-06-17', 'yyyy-mm-dd'), 'individual', 'Summer Deleon');
insert into subscriber values (14923, TO_DATE('2016-01-16', 'yyyy-mm-dd'), TO_DATE('2026-07-12', 'yyyy-mm-dd'), 'individual', 'Erik Rutledge');
insert into subscriber values (13575, TO_DATE('2021-07-12', 'yyyy-mm-dd'), TO_DATE('2022-12-03', 'yyyy-mm-dd'), 'individual', 'Suraj Ratcliffe');
insert into subscriber values (16749, TO_DATE('2019-08-19', 'yyyy-mm-dd'), TO_DATE('2025-11-20', 'yyyy-mm-dd'), 'individual', 'Sabiha Hurley');
insert into subscriber values (10491, TO_DATE('2018-05-23', 'yyyy-mm-dd'), TO_DATE('2028-10-15', 'yyyy-mm-dd'), 'individual', 'Ayush Neale');
insert into subscriber values (17013, TO_DATE('2016-09-28', 'yyyy-mm-dd'), TO_DATE('2023-06-14', 'yyyy-mm-dd'), 'individual', 'Aimee Barnard');
insert into subscriber values (10167, TO_DATE('2019-04-12', 'yyyy-mm-dd'), TO_DATE('2030-11-24', 'yyyy-mm-dd'), 'individual', 'Killian Zhang');
insert into subscriber values (18525, TO_DATE('2018-01-21', 'yyyy-mm-dd'), TO_DATE('2030-06-23', 'yyyy-mm-dd'), 'individual', 'Wesley Mcknight');
insert into subscriber values (14053, TO_DATE('2018-06-12', 'yyyy-mm-dd'), TO_DATE('2028-05-28', 'yyyy-mm-dd'), 'individual', 'Count cannot be greater than 100');
insert into subscriber values (12145, TO_DATE('2019-06-04', 'yyyy-mm-dd'), TO_DATE('2029-02-11', 'yyyy-mm-dd'), 'individual', 'Fateh Solis');
insert into subscriber values (19113, TO_DATE('2019-05-09', 'yyyy-mm-dd'), TO_DATE('2028-06-16', 'yyyy-mm-dd'), 'individual', 'Sarah-Jane Gardiner');
insert into subscriber values (19826, TO_DATE('2019-10-04', 'yyyy-mm-dd'), TO_DATE('2024-12-14', 'yyyy-mm-dd'), 'individual', 'Mehreen Mcleod');
insert into subscriber values (13111, TO_DATE('2020-11-19', 'yyyy-mm-dd'), TO_DATE('2027-11-04', 'yyyy-mm-dd'), 'individual', 'Hebe Bate');
insert into subscriber values (16695, TO_DATE('2018-05-14', 'yyyy-mm-dd'), TO_DATE('2028-01-08', 'yyyy-mm-dd'), 'individual', 'Ada Bryan');
insert into subscriber values (16641, TO_DATE('2017-04-30', 'yyyy-mm-dd'), TO_DATE('2024-11-08', 'yyyy-mm-dd'), 'individual', 'Tiffany Lott');
insert into subscriber values (11206, TO_DATE('2021-02-04', 'yyyy-mm-dd'), TO_DATE('2024-08-17', 'yyyy-mm-dd'), 'individual', 'Ezmae Sweet');
insert into subscriber values (17352, TO_DATE('2017-05-31', 'yyyy-mm-dd'), TO_DATE('2027-09-12', 'yyyy-mm-dd'), 'individual', 'Zainab Kinney');
insert into subscriber values (17865, TO_DATE('2018-05-01', 'yyyy-mm-dd'), TO_DATE('2023-08-30', 'yyyy-mm-dd'), 'individual', 'Sian Mack');
insert into subscriber values (11343, TO_DATE('2016-11-06', 'yyyy-mm-dd'), TO_DATE('2029-02-09', 'yyyy-mm-dd'), 'individual', 'Pola Hurst');
insert into subscriber values (19399, TO_DATE('2015-12-17', 'yyyy-mm-dd'), TO_DATE('2026-10-22', 'yyyy-mm-dd'), 'individual', 'Teagan Park');
insert into subscriber values (10745, TO_DATE('2015-10-11', 'yyyy-mm-dd'), TO_DATE('2023-07-14', 'yyyy-mm-dd'), 'individual', 'Clementine Escobar');
insert into subscriber values (13920, TO_DATE('2021-07-08', 'yyyy-mm-dd'), TO_DATE('2026-06-20', 'yyyy-mm-dd'), 'individual', 'Danielius Hernandez');
insert into subscriber values (12077, TO_DATE('2018-02-21', 'yyyy-mm-dd'), TO_DATE('2023-07-05', 'yyyy-mm-dd'), 'individual', 'Kush Burrows');
insert into subscriber values (16020, TO_DATE('2016-02-11', 'yyyy-mm-dd'), TO_DATE('2027-01-31', 'yyyy-mm-dd'), 'individual', 'Effie Houston');
insert into subscriber values (17481, TO_DATE('2021-03-14', 'yyyy-mm-dd'), TO_DATE('2030-07-01', 'yyyy-mm-dd'), 'individual', 'Gerald Rooney');
insert into subscriber values (11855, TO_DATE('2017-09-08', 'yyyy-mm-dd'), TO_DATE('2027-01-20', 'yyyy-mm-dd'), 'individual', 'Alivia Hamer');
insert into subscriber values (16338, TO_DATE('2016-07-05', 'yyyy-mm-dd'), TO_DATE('2029-08-28', 'yyyy-mm-dd'), 'individual', 'Celia Goodwin');
insert into subscriber values (14169, TO_DATE('2015-12-19', 'yyyy-mm-dd'), TO_DATE('2025-05-22', 'yyyy-mm-dd'), 'individual', 'Joseff Rosas');
insert into subscriber values (12660, TO_DATE('2016-04-26', 'yyyy-mm-dd'), TO_DATE('2028-11-21', 'yyyy-mm-dd'), 'individual', 'Casper Rowe');
insert into subscriber values (10545, TO_DATE('2020-10-15', 'yyyy-mm-dd'), TO_DATE('2026-06-24', 'yyyy-mm-dd'), 'individual', 'Olaf Miranda');
insert into subscriber values (10447, TO_DATE('2017-03-27', 'yyyy-mm-dd'), TO_DATE('2030-04-28', 'yyyy-mm-dd'), 'individual', 'Aiesha Castaneda');
insert into subscriber values (19842, TO_DATE('2015-09-15', 'yyyy-mm-dd'), TO_DATE('2029-02-04', 'yyyy-mm-dd'), 'individual', 'Jayson William');
insert into subscriber values (15178, TO_DATE('2017-02-25', 'yyyy-mm-dd'), TO_DATE('2030-04-03', 'yyyy-mm-dd'), 'individual', 'Juliette Kane');
insert into subscriber values (12745, TO_DATE('2016-09-29', 'yyyy-mm-dd'), TO_DATE('2029-12-16', 'yyyy-mm-dd'), 'individual', 'Eoin Xiong');
insert into subscriber values (14074, TO_DATE('2020-09-05', 'yyyy-mm-dd'), TO_DATE('2025-06-12', 'yyyy-mm-dd'), 'individual', 'Dane Duffy');
insert into subscriber values (19180, TO_DATE('2016-05-26', 'yyyy-mm-dd'), TO_DATE('2028-01-11', 'yyyy-mm-dd'), 'individual', 'Ameena Dawson');
insert into subscriber values (18393, TO_DATE('2015-07-20', 'yyyy-mm-dd'), TO_DATE('2027-07-29', 'yyyy-mm-dd'), 'individual', 'Cloe Chandler');
insert into subscriber values (15909, TO_DATE('2017-02-01', 'yyyy-mm-dd'), TO_DATE('2028-04-23', 'yyyy-mm-dd'), 'individual', 'Faiz Richardson');
insert into subscriber values (17330, TO_DATE('2015-09-30', 'yyyy-mm-dd'), TO_DATE('2028-06-25', 'yyyy-mm-dd'), 'individual', 'Hakeem Grey');
insert into subscriber values (10952, TO_DATE('2016-10-25', 'yyyy-mm-dd'), TO_DATE('2027-07-27', 'yyyy-mm-dd'), 'individual', 'Akaash Bell');
insert into subscriber values (11702, TO_DATE('2019-10-29', 'yyyy-mm-dd'), TO_DATE('2024-04-07', 'yyyy-mm-dd'), 'individual', 'Hafsa Akhtar');
insert into subscriber values (14406, TO_DATE('2017-03-15', 'yyyy-mm-dd'), TO_DATE('2028-09-08', 'yyyy-mm-dd'), 'individual', 'Rufus Keenan');
insert into subscriber values (19894, TO_DATE('2019-08-09', 'yyyy-mm-dd'), TO_DATE('2030-02-14', 'yyyy-mm-dd'), 'individual', 'Tai Mason');
insert into subscriber values (18577, TO_DATE('2015-03-30', 'yyyy-mm-dd'), TO_DATE('2026-01-24', 'yyyy-mm-dd'), 'individual', 'Ammaarah Mclaughlin');
insert into subscriber values (14747, TO_DATE('2017-05-11', 'yyyy-mm-dd'), TO_DATE('2030-01-23', 'yyyy-mm-dd'), 'individual', 'Ayat Guerra');
insert into subscriber values (10212, TO_DATE('2018-05-09', 'yyyy-mm-dd'), TO_DATE('2025-07-26', 'yyyy-mm-dd'), 'individual', 'Eamon Whyte');
insert into subscriber values (17981, TO_DATE('2016-02-08', 'yyyy-mm-dd'), TO_DATE('2026-07-03', 'yyyy-mm-dd'), 'individual', 'Sandra Colon');
insert into subscriber values (16277, TO_DATE('2017-04-17', 'yyyy-mm-dd'), TO_DATE('2023-01-31', 'yyyy-mm-dd'), 'individual', 'Korben Huber');
insert into subscriber values (12435, TO_DATE('2019-03-19', 'yyyy-mm-dd'), TO_DATE('2030-02-06', 'yyyy-mm-dd'), 'individual', 'Lyndsey ORyan');
insert into subscriber values (18231, TO_DATE('2017-09-26', 'yyyy-mm-dd'), TO_DATE('2026-07-23', 'yyyy-mm-dd'), 'individual', 'Alisa Pena');
insert into subscriber values (13507, TO_DATE('2020-11-10', 'yyyy-mm-dd'), TO_DATE('2030-08-19', 'yyyy-mm-dd'), 'individual', 'Jobe Rodgers');
insert into subscriber values (11195, TO_DATE('2021-05-26', 'yyyy-mm-dd'), TO_DATE('2028-12-11', 'yyyy-mm-dd'), 'individual', 'Matt Sanchez');
insert into subscriber values (15535, TO_DATE('2016-04-05', 'yyyy-mm-dd'), TO_DATE('2025-11-03', 'yyyy-mm-dd'), 'individual', 'Taylor Barlow');
insert into subscriber values (18025, TO_DATE('2017-04-18', 'yyyy-mm-dd'), TO_DATE('2029-05-24', 'yyyy-mm-dd'), 'individual', 'Alfie Mercado');
insert into subscriber values (19734, TO_DATE('2020-03-31', 'yyyy-mm-dd'), TO_DATE('2029-07-13', 'yyyy-mm-dd'), 'individual', 'Britney Brookes');
insert into subscriber values (10824, TO_DATE('2016-01-24', 'yyyy-mm-dd'), TO_DATE('2024-09-29', 'yyyy-mm-dd'), 'individual', 'Timothy Estes');
insert into subscriber values (18786, TO_DATE('2021-08-13', 'yyyy-mm-dd'), TO_DATE('2025-08-31', 'yyyy-mm-dd'), 'individual', 'Antonina Mcmillan');
insert into subscriber values (10693, TO_DATE('2018-12-24', 'yyyy-mm-dd'), TO_DATE('2026-05-15', 'yyyy-mm-dd'), 'individual', 'Brendan Wickens');
insert into subscriber values (10396, TO_DATE('2019-10-17', 'yyyy-mm-dd'), TO_DATE('2022-12-15', 'yyyy-mm-dd'), 'individual', 'Henrietta Neal');
insert into subscriber values (18731, TO_DATE('2020-05-21', 'yyyy-mm-dd'), TO_DATE('2030-04-07', 'yyyy-mm-dd'), 'individual', 'Mairead Davie');
insert into subscriber values (15731, TO_DATE('2019-08-23', 'yyyy-mm-dd'), TO_DATE('2025-10-04', 'yyyy-mm-dd'), 'individual', 'Finnian Cano');
insert into subscriber values (12386, TO_DATE('2019-08-19', 'yyyy-mm-dd'), TO_DATE('2024-08-14', 'yyyy-mm-dd'), 'individual', 'Lillia Wilkins');
insert into subscriber values (17116, TO_DATE('2020-02-21', 'yyyy-mm-dd'), TO_DATE('2029-05-16', 'yyyy-mm-dd'), 'individual', 'Ehsan Gibbons');
insert into subscriber values (14419, TO_DATE('2018-12-22', 'yyyy-mm-dd'), TO_DATE('2028-12-29', 'yyyy-mm-dd'), 'individual', 'Maddox Waller');
insert into subscriber values (16504, TO_DATE('2019-08-19', 'yyyy-mm-dd'), TO_DATE('2029-02-17', 'yyyy-mm-dd'), 'individual', 'Aqeel Travis');
insert into subscriber values (15360, TO_DATE('2021-01-07', 'yyyy-mm-dd'), TO_DATE('2029-01-20', 'yyyy-mm-dd'), 'individual', 'Ahmad Stephens');
insert into subscriber values (12416, TO_DATE('2021-01-26', 'yyyy-mm-dd'), TO_DATE('2028-09-02', 'yyyy-mm-dd'), 'individual', 'Brax Levy');
insert into subscriber values (11853, TO_DATE('2015-08-08', 'yyyy-mm-dd'), TO_DATE('2024-07-13', 'yyyy-mm-dd'), 'individual', 'Luisa Hough');
insert into subscriber values (18760, TO_DATE('2021-01-25', 'yyyy-mm-dd'), TO_DATE('2023-08-19', 'yyyy-mm-dd'), 'individual', 'Frida Robbins');
insert into subscriber values (16694, TO_DATE('2020-10-15', 'yyyy-mm-dd'), TO_DATE('2028-09-19', 'yyyy-mm-dd'), 'individual', 'Emelie Hays');
insert into subscriber values (12326, TO_DATE('2015-12-23', 'yyyy-mm-dd'), TO_DATE('2030-01-29', 'yyyy-mm-dd'), 'individual', 'Harriett Allison');
insert into subscriber values (17927, TO_DATE('2019-10-14', 'yyyy-mm-dd'), TO_DATE('2024-08-31', 'yyyy-mm-dd'), 'individual', 'Mariya Moses');
insert into subscriber values (16968, TO_DATE('2017-04-27', 'yyyy-mm-dd'), TO_DATE('2028-05-30', 'yyyy-mm-dd'), 'individual', 'Saanvi Irvine');
insert into subscriber values (19973, TO_DATE('2019-03-07', 'yyyy-mm-dd'), TO_DATE('2027-08-17', 'yyyy-mm-dd'), 'individual', 'Mehak Hurley');
insert into subscriber values (14335, TO_DATE('2020-09-10', 'yyyy-mm-dd'), TO_DATE('2025-06-27', 'yyyy-mm-dd'), 'individual', 'Olly Montes');
insert into subscriber values (10763, TO_DATE('2020-09-16', 'yyyy-mm-dd'), TO_DATE('2030-09-18', 'yyyy-mm-dd'), 'individual', 'Monica Davila');
insert into subscriber values (14423, TO_DATE('2020-09-03', 'yyyy-mm-dd'), TO_DATE('2026-06-12', 'yyyy-mm-dd'), 'individual', 'Mateusz Blackwell');
insert into subscriber values (10618, TO_DATE('2016-09-01', 'yyyy-mm-dd'), TO_DATE('2026-12-17', 'yyyy-mm-dd'), 'individual', 'Dani Redman');
insert into subscriber values (12636, TO_DATE('2017-09-04', 'yyyy-mm-dd'), TO_DATE('2028-04-22', 'yyyy-mm-dd'), 'individual', 'Riley-James Sawyer');
insert into subscriber values (18238, TO_DATE('2015-08-20', 'yyyy-mm-dd'), TO_DATE('2025-04-13', 'yyyy-mm-dd'), 'individual', 'Paolo Mckenzie');
insert into subscriber values (11961, TO_DATE('2015-08-27', 'yyyy-mm-dd'), TO_DATE('2023-11-28', 'yyyy-mm-dd'), 'individual', 'Antoni Cuevas');
insert into subscriber values (14472, TO_DATE('2017-02-07', 'yyyy-mm-dd'), TO_DATE('2027-04-16', 'yyyy-mm-dd'), 'individual', 'Arla Trejo');
insert into subscriber values (11075, TO_DATE('2020-04-12', 'yyyy-mm-dd'), TO_DATE('2025-12-09', 'yyyy-mm-dd'), 'individual', 'Ihsan Estrada');
insert into subscriber values (14920, TO_DATE('2020-11-30', 'yyyy-mm-dd'), TO_DATE('2026-12-07', 'yyyy-mm-dd'), 'individual', 'Zhane Gordon');
insert into subscriber values (17421, TO_DATE('2021-05-19', 'yyyy-mm-dd'), TO_DATE('2025-08-13', 'yyyy-mm-dd'), 'individual', 'Lillie-Mae Summers');
insert into subscriber values (19922, TO_DATE('2017-03-11', 'yyyy-mm-dd'), TO_DATE('2024-03-21', 'yyyy-mm-dd'), 'individual', 'Shana Hardin');
insert into subscriber values (10033, TO_DATE('2020-04-10', 'yyyy-mm-dd'), TO_DATE('2027-09-13', 'yyyy-mm-dd'), 'individual', 'Alannah Curtis');
insert into subscriber values (16997, TO_DATE('2021-04-30', 'yyyy-mm-dd'), TO_DATE('2026-12-05', 'yyyy-mm-dd'), 'individual', 'Benedict Bowen');
insert into subscriber values (16994, TO_DATE('2020-02-08', 'yyyy-mm-dd'), TO_DATE('2024-03-30', 'yyyy-mm-dd'), 'individual', 'Ruben Velasquez');
insert into subscriber values (14274, TO_DATE('2021-03-17', 'yyyy-mm-dd'), TO_DATE('2023-07-05', 'yyyy-mm-dd'), 'individual', 'Sohaib Mustafa');
insert into subscriber values (18276, TO_DATE('2016-04-19', 'yyyy-mm-dd'), TO_DATE('2030-11-29', 'yyyy-mm-dd'), 'individual', 'Kynan Marquez');
insert into subscriber values (15076, TO_DATE('2015-07-08', 'yyyy-mm-dd'), TO_DATE('2030-08-29', 'yyyy-mm-dd'), 'individual', 'Aston Horn');
insert into subscriber values (16911, TO_DATE('2021-08-15', 'yyyy-mm-dd'), TO_DATE('2023-06-08', 'yyyy-mm-dd'), 'individual', 'Brody Kirkland');
insert into subscriber values (12494, TO_DATE('2017-10-28', 'yyyy-mm-dd'), TO_DATE('2029-04-28', 'yyyy-mm-dd'), 'individual', 'Euan Carson');
insert into subscriber values (16018, TO_DATE('2021-06-18', 'yyyy-mm-dd'), TO_DATE('2027-04-14', 'yyyy-mm-dd'), 'individual', 'Arwel Gale');
insert into subscriber values (15337, TO_DATE('2021-01-17', 'yyyy-mm-dd'), TO_DATE('2026-05-06', 'yyyy-mm-dd'), 'individual', 'Emmanuella Lowe');
insert into subscriber values (12284, TO_DATE('2019-12-26', 'yyyy-mm-dd'), TO_DATE('2023-06-22', 'yyyy-mm-dd'), 'individual', 'Horace Haigh');
insert into subscriber values (18451, TO_DATE('2019-05-22', 'yyyy-mm-dd'), TO_DATE('2024-08-13', 'yyyy-mm-dd'), 'individual', 'Zach Cline');
insert into subscriber values (14275, TO_DATE('2019-10-30', 'yyyy-mm-dd'), TO_DATE('2025-03-14', 'yyyy-mm-dd'), 'individual', 'Freddie Boyle');
insert into subscriber values (10657, TO_DATE('2015-03-27', 'yyyy-mm-dd'), TO_DATE('2026-07-19', 'yyyy-mm-dd'), 'individual', 'Iolo Duncan');
insert into subscriber values (12473, TO_DATE('2016-07-29', 'yyyy-mm-dd'), TO_DATE('2027-01-03', 'yyyy-mm-dd'), 'individual', 'Marcel Connor');
insert into subscriber values (16816, TO_DATE('2015-02-04', 'yyyy-mm-dd'), TO_DATE('2026-05-31', 'yyyy-mm-dd'), 'individual', 'Aminah Shelton');
insert into subscriber values (15365, TO_DATE('2016-07-03', 'yyyy-mm-dd'), TO_DATE('2025-10-29', 'yyyy-mm-dd'), 'individual', 'Bella Combs');
insert into subscriber values (17698, TO_DATE('2019-02-01', 'yyyy-mm-dd'), TO_DATE('2028-11-22', 'yyyy-mm-dd'), 'individual', 'Marcos Brewer');
insert into subscriber values (13393, TO_DATE('2018-03-27', 'yyyy-mm-dd'), TO_DATE('2026-05-15', 'yyyy-mm-dd'), 'individual', 'Brittney Hogan');
insert into subscriber values (15812, TO_DATE('2016-12-12', 'yyyy-mm-dd'), TO_DATE('2027-11-01', 'yyyy-mm-dd'), 'individual', 'Daniaal Hale');
insert into subscriber values (17957, TO_DATE('2019-12-13', 'yyyy-mm-dd'), TO_DATE('2024-11-06', 'yyyy-mm-dd'), 'individual', 'Aleeza Bruce');
insert into subscriber values (18160, TO_DATE('2015-11-19', 'yyyy-mm-dd'), TO_DATE('2028-08-07', 'yyyy-mm-dd'), 'individual', 'Count cannot be greater than 100');
insert into subscriber values (10420, TO_DATE('2016-10-24', 'yyyy-mm-dd'), TO_DATE('2029-01-11', 'yyyy-mm-dd'), 'individual', 'Destiny Yates');
insert into subscriber values (12016, TO_DATE('2018-09-19', 'yyyy-mm-dd'), TO_DATE('2023-08-31', 'yyyy-mm-dd'), 'individual', 'Hawa Schwartz');
insert into subscriber values (16194, TO_DATE('2017-04-26', 'yyyy-mm-dd'), TO_DATE('2030-06-14', 'yyyy-mm-dd'), 'individual', 'Corrie Waller');
insert into subscriber values (18521, TO_DATE('2020-07-24', 'yyyy-mm-dd'), TO_DATE('2028-03-09', 'yyyy-mm-dd'), 'individual', 'Jiya Read');
insert into subscriber values (14921, TO_DATE('2021-08-21', 'yyyy-mm-dd'), TO_DATE('2030-12-10', 'yyyy-mm-dd'), 'individual', 'Areebah Head');
insert into subscriber values (18535, TO_DATE('2020-03-28', 'yyyy-mm-dd'), TO_DATE('2029-12-21', 'yyyy-mm-dd'), 'individual', 'Gracie-May Marquez');
insert into subscriber values (17937, TO_DATE('2018-05-10', 'yyyy-mm-dd'), TO_DATE('2030-02-19', 'yyyy-mm-dd'), 'individual', 'Jared Peck');
insert into subscriber values (11494, TO_DATE('2016-12-09', 'yyyy-mm-dd'), TO_DATE('2030-07-16', 'yyyy-mm-dd'), 'individual', 'Jak Shah');
insert into subscriber values (18904, TO_DATE('2021-07-15', 'yyyy-mm-dd'), TO_DATE('2029-07-15', 'yyyy-mm-dd'), 'individual', 'Alice Pacheco');
insert into subscriber values (11114, TO_DATE('2021-05-25', 'yyyy-mm-dd'), TO_DATE('2028-06-03', 'yyyy-mm-dd'), 'individual', 'Joy Leigh');
insert into subscriber values (13702, TO_DATE('2019-07-18', 'yyyy-mm-dd'), TO_DATE('2023-10-26', 'yyyy-mm-dd'), 'individual', 'Kellie Wiggins');
insert into subscriber values (18750, TO_DATE('2019-11-06', 'yyyy-mm-dd'), TO_DATE('2023-08-15', 'yyyy-mm-dd'), 'individual', 'Rihanna Santana');
insert into subscriber values (13468, TO_DATE('2020-12-31', 'yyyy-mm-dd'), TO_DATE('2029-06-04', 'yyyy-mm-dd'), 'individual', 'Samina Dunlap');
insert into subscriber values (14097, TO_DATE('2020-11-03', 'yyyy-mm-dd'), TO_DATE('2028-11-23', 'yyyy-mm-dd'), 'individual', 'Emyr Lees');
insert into subscriber values (19157, TO_DATE('2016-11-20', 'yyyy-mm-dd'), TO_DATE('2027-10-12', 'yyyy-mm-dd'), 'individual', 'Soraya Prentice');
insert into subscriber values (15718, TO_DATE('2018-04-14', 'yyyy-mm-dd'), TO_DATE('2029-12-31', 'yyyy-mm-dd'), 'individual', 'Arun Gallegos');
insert into subscriber values (16896, TO_DATE('2018-12-31', 'yyyy-mm-dd'), TO_DATE('2026-03-25', 'yyyy-mm-dd'), 'individual', 'Jaxon Bowman');
insert into subscriber values (11741, TO_DATE('2019-10-18', 'yyyy-mm-dd'), TO_DATE('2029-03-19', 'yyyy-mm-dd'), 'individual', 'Rahul Bull');
insert into subscriber values (13151, TO_DATE('2019-04-02', 'yyyy-mm-dd'), TO_DATE('2025-11-28', 'yyyy-mm-dd'), 'individual', 'Diogo Mooney');
insert into subscriber values (18564, TO_DATE('2019-06-15', 'yyyy-mm-dd'), TO_DATE('2027-07-12', 'yyyy-mm-dd'), 'individual', 'Killian Sheppard');
insert into subscriber values (11269, TO_DATE('2015-10-01', 'yyyy-mm-dd'), TO_DATE('2025-02-08', 'yyyy-mm-dd'), 'individual', 'Simra Knott');
insert into subscriber values (15416, TO_DATE('2016-01-07', 'yyyy-mm-dd'), TO_DATE('2027-01-21', 'yyyy-mm-dd'), 'individual', 'Remy Mcintyre');
insert into subscriber values (10157, TO_DATE('2015-10-16', 'yyyy-mm-dd'), TO_DATE('2029-02-02', 'yyyy-mm-dd'), 'individual', 'Virginia Schaefer');
insert into subscriber values (10072, TO_DATE('2018-12-15', 'yyyy-mm-dd'), TO_DATE('2024-01-10', 'yyyy-mm-dd'), 'individual', 'Samuel Neville');
insert into subscriber values (18340, TO_DATE('2019-09-12', 'yyyy-mm-dd'), TO_DATE('2029-04-06', 'yyyy-mm-dd'), 'individual', 'Jacob Neale');
insert into subscriber values (15592, TO_DATE('2015-04-08', 'yyyy-mm-dd'), TO_DATE('2028-11-04', 'yyyy-mm-dd'), 'individual', 'Kelsea Sexton');
insert into subscriber values (12845, TO_DATE('2018-03-08', 'yyyy-mm-dd'), TO_DATE('2030-03-07', 'yyyy-mm-dd'), 'individual', 'Victor Fountain');
insert into subscriber values (10508, TO_DATE('2021-02-10', 'yyyy-mm-dd'), TO_DATE('2027-11-29', 'yyyy-mm-dd'), 'individual', 'Ronaldo Ellis');
insert into subscriber values (10724, TO_DATE('2020-04-24', 'yyyy-mm-dd'), TO_DATE('2024-06-05', 'yyyy-mm-dd'), 'individual', 'Nataniel Gilmour');
insert into subscriber values (10085, TO_DATE('2019-12-07', 'yyyy-mm-dd'), TO_DATE('2028-07-27', 'yyyy-mm-dd'), 'individual', 'Ellena Villa');
insert into subscriber values (12729, TO_DATE('2019-12-31', 'yyyy-mm-dd'), TO_DATE('2026-07-25', 'yyyy-mm-dd'), 'individual', 'Annabel Schultz');
insert into subscriber values (15497, TO_DATE('2016-08-08', 'yyyy-mm-dd'), TO_DATE('2025-12-25', 'yyyy-mm-dd'), 'individual', 'Hashim Beard');
insert into subscriber values (18410, TO_DATE('2016-02-26', 'yyyy-mm-dd'), TO_DATE('2028-04-04', 'yyyy-mm-dd'), 'individual', 'Christina Harris');
insert into subscriber values (15422, TO_DATE('2019-07-15', 'yyyy-mm-dd'), TO_DATE('2027-12-07', 'yyyy-mm-dd'), 'individual', 'Amaya Norton');
insert into subscriber values (15410, TO_DATE('2020-04-03', 'yyyy-mm-dd'), TO_DATE('2025-03-27', 'yyyy-mm-dd'), 'individual', 'Alyssia Wainwright');
insert into subscriber values (18796, TO_DATE('2019-01-22', 'yyyy-mm-dd'), TO_DATE('2029-05-12', 'yyyy-mm-dd'), 'individual', 'Zane Roberts');
insert into subscriber values (18763, TO_DATE('2019-03-19', 'yyyy-mm-dd'), TO_DATE('2024-05-01', 'yyyy-mm-dd'), 'individual', 'Anika Berger');
insert into subscriber values (14312, TO_DATE('2016-12-08', 'yyyy-mm-dd'), TO_DATE('2025-06-05', 'yyyy-mm-dd'), 'individual', 'Nikodem Rodrigues');
insert into subscriber values (15647, TO_DATE('2017-02-11', 'yyyy-mm-dd'), TO_DATE('2028-06-11', 'yyyy-mm-dd'), 'individual', 'Taio Harper');
insert into subscriber values (13703, TO_DATE('2017-07-17', 'yyyy-mm-dd'), TO_DATE('2024-08-04', 'yyyy-mm-dd'), 'individual', 'Harrison Sutherland');
insert into subscriber values (10482, TO_DATE('2021-04-27', 'yyyy-mm-dd'), TO_DATE('2027-08-10', 'yyyy-mm-dd'), 'individual', 'Norah Conroy');
insert into subscriber values (12453, TO_DATE('2021-01-25', 'yyyy-mm-dd'), TO_DATE('2026-05-25', 'yyyy-mm-dd'), 'individual', 'Sammy-Jo Long');
insert into subscriber values (18365, TO_DATE('2015-10-31', 'yyyy-mm-dd'), TO_DATE('2023-06-27', 'yyyy-mm-dd'), 'individual', 'Jack Pearson');
insert into subscriber values (14166, TO_DATE('2021-01-29', 'yyyy-mm-dd'), TO_DATE('2023-02-17', 'yyyy-mm-dd'), 'individual', 'Vladimir Lynn');
insert into subscriber values (19885, TO_DATE('2015-07-19', 'yyyy-mm-dd'), TO_DATE('2027-09-29', 'yyyy-mm-dd'), 'individual', 'Tayah Coles');
insert into subscriber values (13000, TO_DATE('2017-10-03', 'yyyy-mm-dd'), TO_DATE('2023-03-26', 'yyyy-mm-dd'), 'individual', 'Gabrielius Mathis');
insert into subscriber values (10605, TO_DATE('2017-04-21', 'yyyy-mm-dd'), TO_DATE('2027-08-30', 'yyyy-mm-dd'), 'individual', 'Tyler-James Carlson');
insert into subscriber values (15409, TO_DATE('2016-02-20', 'yyyy-mm-dd'), TO_DATE('2025-12-11', 'yyyy-mm-dd'), 'individual', 'Muhamed Sears');
insert into subscriber values (15144, TO_DATE('2016-09-01', 'yyyy-mm-dd'), TO_DATE('2027-01-01', 'yyyy-mm-dd'), 'individual', 'Brenden Parrish');
insert into subscriber values (16082, TO_DATE('2020-12-02', 'yyyy-mm-dd'), TO_DATE('2027-09-04', 'yyyy-mm-dd'), 'individual', 'Mariella Carter');
insert into subscriber values (13727, TO_DATE('2020-01-17', 'yyyy-mm-dd'), TO_DATE('2029-07-07', 'yyyy-mm-dd'), 'individual', 'Roma Amos');
insert into subscriber values (13120, TO_DATE('2015-02-20', 'yyyy-mm-dd'), TO_DATE('2023-09-19', 'yyyy-mm-dd'), 'individual', 'Nicolle Blaese');
insert into subscriber values (15398, TO_DATE('2020-06-18', 'yyyy-mm-dd'), TO_DATE('2026-11-21', 'yyyy-mm-dd'), 'individual', 'Raheem Mclean');
insert into subscriber values (13802, TO_DATE('2017-10-20', 'yyyy-mm-dd'), TO_DATE('2029-11-22', 'yyyy-mm-dd'), 'individual', 'Ayaan Prince');
insert into subscriber values (11911, TO_DATE('2016-09-21', 'yyyy-mm-dd'), TO_DATE('2026-10-16', 'yyyy-mm-dd'), 'individual', 'Faye Tyson');
insert into subscriber values (16427, TO_DATE('2020-05-03', 'yyyy-mm-dd'), TO_DATE('2028-08-22', 'yyyy-mm-dd'), 'individual', 'Mikail Barnett');
insert into subscriber values (10891, TO_DATE('2015-06-30', 'yyyy-mm-dd'), TO_DATE('2025-01-08', 'yyyy-mm-dd'), 'individual', 'Arda Simmons');
insert into subscriber values (16950, TO_DATE('2020-09-29', 'yyyy-mm-dd'), TO_DATE('2027-11-15', 'yyyy-mm-dd'), 'individual', 'Jensen Brock');
insert into subscriber values (16113, TO_DATE('2017-09-01', 'yyyy-mm-dd'), TO_DATE('2030-03-03', 'yyyy-mm-dd'), 'individual', 'Eren Ferreira');
insert into subscriber values (18205, TO_DATE('2018-07-16', 'yyyy-mm-dd'), TO_DATE('2030-01-13', 'yyyy-mm-dd'), 'individual', 'Eliott Maynard');
insert into subscriber values (17187, TO_DATE('2016-11-07', 'yyyy-mm-dd'), TO_DATE('2027-11-17', 'yyyy-mm-dd'), 'individual', 'Kamran Escobar');
insert into subscriber values (19057, TO_DATE('2017-07-21', 'yyyy-mm-dd'), TO_DATE('2022-12-11', 'yyyy-mm-dd'), 'individual', 'Inaaya Puckett');
insert into subscriber values (11168, TO_DATE('2019-05-28', 'yyyy-mm-dd'), TO_DATE('2027-01-28', 'yyyy-mm-dd'), 'individual', 'Shahid Cash');
insert into subscriber values (10242, TO_DATE('2017-03-14', 'yyyy-mm-dd'), TO_DATE('2025-06-21', 'yyyy-mm-dd'), 'individual', 'Mitchell Richmond');
insert into subscriber values (14470, TO_DATE('2017-10-20', 'yyyy-mm-dd'), TO_DATE('2028-01-11', 'yyyy-mm-dd'), 'individual', 'Arron Davis');
insert into subscriber values (12070, TO_DATE('2021-06-12', 'yyyy-mm-dd'), TO_DATE('2028-10-17', 'yyyy-mm-dd'), 'individual', 'Mikaela Thomas');
insert into subscriber values (14544, TO_DATE('2021-04-17', 'yyyy-mm-dd'), TO_DATE('2025-05-16', 'yyyy-mm-dd'), 'individual', 'Yolanda Nava');
insert into subscriber values (13671, TO_DATE('2015-03-22', 'yyyy-mm-dd'), TO_DATE('2024-03-02', 'yyyy-mm-dd'), 'individual', 'Bronte Thompson');
insert into subscriber values (13949, TO_DATE('2020-08-08', 'yyyy-mm-dd'), TO_DATE('2023-09-23', 'yyyy-mm-dd'), 'individual', 'Leanna Boone');
insert into subscriber values (10967, TO_DATE('2020-01-26', 'yyyy-mm-dd'), TO_DATE('2030-12-03', 'yyyy-mm-dd'), 'individual', 'Alix French');
insert into subscriber values (18654, TO_DATE('2020-04-02', 'yyyy-mm-dd'), TO_DATE('2026-11-16', 'yyyy-mm-dd'), 'individual', 'Tracy Pike');
insert into subscriber values (19810, TO_DATE('2016-05-25', 'yyyy-mm-dd'), TO_DATE('2029-09-14', 'yyyy-mm-dd'), 'individual', 'Miranda Palacios');
insert into subscriber values (12180, TO_DATE('2016-04-24', 'yyyy-mm-dd'), TO_DATE('2022-12-20', 'yyyy-mm-dd'), 'individual', 'Said Guzman');
insert into subscriber values (13186, TO_DATE('2018-03-19', 'yyyy-mm-dd'), TO_DATE('2030-05-16', 'yyyy-mm-dd'), 'individual', 'Gurpreet Mccall');
insert into subscriber values (19761, TO_DATE('2021-08-20', 'yyyy-mm-dd'), TO_DATE('2027-01-25', 'yyyy-mm-dd'), 'individual', 'Ayub Terrell');
insert into subscriber values (10024, TO_DATE('2015-04-27', 'yyyy-mm-dd'), TO_DATE('2026-09-04', 'yyyy-mm-dd'), 'individual', 'Zac Mcguire');
insert into subscriber values (14896, TO_DATE('2017-12-12', 'yyyy-mm-dd'), TO_DATE('2028-03-15', 'yyyy-mm-dd'), 'individual', 'Angelica King');
insert into subscriber values (17085, TO_DATE('2017-07-17', 'yyyy-mm-dd'), TO_DATE('2026-03-15', 'yyyy-mm-dd'), 'individual', 'Luke Schneider');
insert into subscriber values (10747, TO_DATE('2020-09-13', 'yyyy-mm-dd'), TO_DATE('2029-05-11', 'yyyy-mm-dd'), 'individual', 'Aden Carey');
insert into subscriber values (18174, TO_DATE('2016-09-14', 'yyyy-mm-dd'), TO_DATE('2027-04-27', 'yyyy-mm-dd'), 'individual', 'Alissia Obrien');
insert into subscriber values (19672, TO_DATE('2015-05-06', 'yyyy-mm-dd'), TO_DATE('2026-12-23', 'yyyy-mm-dd'), 'individual', 'Rehan Cortes');
insert into subscriber values (16053, TO_DATE('2015-02-19', 'yyyy-mm-dd'), TO_DATE('2028-01-06', 'yyyy-mm-dd'), 'individual', 'Marjorie Hull');
insert into subscriber values (17248, TO_DATE('2017-08-13', 'yyyy-mm-dd'), TO_DATE('2030-06-12', 'yyyy-mm-dd'), 'individual', 'Tyler-Jay Church');
insert into subscriber values (11277, TO_DATE('2018-05-25', 'yyyy-mm-dd'), TO_DATE('2024-04-05', 'yyyy-mm-dd'), 'individual', 'Gurveer Paine');
insert into subscriber values (13430, TO_DATE('2020-01-20', 'yyyy-mm-dd'), TO_DATE('2026-01-27', 'yyyy-mm-dd'), 'individual', 'Saira Moore');
insert into subscriber values (12608, TO_DATE('2018-09-22', 'yyyy-mm-dd'), TO_DATE('2028-10-15', 'yyyy-mm-dd'), 'individual', 'Taran Pruitt');
insert into subscriber values (16830, TO_DATE('2017-09-13', 'yyyy-mm-dd'), TO_DATE('2027-03-10', 'yyyy-mm-dd'), 'individual', 'Arham Tran');
insert into subscriber values (11129, TO_DATE('2015-05-18', 'yyyy-mm-dd'), TO_DATE('2025-05-30', 'yyyy-mm-dd'), 'individual', 'Otis Rowland');
insert into subscriber values (15745, TO_DATE('2015-07-13', 'yyyy-mm-dd'), TO_DATE('2026-12-07', 'yyyy-mm-dd'), 'individual', 'Zainab Finley');
insert into subscriber values (18473, TO_DATE('2018-03-28', 'yyyy-mm-dd'), TO_DATE('2024-08-16', 'yyyy-mm-dd'), 'individual', 'Gillian Hanna');
insert into subscriber values (15283, TO_DATE('2017-06-08', 'yyyy-mm-dd'), TO_DATE('2022-12-31', 'yyyy-mm-dd'), 'individual', 'Luis Knapp');
insert into subscriber values (13416, TO_DATE('2021-04-27', 'yyyy-mm-dd'), TO_DATE('2029-12-04', 'yyyy-mm-dd'), 'individual', 'Lucian Walton');
insert into subscriber values (17548, TO_DATE('2017-02-09', 'yyyy-mm-dd'), TO_DATE('2030-12-03', 'yyyy-mm-dd'), 'individual', 'Violet Rennie');
insert into subscriber values (16737, TO_DATE('2019-11-17', 'yyyy-mm-dd'), TO_DATE('2027-01-13', 'yyyy-mm-dd'), 'individual', 'Trey Novak');
insert into subscriber values (17907, TO_DATE('2017-01-27', 'yyyy-mm-dd'), TO_DATE('2028-08-01', 'yyyy-mm-dd'), 'individual', 'Jane Calderon');
insert into subscriber values (17971, TO_DATE('2020-07-13', 'yyyy-mm-dd'), TO_DATE('2029-04-17', 'yyyy-mm-dd'), 'individual', 'Asif Coulson');
insert into subscriber values (18377, TO_DATE('2018-01-08', 'yyyy-mm-dd'), TO_DATE('2029-12-21', 'yyyy-mm-dd'), 'individual', 'Patience Tillman');
insert into subscriber values (13037, TO_DATE('2016-06-26', 'yyyy-mm-dd'), TO_DATE('2029-04-26', 'yyyy-mm-dd'), 'individual', 'Lincoln Valenzuela');
insert into subscriber values (15575, TO_DATE('2021-07-14', 'yyyy-mm-dd'), TO_DATE('2023-04-01', 'yyyy-mm-dd'), 'individual', 'Count cannot be greater than 100');
insert into subscriber values (17610, TO_DATE('2016-02-23', 'yyyy-mm-dd'), TO_DATE('2028-05-20', 'yyyy-mm-dd'), 'individual', 'Krystal Curry');
insert into subscriber values (18966, TO_DATE('2019-07-07', 'yyyy-mm-dd'), TO_DATE('2024-01-18', 'yyyy-mm-dd'), 'individual', 'Benito Malone');
insert into subscriber values (19814, TO_DATE('2015-03-12', 'yyyy-mm-dd'), TO_DATE('2030-06-02', 'yyyy-mm-dd'), 'individual', 'Clarke Hahn');
insert into subscriber values (16618, TO_DATE('2021-08-04', 'yyyy-mm-dd'), TO_DATE('2030-04-14', 'yyyy-mm-dd'), 'individual', 'Akram Cano');
insert into subscriber values (18522, TO_DATE('2015-06-20', 'yyyy-mm-dd'), TO_DATE('2028-12-11', 'yyyy-mm-dd'), 'individual', 'Syed Croft');
insert into subscriber values (17820, TO_DATE('2017-12-28', 'yyyy-mm-dd'), TO_DATE('2025-11-23', 'yyyy-mm-dd'), 'individual', 'Hisham Lane');
insert into subscriber values (18369, TO_DATE('2017-01-15', 'yyyy-mm-dd'), TO_DATE('2028-08-27', 'yyyy-mm-dd'), 'individual', 'Magdalena Tran');
insert into subscriber values (16756, TO_DATE('2017-09-05', 'yyyy-mm-dd'), TO_DATE('2024-04-04', 'yyyy-mm-dd'), 'individual', 'Emilija Esquivel');
insert into subscriber values (13752, TO_DATE('2015-04-06', 'yyyy-mm-dd'), TO_DATE('2023-04-26', 'yyyy-mm-dd'), 'individual', 'Iain Best');
insert into subscriber values (10050, TO_DATE('2017-11-03', 'yyyy-mm-dd'), TO_DATE('2028-10-10', 'yyyy-mm-dd'), 'individual', 'Susan Almond');
insert into subscriber values (10441, TO_DATE('2018-11-07', 'yyyy-mm-dd'), TO_DATE('2030-09-16', 'yyyy-mm-dd'), 'individual', 'Kyan Ashton');
insert into subscriber values (10091, TO_DATE('2020-11-26', 'yyyy-mm-dd'), TO_DATE('2030-02-21', 'yyyy-mm-dd'), 'individual', 'Maiya Miles');
insert into subscriber values (13095, TO_DATE('2018-08-13', 'yyyy-mm-dd'), TO_DATE('2027-01-31', 'yyyy-mm-dd'), 'individual', 'Ayah Harding');
insert into subscriber values (10258, TO_DATE('2019-08-22', 'yyyy-mm-dd'), TO_DATE('2028-01-15', 'yyyy-mm-dd'), 'individual', 'Indi Baxter');
insert into subscriber values (18896, TO_DATE('2016-03-14', 'yyyy-mm-dd'), TO_DATE('2027-05-04', 'yyyy-mm-dd'), 'individual', 'Emanuel Winter');
insert into subscriber values (13021, TO_DATE('2018-01-24', 'yyyy-mm-dd'), TO_DATE('2026-11-30', 'yyyy-mm-dd'), 'individual', 'Nellie Harwood');
insert into subscriber values (18158, TO_DATE('2018-04-13', 'yyyy-mm-dd'), TO_DATE('2027-01-08', 'yyyy-mm-dd'), 'individual', 'Soraya Vinson');
insert into subscriber values (12225, TO_DATE('2019-01-21', 'yyyy-mm-dd'), TO_DATE('2025-06-11', 'yyyy-mm-dd'), 'individual', 'Nawal Parkinson');
insert into subscriber values (13185, TO_DATE('2016-01-24', 'yyyy-mm-dd'), TO_DATE('2030-12-20', 'yyyy-mm-dd'), 'individual', 'Nansi Metcalfe');
insert into subscriber values (10315, TO_DATE('2020-01-08', 'yyyy-mm-dd'), TO_DATE('2025-03-07', 'yyyy-mm-dd'), 'individual', 'Minnie Weaver');
insert into subscriber values (17162, TO_DATE('2020-07-10', 'yyyy-mm-dd'), TO_DATE('2029-04-03', 'yyyy-mm-dd'), 'individual', 'Betsy Navarro');
insert into subscriber values (11708, TO_DATE('2017-03-27', 'yyyy-mm-dd'), TO_DATE('2025-03-18', 'yyyy-mm-dd'), 'individual', 'Damon Wainwright');
insert into subscriber values (11785, TO_DATE('2016-05-05', 'yyyy-mm-dd'), TO_DATE('2023-01-20', 'yyyy-mm-dd'), 'individual', 'Abigayle Rush');
insert into subscriber values (13628, TO_DATE('2016-09-10', 'yyyy-mm-dd'), TO_DATE('2030-04-11', 'yyyy-mm-dd'), 'individual', 'Lindsay Holt');
insert into subscriber values (15168, TO_DATE('2021-06-20', 'yyyy-mm-dd'), TO_DATE('2028-01-08', 'yyyy-mm-dd'), 'individual', 'Alisha Haynes');
insert into subscriber values (13719, TO_DATE('2021-06-29', 'yyyy-mm-dd'), TO_DATE('2023-05-03', 'yyyy-mm-dd'), 'individual', 'Kaiser Melendez');
insert into subscriber values (19966, TO_DATE('2018-09-01', 'yyyy-mm-dd'), TO_DATE('2030-10-05', 'yyyy-mm-dd'), 'individual', 'Kiki Russell');
insert into subscriber values (17639, TO_DATE('2016-10-17', 'yyyy-mm-dd'), TO_DATE('2023-02-06', 'yyyy-mm-dd'), 'individual', 'Izabela Blankenship');
insert into subscriber values (13171, TO_DATE('2021-03-18', 'yyyy-mm-dd'), TO_DATE('2027-11-01', 'yyyy-mm-dd'), 'individual', 'Roshni Jones');
insert into subscriber values (12736, TO_DATE('2021-03-26', 'yyyy-mm-dd'), TO_DATE('2023-08-02', 'yyyy-mm-dd'), 'individual', 'Eloise Cresswell');
insert into subscriber values (16909, TO_DATE('2020-07-19', 'yyyy-mm-dd'), TO_DATE('2027-08-23', 'yyyy-mm-dd'), 'individual', 'Roxie Carney');
insert into subscriber values (10858, TO_DATE('2020-10-11', 'yyyy-mm-dd'), TO_DATE('2025-06-15', 'yyyy-mm-dd'), 'individual', 'Victor Bryant');
insert into subscriber values (19120, TO_DATE('2015-03-28', 'yyyy-mm-dd'), TO_DATE('2028-01-13', 'yyyy-mm-dd'), 'individual', 'Dilan Fisher');
insert into subscriber values (12397, TO_DATE('2017-04-23', 'yyyy-mm-dd'), TO_DATE('2024-03-08', 'yyyy-mm-dd'), 'individual', 'Leilani Wilkins');
insert into subscriber values (11908, TO_DATE('2016-01-28', 'yyyy-mm-dd'), TO_DATE('2023-08-29', 'yyyy-mm-dd'), 'individual', 'Nelson Choi');
insert into subscriber values (16361, TO_DATE('2019-01-24', 'yyyy-mm-dd'), TO_DATE('2029-03-11', 'yyyy-mm-dd'), 'individual', 'Caoimhe Kearney');
insert into subscriber values (17797, TO_DATE('2015-08-29', 'yyyy-mm-dd'), TO_DATE('2024-06-16', 'yyyy-mm-dd'), 'individual', 'Zander Welsh');
insert into subscriber values (17329, TO_DATE('2020-06-28', 'yyyy-mm-dd'), TO_DATE('2024-11-22', 'yyyy-mm-dd'), 'individual', 'Dione Obrien');
insert into subscriber values (11145, TO_DATE('2018-12-09', 'yyyy-mm-dd'), TO_DATE('2024-06-06', 'yyyy-mm-dd'), 'individual', 'Whitney Pugh');
insert into subscriber values (18898, TO_DATE('2020-06-15', 'yyyy-mm-dd'), TO_DATE('2027-08-15', 'yyyy-mm-dd'), 'individual', 'Shaquille Rosales');
insert into subscriber values (14077, TO_DATE('2015-08-21', 'yyyy-mm-dd'), TO_DATE('2025-08-22', 'yyyy-mm-dd'), 'individual', 'Jamil Ware');
insert into subscriber values (18256, TO_DATE('2019-06-25', 'yyyy-mm-dd'), TO_DATE('2024-11-01', 'yyyy-mm-dd'), 'individual', 'Amritpal Jennings');
insert into subscriber values (13740, TO_DATE('2015-12-01', 'yyyy-mm-dd'), TO_DATE('2026-02-14', 'yyyy-mm-dd'), 'individual', 'Pheobe Holland');
insert into subscriber values (10682, TO_DATE('2015-03-12', 'yyyy-mm-dd'), TO_DATE('2023-05-21', 'yyyy-mm-dd'), 'individual', 'Indigo Grant');
insert into subscriber values (15494, TO_DATE('2015-10-22', 'yyyy-mm-dd'), TO_DATE('2025-05-03', 'yyyy-mm-dd'), 'individual', 'Yasmin Finnegan');
insert into subscriber values (10988, TO_DATE('2020-06-10', 'yyyy-mm-dd'), TO_DATE('2030-02-21', 'yyyy-mm-dd'), 'individual', 'Wallace Howells');
insert into subscriber values (11596, TO_DATE('2017-08-30', 'yyyy-mm-dd'), TO_DATE('2028-11-23', 'yyyy-mm-dd'), 'individual', 'Eva Gilmore');
insert into subscriber values (11987, TO_DATE('2020-07-02', 'yyyy-mm-dd'), TO_DATE('2030-10-16', 'yyyy-mm-dd'), 'individual', 'Ioan Novak');
insert into subscriber values (14984, TO_DATE('2016-07-10', 'yyyy-mm-dd'), TO_DATE('2028-07-29', 'yyyy-mm-dd'), 'individual', 'Kelsey Mcknight');
insert into subscriber values (18762, TO_DATE('2020-12-23', 'yyyy-mm-dd'), TO_DATE('2028-12-11', 'yyyy-mm-dd'), 'individual', 'Elly Sumner');
insert into subscriber values (18976, TO_DATE('2015-05-01', 'yyyy-mm-dd'), TO_DATE('2029-08-27', 'yyyy-mm-dd'), 'individual', 'Reese Schneider');
insert into subscriber values (16219, TO_DATE('2020-02-18', 'yyyy-mm-dd'), TO_DATE('2027-09-30', 'yyyy-mm-dd'), 'individual', 'Zach Roberson');
insert into subscriber values (17231, TO_DATE('2015-04-28', 'yyyy-mm-dd'), TO_DATE('2023-07-27', 'yyyy-mm-dd'), 'individual', 'Edwin Sargent');
insert into subscriber values (11376, TO_DATE('2015-02-06', 'yyyy-mm-dd'), TO_DATE('2027-05-22', 'yyyy-mm-dd'), 'individual', 'Paige Cherry');
insert into subscriber values (11649, TO_DATE('2019-01-02', 'yyyy-mm-dd'), TO_DATE('2023-09-26', 'yyyy-mm-dd'), 'individual', 'Keelan Cullen');
insert into subscriber values (13642, TO_DATE('2020-07-27', 'yyyy-mm-dd'), TO_DATE('2026-03-21', 'yyyy-mm-dd'), 'individual', 'Lily Mackenzie');
insert into subscriber values (15143, TO_DATE('2015-12-20', 'yyyy-mm-dd'), TO_DATE('2027-08-26', 'yyyy-mm-dd'), 'individual', 'Tudor Wu');
insert into subscriber values (13020, TO_DATE('2016-10-17', 'yyyy-mm-dd'), TO_DATE('2024-08-25', 'yyyy-mm-dd'), 'individual', 'Aadam Beltran');
insert into subscriber values (16846, TO_DATE('2016-06-11', 'yyyy-mm-dd'), TO_DATE('2029-04-13', 'yyyy-mm-dd'), 'individual', 'Daniela Hirst');
insert into subscriber values (14787, TO_DATE('2015-09-14', 'yyyy-mm-dd'), TO_DATE('2024-10-28', 'yyyy-mm-dd'), 'individual', 'Lilianna Hassan');
insert into subscriber values (19819, TO_DATE('2015-12-20', 'yyyy-mm-dd'), TO_DATE('2028-04-19', 'yyyy-mm-dd'), 'individual', 'Shereen Bowden');
insert into subscriber values (16240, TO_DATE('2019-07-12', 'yyyy-mm-dd'), TO_DATE('2026-05-18', 'yyyy-mm-dd'), 'individual', 'Vikram Tyler');
insert into subscriber values (19361, TO_DATE('2016-01-26', 'yyyy-mm-dd'), TO_DATE('2023-01-29', 'yyyy-mm-dd'), 'individual', 'Shelley Burn');
insert into subscriber values (15138, TO_DATE('2021-03-10', 'yyyy-mm-dd'), TO_DATE('2027-10-14', 'yyyy-mm-dd'), 'individual', 'Debbie Holmes');
insert into subscriber values (13479, TO_DATE('2015-06-13', 'yyyy-mm-dd'), TO_DATE('2028-01-25', 'yyyy-mm-dd'), 'individual', 'Nazim Mclaughlin');
insert into subscriber values (13736, TO_DATE('2020-07-23', 'yyyy-mm-dd'), TO_DATE('2024-07-24', 'yyyy-mm-dd'), 'individual', 'Beatriz Greig');
insert into subscriber values (14316, TO_DATE('2021-04-18', 'yyyy-mm-dd'), TO_DATE('2024-04-11', 'yyyy-mm-dd'), 'individual', 'Ajwa Kent');
insert into subscriber values (18068, TO_DATE('2017-12-16', 'yyyy-mm-dd'), TO_DATE('2026-06-14', 'yyyy-mm-dd'), 'individual', 'Jordi Spencer');
insert into subscriber values (17388, TO_DATE('2021-06-01', 'yyyy-mm-dd'), TO_DATE('2026-10-18', 'yyyy-mm-dd'), 'individual', 'Petra Carpenter');
insert into subscriber values (18608, TO_DATE('2019-12-05', 'yyyy-mm-dd'), TO_DATE('2028-10-01', 'yyyy-mm-dd'), 'individual', 'Adem Callahan');
insert into subscriber values (10557, TO_DATE('2016-12-01', 'yyyy-mm-dd'), TO_DATE('2026-08-20', 'yyyy-mm-dd'), 'individual', 'Samia Stacey');
insert into subscriber values (14753, TO_DATE('2018-02-04', 'yyyy-mm-dd'), TO_DATE('2025-08-05', 'yyyy-mm-dd'), 'individual', 'Nettie Kirk');
insert into subscriber values (16781, TO_DATE('2016-05-10', 'yyyy-mm-dd'), TO_DATE('2024-03-29', 'yyyy-mm-dd'), 'individual', 'Homer Morales');
insert into subscriber values (12753, TO_DATE('2021-08-02', 'yyyy-mm-dd'), TO_DATE('2030-05-27', 'yyyy-mm-dd'), 'individual', 'Connah Myers');
insert into subscriber values (10165, TO_DATE('2016-02-11', 'yyyy-mm-dd'), TO_DATE('2030-12-12', 'yyyy-mm-dd'), 'individual', 'Norah Dunne');
insert into subscriber values (17398, TO_DATE('2017-04-20', 'yyyy-mm-dd'), TO_DATE('2029-01-20', 'yyyy-mm-dd'), 'individual', 'Elaina Watts');
insert into subscriber values (12084, TO_DATE('2018-02-21', 'yyyy-mm-dd'), TO_DATE('2026-09-24', 'yyyy-mm-dd'), 'individual', 'Mert Morrison');
insert into subscriber values (16247, TO_DATE('2017-11-11', 'yyyy-mm-dd'), TO_DATE('2023-03-09', 'yyyy-mm-dd'), 'individual', 'Tina Ramos');
insert into subscriber values (15705, TO_DATE('2018-06-29', 'yyyy-mm-dd'), TO_DATE('2024-12-18', 'yyyy-mm-dd'), 'individual', 'Bryony Hudson');
insert into subscriber values (17256, TO_DATE('2021-02-17', 'yyyy-mm-dd'), TO_DATE('2028-01-08', 'yyyy-mm-dd'), 'individual', 'Caio Whiteley');
insert into subscriber values (10614, TO_DATE('2016-11-28', 'yyyy-mm-dd'), TO_DATE('2029-09-06', 'yyyy-mm-dd'), 'individual', 'Hannah Mcnamara');
insert into subscriber values (12036, TO_DATE('2018-11-27', 'yyyy-mm-dd'), TO_DATE('2028-01-19', 'yyyy-mm-dd'), 'individual', 'Husna Barber');
insert into subscriber values (19772, TO_DATE('2019-12-03', 'yyyy-mm-dd'), TO_DATE('2028-10-24', 'yyyy-mm-dd'), 'individual', 'Tiernan Begum');
insert into subscriber values (18217, TO_DATE('2016-06-23', 'yyyy-mm-dd'), TO_DATE('2029-12-06', 'yyyy-mm-dd'), 'individual', 'Federico Yates');
insert into subscriber values (16848, TO_DATE('2019-12-16', 'yyyy-mm-dd'), TO_DATE('2029-01-18', 'yyyy-mm-dd'), 'individual', 'Konrad Gamble');
insert into subscriber values (16047, TO_DATE('2019-12-19', 'yyyy-mm-dd'), TO_DATE('2024-10-22', 'yyyy-mm-dd'), 'individual', 'Beverly Singleton');
insert into subscriber values (15951, TO_DATE('2021-07-15', 'yyyy-mm-dd'), TO_DATE('2028-10-16', 'yyyy-mm-dd'), 'individual', 'Kylan Murphy');
insert into subscriber values (10163, TO_DATE('2021-02-07', 'yyyy-mm-dd'), TO_DATE('2025-03-19', 'yyyy-mm-dd'), 'individual', 'Yanis Ortiz');
insert into subscriber values (14935, TO_DATE('2017-01-29', 'yyyy-mm-dd'), TO_DATE('2030-01-13', 'yyyy-mm-dd'), 'individual', 'Sanna Jordan');
insert into subscriber values (18412, TO_DATE('2021-08-25', 'yyyy-mm-dd'), TO_DATE('2028-07-23', 'yyyy-mm-dd'), 'individual', 'Alissia Dennis');
insert into subscriber values (19015, TO_DATE('2016-01-13', 'yyyy-mm-dd'), TO_DATE('2025-03-30', 'yyyy-mm-dd'), 'individual', 'Sofija Marshall');
insert into subscriber values (17040, TO_DATE('2018-08-21', 'yyyy-mm-dd'), TO_DATE('2022-12-27', 'yyyy-mm-dd'), 'individual', 'Taya Tang');
insert into subscriber values (13517, TO_DATE('2017-04-13', 'yyyy-mm-dd'), TO_DATE('2027-06-30', 'yyyy-mm-dd'), 'individual', 'Yusra Lam');
insert into subscriber values (17343, TO_DATE('2021-03-04', 'yyyy-mm-dd'), TO_DATE('2028-06-27', 'yyyy-mm-dd'), 'individual', 'Ishaq Kaiser');
insert into subscriber values (17395, TO_DATE('2020-12-12', 'yyyy-mm-dd'), TO_DATE('2024-07-31', 'yyyy-mm-dd'), 'individual', 'Kameron Emery');
insert into subscriber values (15532, TO_DATE('2020-10-24', 'yyyy-mm-dd'), TO_DATE('2024-09-06', 'yyyy-mm-dd'), 'individual', 'Inaaya Turnbull');
insert into subscriber values (17862, TO_DATE('2016-09-18', 'yyyy-mm-dd'), TO_DATE('2028-03-25', 'yyyy-mm-dd'), 'individual', 'Helen Steele');
insert into subscriber values (19264, TO_DATE('2016-09-01', 'yyyy-mm-dd'), TO_DATE('2023-01-06', 'yyyy-mm-dd'), 'individual', 'Liyah Connolly');
insert into subscriber values (18765, TO_DATE('2019-09-09', 'yyyy-mm-dd'), TO_DATE('2023-06-09', 'yyyy-mm-dd'), 'individual', 'Count cannot be greater than 100');
insert into subscriber values (13655, TO_DATE('2019-04-12', 'yyyy-mm-dd'), TO_DATE('2023-10-02', 'yyyy-mm-dd'), 'individual', 'Zak Wheeler');
insert into subscriber values (16885, TO_DATE('2018-05-25', 'yyyy-mm-dd'), TO_DATE('2030-03-06', 'yyyy-mm-dd'), 'individual', 'Lyle Rivers');
insert into subscriber values (17326, TO_DATE('2017-10-24', 'yyyy-mm-dd'), TO_DATE('2024-07-25', 'yyyy-mm-dd'), 'individual', 'Angus Allen');
insert into subscriber values (17743, TO_DATE('2020-12-11', 'yyyy-mm-dd'), TO_DATE('2030-04-30', 'yyyy-mm-dd'), 'individual', 'Robyn Mackay');
insert into subscriber values (19415, TO_DATE('2018-03-10', 'yyyy-mm-dd'), TO_DATE('2028-11-18', 'yyyy-mm-dd'), 'individual', 'Shirley Heaton');
insert into subscriber values (11260, TO_DATE('2016-08-31', 'yyyy-mm-dd'), TO_DATE('2023-01-28', 'yyyy-mm-dd'), 'individual', 'Harriett ODoherty');
insert into subscriber values (15166, TO_DATE('2016-07-15', 'yyyy-mm-dd'), TO_DATE('2027-09-27', 'yyyy-mm-dd'), 'individual', 'Millie-Mae Huber');
insert into subscriber values (19683, TO_DATE('2020-03-26', 'yyyy-mm-dd'), TO_DATE('2024-02-01', 'yyyy-mm-dd'), 'individual', 'Osama Hope');
insert into subscriber values (11818, TO_DATE('2015-12-25', 'yyyy-mm-dd'), TO_DATE('2025-04-27', 'yyyy-mm-dd'), 'individual', 'Tea Sweet');
insert into subscriber values (15268, TO_DATE('2016-10-07', 'yyyy-mm-dd'), TO_DATE('2025-10-02', 'yyyy-mm-dd'), 'individual', 'Elowen Leblanc');
insert into subscriber values (10597, TO_DATE('2020-01-02', 'yyyy-mm-dd'), TO_DATE('2025-11-10', 'yyyy-mm-dd'), 'individual', 'Hareem Mendez');
insert into subscriber values (15872, TO_DATE('2019-12-21', 'yyyy-mm-dd'), TO_DATE('2028-03-12', 'yyyy-mm-dd'), 'individual', 'Bradley Sharp');
insert into subscriber values (10775, TO_DATE('2021-02-05', 'yyyy-mm-dd'), TO_DATE('2027-09-04', 'yyyy-mm-dd'), 'individual', 'Iain Perkins');
insert into subscriber values (18258, TO_DATE('2021-06-24', 'yyyy-mm-dd'), TO_DATE('2025-12-06', 'yyyy-mm-dd'), 'individual', 'Suzanna Rawlings');
insert into subscriber values (18170, TO_DATE('2018-08-30', 'yyyy-mm-dd'), TO_DATE('2024-07-12', 'yyyy-mm-dd'), 'individual', 'Jenson Almond');
insert into subscriber values (19067, TO_DATE('2016-05-27', 'yyyy-mm-dd'), TO_DATE('2025-10-03', 'yyyy-mm-dd'), 'individual', 'Edgar Powell');
insert into subscriber values (12110, TO_DATE('2020-09-10', 'yyyy-mm-dd'), TO_DATE('2030-03-18', 'yyyy-mm-dd'), 'individual', 'Kie Wilcox');
insert into subscriber values (14064, TO_DATE('2018-01-26', 'yyyy-mm-dd'), TO_DATE('2025-10-05', 'yyyy-mm-dd'), 'individual', 'Raya Boone');
insert into subscriber values (16123, TO_DATE('2017-03-20', 'yyyy-mm-dd'), TO_DATE('2027-06-28', 'yyyy-mm-dd'), 'individual', 'Eren Gonzalez');
insert into subscriber values (17313, TO_DATE('2018-02-01', 'yyyy-mm-dd'), TO_DATE('2030-12-10', 'yyyy-mm-dd'), 'individual', 'Mark Fulton');
insert into subscriber values (19738, TO_DATE('2019-08-08', 'yyyy-mm-dd'), TO_DATE('2025-10-28', 'yyyy-mm-dd'), 'individual', 'Brodie Walls');
insert into subscriber values (18438, TO_DATE('2018-10-13', 'yyyy-mm-dd'), TO_DATE('2026-09-02', 'yyyy-mm-dd'), 'individual', 'Rania Mcfarlane');
insert into subscriber values (13166, TO_DATE('2021-05-23', 'yyyy-mm-dd'), TO_DATE('2024-05-27', 'yyyy-mm-dd'), 'individual', 'Niamh Rodrigues');
insert into subscriber values (10680, TO_DATE('2020-05-13', 'yyyy-mm-dd'), TO_DATE('2025-03-16', 'yyyy-mm-dd'), 'individual', 'Nial Hicks');
insert into subscriber values (14344, TO_DATE('2017-08-24', 'yyyy-mm-dd'), TO_DATE('2023-03-30', 'yyyy-mm-dd'), 'individual', 'Maariyah Penn');
insert into subscriber values (12122, TO_DATE('2016-09-14', 'yyyy-mm-dd'), TO_DATE('2025-06-29', 'yyyy-mm-dd'), 'individual', 'Harlee Read');
insert into subscriber values (19824, TO_DATE('2016-10-18', 'yyyy-mm-dd'), TO_DATE('2028-01-14', 'yyyy-mm-dd'), 'individual', 'Eryn James');
insert into subscriber values (19993, TO_DATE('2015-11-08', 'yyyy-mm-dd'), TO_DATE('2025-05-21', 'yyyy-mm-dd'), 'individual', 'Angelica Hinton');
insert into subscriber values (11850, TO_DATE('2018-08-22', 'yyyy-mm-dd'), TO_DATE('2027-03-23', 'yyyy-mm-dd'), 'individual', 'Cheyanne Copeland');
insert into subscriber values (10301, TO_DATE('2018-12-04', 'yyyy-mm-dd'), TO_DATE('2024-04-25', 'yyyy-mm-dd'), 'individual', 'Darien Yates');
insert into subscriber values (11588, TO_DATE('2016-10-09', 'yyyy-mm-dd'), TO_DATE('2029-02-19', 'yyyy-mm-dd'), 'individual', 'Yazmin Hussain');
insert into subscriber values (15580, TO_DATE('2021-08-07', 'yyyy-mm-dd'), TO_DATE('2024-04-11', 'yyyy-mm-dd'), 'individual', 'Jaxon Sumner');
insert into subscriber values (16794, TO_DATE('2015-08-13', 'yyyy-mm-dd'), TO_DATE('2030-01-11', 'yyyy-mm-dd'), 'individual', 'Dainton Carver');
insert into subscriber values (15838, TO_DATE('2021-08-24', 'yyyy-mm-dd'), TO_DATE('2026-03-03', 'yyyy-mm-dd'), 'individual', 'Ridwan Combs');
insert into subscriber values (14109, TO_DATE('2021-06-02', 'yyyy-mm-dd'), TO_DATE('2027-09-20', 'yyyy-mm-dd'), 'individual', 'Roxanne Montes');
insert into subscriber values (14667, TO_DATE('2021-01-04', 'yyyy-mm-dd'), TO_DATE('2023-04-05', 'yyyy-mm-dd'), 'individual', 'Hari Duggan');
insert into subscriber values (10839, TO_DATE('2015-03-13', 'yyyy-mm-dd'), TO_DATE('2029-09-12', 'yyyy-mm-dd'), 'individual', 'Rehaan Parsons');
insert into subscriber values (15450, TO_DATE('2018-02-20', 'yyyy-mm-dd'), TO_DATE('2023-10-14', 'yyyy-mm-dd'), 'individual', 'Melvin French');
insert into subscriber values (10209, TO_DATE('2020-02-29', 'yyyy-mm-dd'), TO_DATE('2022-12-04', 'yyyy-mm-dd'), 'individual', 'Emanuel Galloway');
insert into subscriber values (10263, TO_DATE('2016-04-30', 'yyyy-mm-dd'), TO_DATE('2028-11-30', 'yyyy-mm-dd'), 'individual', 'Amiya Murphy');
insert into subscriber values (14231, TO_DATE('2019-12-16', 'yyyy-mm-dd'), TO_DATE('2027-01-25', 'yyyy-mm-dd'), 'individual', 'Jonah Robles');
insert into subscriber values (11122, TO_DATE('2019-01-30', 'yyyy-mm-dd'), TO_DATE('2027-09-22', 'yyyy-mm-dd'), 'individual', 'Libby Beck');
insert into subscriber values (12356, TO_DATE('2016-10-07', 'yyyy-mm-dd'), TO_DATE('2025-10-02', 'yyyy-mm-dd'), 'individual', 'Isaac Garrett');
insert into subscriber values (14383, TO_DATE('2019-02-28', 'yyyy-mm-dd'), TO_DATE('2024-10-21', 'yyyy-mm-dd'), 'individual', 'Romana Churchill');
insert into subscriber values (19685, TO_DATE('2020-04-09', 'yyyy-mm-dd'), TO_DATE('2030-04-29', 'yyyy-mm-dd'), 'individual', 'Keyaan Whittle');
insert into subscriber values (18872, TO_DATE('2019-03-14', 'yyyy-mm-dd'), TO_DATE('2024-04-02', 'yyyy-mm-dd'), 'individual', 'Emma-Louise Dominguez');
insert into subscriber values (17644, TO_DATE('2016-12-04', 'yyyy-mm-dd'), TO_DATE('2027-09-03', 'yyyy-mm-dd'), 'individual', 'Earl Avery');
insert into subscriber values (11160, TO_DATE('2017-12-31', 'yyyy-mm-dd'), TO_DATE('2026-02-05', 'yyyy-mm-dd'), 'individual', 'Celia Findlay');
insert into subscriber values (12469, TO_DATE('2015-03-05', 'yyyy-mm-dd'), TO_DATE('2026-01-24', 'yyyy-mm-dd'), 'individual', 'Beatrix Nunez');
insert into subscriber values (16745, TO_DATE('2017-07-11', 'yyyy-mm-dd'), TO_DATE('2023-11-01', 'yyyy-mm-dd'), 'individual', 'Harvey Baker');
insert into subscriber values (17440, TO_DATE('2021-07-28', 'yyyy-mm-dd'), TO_DATE('2029-03-03', 'yyyy-mm-dd'), 'individual', 'Portia Daugherty');
insert into subscriber values (10344, TO_DATE('2021-06-07', 'yyyy-mm-dd'), TO_DATE('2024-11-30', 'yyyy-mm-dd'), 'individual', 'Saffa Jeffery');
insert into subscriber values (18537, TO_DATE('2019-07-24', 'yyyy-mm-dd'), TO_DATE('2028-09-21', 'yyyy-mm-dd'), 'individual', 'Dafydd Hume');
insert into subscriber values (15065, TO_DATE('2016-09-07', 'yyyy-mm-dd'), TO_DATE('2027-09-21', 'yyyy-mm-dd'), 'individual', 'Justine Rice');
insert into subscriber values (18216, TO_DATE('2019-10-30', 'yyyy-mm-dd'), TO_DATE('2027-09-16', 'yyyy-mm-dd'), 'individual', 'Anwen Higgins');
insert into subscriber values (12698, TO_DATE('2018-08-27', 'yyyy-mm-dd'), TO_DATE('2024-12-17', 'yyyy-mm-dd'), 'individual', 'Kaydon Power');
insert into subscriber values (11375, TO_DATE('2016-10-19', 'yyyy-mm-dd'), TO_DATE('2025-07-05', 'yyyy-mm-dd'), 'individual', 'Aman Gardner');
insert into subscriber values (17617, TO_DATE('2018-05-11', 'yyyy-mm-dd'), TO_DATE('2026-04-16', 'yyyy-mm-dd'), 'individual', 'Cobie Alford');
insert into subscriber values (13004, TO_DATE('2016-05-31', 'yyyy-mm-dd'), TO_DATE('2023-05-18', 'yyyy-mm-dd'), 'individual', 'Janine Salt');
insert into subscriber values (11862, TO_DATE('2021-08-09', 'yyyy-mm-dd'), TO_DATE('2025-10-19', 'yyyy-mm-dd'), 'individual', 'Mali Bush');
insert into subscriber values (11254, TO_DATE('2020-11-27', 'yyyy-mm-dd'), TO_DATE('2030-02-23', 'yyyy-mm-dd'), 'individual', 'Delores Proctor');
insert into subscriber values (15333, TO_DATE('2016-02-15', 'yyyy-mm-dd'), TO_DATE('2024-06-06', 'yyyy-mm-dd'), 'individual', 'Emma Odom');
insert into subscriber values (16029, TO_DATE('2016-07-27', 'yyyy-mm-dd'), TO_DATE('2022-12-09', 'yyyy-mm-dd'), 'individual', 'Sunil Mcgill');
insert into subscriber values (16118, TO_DATE('2016-07-06', 'yyyy-mm-dd'), TO_DATE('2027-11-20', 'yyyy-mm-dd'), 'individual', 'Anisa Cameron');
insert into subscriber values (15607, TO_DATE('2019-09-07', 'yyyy-mm-dd'), TO_DATE('2024-04-25', 'yyyy-mm-dd'), 'individual', 'Bhavik Nguyen');
insert into subscriber values (19422, TO_DATE('2018-07-14', 'yyyy-mm-dd'), TO_DATE('2028-02-11', 'yyyy-mm-dd'), 'individual', 'Sheena Hahn');
insert into subscriber values (14648, TO_DATE('2019-10-31', 'yyyy-mm-dd'), TO_DATE('2028-06-12', 'yyyy-mm-dd'), 'individual', 'Karolina Forster');
insert into subscriber values (15944, TO_DATE('2020-01-20', 'yyyy-mm-dd'), TO_DATE('2023-08-14', 'yyyy-mm-dd'), 'individual', 'Ethan Winter');
insert into subscriber values (10638, TO_DATE('2015-11-28', 'yyyy-mm-dd'), TO_DATE('2028-10-10', 'yyyy-mm-dd'), 'individual', 'Sanaya Cunningham');
insert into subscriber values (16221, TO_DATE('2018-01-02', 'yyyy-mm-dd'), TO_DATE('2028-08-21', 'yyyy-mm-dd'), 'individual', 'Leanna OGallagher');
insert into subscriber values (10226, TO_DATE('2019-11-10', 'yyyy-mm-dd'), TO_DATE('2029-02-26', 'yyyy-mm-dd'), 'individual', 'Sorcha Rossi');
insert into subscriber values (11892, TO_DATE('2019-10-05', 'yyyy-mm-dd'), TO_DATE('2026-05-08', 'yyyy-mm-dd'), 'individual', 'Nikhil Galindo');
insert into subscriber values (19746, TO_DATE('2021-01-03', 'yyyy-mm-dd'), TO_DATE('2028-05-01', 'yyyy-mm-dd'), 'individual', 'Isla Whitworth');
insert into subscriber values (17694, TO_DATE('2018-03-28', 'yyyy-mm-dd'), TO_DATE('2029-07-30', 'yyyy-mm-dd'), 'individual', 'Brittany Goodman');
insert into subscriber values (19599, TO_DATE('2017-04-26', 'yyyy-mm-dd'), TO_DATE('2025-09-13', 'yyyy-mm-dd'), 'individual', 'Gianluca Monaghan');
insert into subscriber values (15032, TO_DATE('2018-12-23', 'yyyy-mm-dd'), TO_DATE('2030-11-03', 'yyyy-mm-dd'), 'individual', 'Faiza Macias');
insert into subscriber values (17033, TO_DATE('2016-04-22', 'yyyy-mm-dd'), TO_DATE('2025-04-06', 'yyyy-mm-dd'), 'individual', 'Richard Akhtar');
insert into subscriber values (19159, TO_DATE('2015-09-25', 'yyyy-mm-dd'), TO_DATE('2028-03-03', 'yyyy-mm-dd'), 'individual', 'Adil Lozano');
insert into subscriber values (13645, TO_DATE('2018-03-16', 'yyyy-mm-dd'), TO_DATE('2026-10-11', 'yyyy-mm-dd'), 'individual', 'Abby Key');
insert into subscriber values (16871, TO_DATE('2017-05-31', 'yyyy-mm-dd'), TO_DATE('2025-11-17', 'yyyy-mm-dd'), 'individual', 'Liyah Guzman');
insert into subscriber values (11684, TO_DATE('2018-11-19', 'yyyy-mm-dd'), TO_DATE('2024-03-14', 'yyyy-mm-dd'), 'individual', 'Zander Collins');
insert into subscriber values (16028, TO_DATE('2018-03-20', 'yyyy-mm-dd'), TO_DATE('2024-02-07', 'yyyy-mm-dd'), 'individual', 'Kurt Clark');
insert into subscriber values (17041, TO_DATE('2018-06-04', 'yyyy-mm-dd'), TO_DATE('2026-12-04', 'yyyy-mm-dd'), 'individual', 'Tommie Alfaro');
insert into subscriber values (10404, TO_DATE('2017-10-07', 'yyyy-mm-dd'), TO_DATE('2025-06-18', 'yyyy-mm-dd'), 'individual', 'Calum Paine');
insert into subscriber values (12634, TO_DATE('2020-05-03', 'yyyy-mm-dd'), TO_DATE('2024-10-25', 'yyyy-mm-dd'), 'individual', 'Ayra Castillo');
insert into subscriber values (10406, TO_DATE('2018-07-15', 'yyyy-mm-dd'), TO_DATE('2030-09-19', 'yyyy-mm-dd'), 'individual', 'Alexandre Philip');
insert into subscriber values (11139, TO_DATE('2017-06-21', 'yyyy-mm-dd'), TO_DATE('2026-04-25', 'yyyy-mm-dd'), 'individual', 'Timur Peralta');
insert into subscriber values (15326, TO_DATE('2019-07-25', 'yyyy-mm-dd'), TO_DATE('2026-12-08', 'yyyy-mm-dd'), 'individual', 'Sanna Mercado');
insert into subscriber values (15405, TO_DATE('2020-03-19', 'yyyy-mm-dd'), TO_DATE('2030-02-01', 'yyyy-mm-dd'), 'individual', 'Katelyn Mackie');
insert into subscriber values (10700, TO_DATE('2016-08-07', 'yyyy-mm-dd'), TO_DATE('2026-12-23', 'yyyy-mm-dd'), 'individual', 'Bronwen Wilkinson');
insert into subscriber values (13267, TO_DATE('2018-03-07', 'yyyy-mm-dd'), TO_DATE('2026-08-11', 'yyyy-mm-dd'), 'individual', 'Olivia-Rose Cain');
insert into subscriber values (19338, TO_DATE('2019-04-06', 'yyyy-mm-dd'), TO_DATE('2024-06-18', 'yyyy-mm-dd'), 'individual', 'Franky Montgomery');
insert into subscriber values (12106, TO_DATE('2016-11-25', 'yyyy-mm-dd'), TO_DATE('2024-11-25', 'yyyy-mm-dd'), 'individual', 'Philippa Charles');
insert into subscriber values (14767, TO_DATE('2017-12-06', 'yyyy-mm-dd'), TO_DATE('2025-06-16', 'yyyy-mm-dd'), 'individual', 'Kellan Millar');
insert into subscriber values (14631, TO_DATE('2017-01-09', 'yyyy-mm-dd'), TO_DATE('2030-07-25', 'yyyy-mm-dd'), 'individual', 'Lexi-Mai Lambert');
insert into subscriber values (19567, TO_DATE('2019-02-20', 'yyyy-mm-dd'), TO_DATE('2025-06-20', 'yyyy-mm-dd'), 'individual', 'Nikolas Lindsay');
insert into subscriber values (11554, TO_DATE('2015-09-10', 'yyyy-mm-dd'), TO_DATE('2028-01-15', 'yyyy-mm-dd'), 'individual', 'Horace Patel');
insert into subscriber values (19753, TO_DATE('2019-01-11', 'yyyy-mm-dd'), TO_DATE('2027-07-13', 'yyyy-mm-dd'), 'individual', 'Nur Stott');




-- manages
insert into manages values ('acm', 16774);
insert into manages values ('IEEE', 16774);
insert into manages values ('mdpi', 16774);
insert into manages values ('acm', 10644);
insert into manages values ('IEEE', 10644);
insert into manages values ('mdpi', 10644);
insert into manages values ('elsevier', 10644);
insert into manages values ('oxford', 10644);
insert into manages values ('springer', 10644);
insert into manages values ('acm', 19684);
insert into manages values ('IEEE', 19684);
insert into manages values ('mdpi', 19684);
insert into manages values ('elsevier', 19684);
insert into manages values ('oxford', 19684);
insert into manages values ('springer', 19684);
insert into manages values ('acm', 16141);
insert into manages values ('IEEE', 16141);
insert into manages values ('springer', 16141);
insert into manages values ('acm', 16773);
insert into manages values ('IEEE', 16773);
insert into manages values ('springer', 16773);
insert into manages values ('acm', 14017);
insert into manages values ('IEEE', 14017);
insert into manages values ('mdpi', 14017);
insert into manages values ('elsevier', 14017);
insert into manages values ('oxford', 14017);
insert into manages values ('springer', 14017);
insert into manages values ('acm', 19876);
insert into manages values ('IEEE', 19876);
insert into manages values ('mdpi', 19876);
insert into manages values ('elsevier', 19876);
insert into manages values ('oxford', 19876);
insert into manages values ('acm', 15698);
insert into manages values ('IEEE', 15698);
insert into manages values ('mdpi', 15698);
insert into manages values ('elsevier', 15698);
insert into manages values ('oxford', 15698);
insert into manages values ('springer', 15698);
insert into manages values ('acm', 19465);
insert into manages values ('IEEE', 19465);
insert into manages values ('elsevier', 19465);
insert into manages values ('springer', 19465);
insert into manages values ('oxford', 19465);
insert into manages values ('acm', 13656);
insert into manages values ('IEEE', 13656);
insert into manages values ('mdpi', 13656);
insert into manages values ('elsevier', 13656);
insert into manages values ('oxford', 13656);
insert into manages values ('springer', 13656);
insert into manages values ('acm', 16067);
insert into manages values ('IEEE', 16067);
insert into manages values ('mdpi', 16067);
insert into manages values ('elsevier', 16067);
insert into manages values ('springer', 16067);
insert into manages values ('acm', 15582);
insert into manages values ('IEEE', 15582);
insert into manages values ('mdpi', 15582);
insert into manages values ('elsevier', 15582);
insert into manages values ('springer', 15582);
insert into manages values ('acm', 18547);
insert into manages values ('IEEE', 18547);
insert into manages values ('mdpi', 18547);
insert into manages values ('acm', 13194);
insert into manages values ('IEEE', 13194);
insert into manages values ('mdpi', 13194);
insert into manages values ('elsevier', 13194);
insert into manages values ('oxford', 13194);
insert into manages values ('springer', 13194);
insert into manages values ('acm', 11837);
insert into manages values ('IEEE', 11837);
insert into manages values ('mdpi', 11837);
insert into manages values ('elsevier', 11837);
insert into manages values ('oxford', 11837);
insert into manages values ('springer', 11837);
insert into manages values ('acm', 13016);
insert into manages values ('IEEE', 13016);
insert into manages values ('mdpi', 13016);
insert into manages values ('elsevier', 13016);
insert into manages values ('oxford', 13016);
insert into manages values ('springer', 13016);
insert into manages values ('acm', 13587);
insert into manages values ('IEEE', 13587);
insert into manages values ('mdpi', 13587);
insert into manages values ('elsevier', 13587);
insert into manages values ('oxford', 13587);
insert into manages values ('springer', 13587);
insert into manages values ('acm', 12484);
insert into manages values ('IEEE', 12484);
insert into manages values ('mdpi', 12484);
insert into manages values ('elsevier', 12484);
insert into manages values ('oxford', 12484);
insert into manages values ('springer', 12484);
insert into manages values ('acm', 13836);
insert into manages values ('IEEE', 13836);
insert into manages values ('mdpi', 13836);
insert into manages values ('acm', 19445);
insert into manages values ('IEEE', 19445);
insert into manages values ('mdpi', 19445);
insert into manages values ('elsevier', 19445);
insert into manages values ('oxford', 19445);
insert into manages values ('springer', 19445);
insert into manages values ('acm', 17048);
insert into manages values ('IEEE', 17048);
insert into manages values ('mdpi', 17048);
insert into manages values ('elsevier', 17048);
insert into manages values ('oxford', 17048);
insert into manages values ('springer', 17048);
insert into manages values ('acm', 17760);
insert into manages values ('IEEE', 17760);
insert into manages values ('acm', 15421);
insert into manages values ('IEEE', 15421);
insert into manages values ('mdpi', 15421);
insert into manages values ('elsevier', 15421);
insert into manages values ('oxford', 15421);
insert into manages values ('springer', 15421);
insert into manages values ('acm', 15778);
insert into manages values ('IEEE', 15778);
insert into manages values ('mdpi', 15778);
insert into manages values ('springer', 15778);
insert into manages values ('acm', 12163);
insert into manages values ('IEEE', 12163);
insert into manages values ('mdpi', 12163);
insert into manages values ('elsevier', 12163);
insert into manages values ('oxford', 12163);
insert into manages values ('acm', 16287);
insert into manages values ('IEEE', 16287);
insert into manages values ('springer', 16287);
insert into manages values ('acm', 14613);
insert into manages values ('IEEE', 14613);
insert into manages values ('mdpi', 14613);
insert into manages values ('elsevier', 14613);
insert into manages values ('oxford', 14613);
insert into manages values ('springer', 14613);
insert into manages values ('acm', 15464);
insert into manages values ('IEEE', 15464);
insert into manages values ('mdpi', 15464);
insert into manages values ('elsevier', 15464);
insert into manages values ('oxford', 15464);
insert into manages values ('springer', 15464);
insert into manages values ('acm', 12517);
insert into manages values ('IEEE', 12517);
insert into manages values ('mdpi', 12517);
insert into manages values ('elsevier', 12517);
insert into manages values ('oxford', 12517);
insert into manages values ('springer', 12517);
insert into manages values ('acm', 19471);
insert into manages values ('IEEE', 19471);
insert into manages values ('acm', 12457);
insert into manages values ('IEEE', 12457);
insert into manages values ('mdpi', 12457);
insert into manages values ('elsevier', 12457);
insert into manages values ('oxford', 12457);
insert into manages values ('springer', 12457);
insert into manages values ('acm', 17278);
insert into manages values ('IEEE', 17278);
insert into manages values ('mdpi', 17278);
insert into manages values ('elsevier', 17278);
insert into manages values ('oxford', 17278);
insert into manages values ('acm', 19215);
insert into manages values ('IEEE', 19215);
insert into manages values ('mdpi', 19215);
insert into manages values ('elsevier', 19215);
insert into manages values ('oxford', 19215);
insert into manages values ('springer', 19215);
insert into manages values ('acm', 17067);
insert into manages values ('IEEE', 17067);
insert into manages values ('mdpi', 17067);
insert into manages values ('elsevier', 17067);
insert into manages values ('acm', 18749);
insert into manages values ('IEEE', 18749);
insert into manages values ('acm', 18349);
insert into manages values ('IEEE', 18349);
insert into manages values ('mdpi', 18349);
insert into manages values ('elsevier', 18349);
insert into manages values ('oxford', 18349);
insert into manages values ('springer', 18349);
insert into manages values ('acm', 11770);
insert into manages values ('IEEE', 11770);
insert into manages values ('mdpi', 11770);
insert into manages values ('elsevier', 11770);
insert into manages values ('oxford', 11770);
insert into manages values ('springer', 11770);
insert into manages values ('acm', 10090);
insert into manages values ('IEEE', 10090);
insert into manages values ('springer', 10090);
insert into manages values ('acm', 17877);
insert into manages values ('IEEE', 17877);
insert into manages values ('mdpi', 17877);
insert into manages values ('elsevier', 17877);
insert into manages values ('oxford', 17877);
insert into manages values ('acm', 15793);
insert into manages values ('IEEE', 15793);
insert into manages values ('mdpi', 15793);
insert into manages values ('elsevier', 15793);
insert into manages values ('oxford', 15793);
insert into manages values ('springer', 15793);
insert into manages values ('acm', 19395);
insert into manages values ('IEEE', 19395);
insert into manages values ('mdpi', 19395);
insert into manages values ('elsevier', 19395);
insert into manages values ('oxford', 19395);
insert into manages values ('springer', 19395);
insert into manages values ('acm', 12233);
insert into manages values ('IEEE', 12233);
insert into manages values ('acm', 15896);
insert into manages values ('IEEE', 15896);
insert into manages values ('mdpi', 15896);
insert into manages values ('elsevier', 15896);
insert into manages values ('oxford', 15896);
insert into manages values ('springer', 15896);
insert into manages values ('acm', 11085);
insert into manages values ('IEEE', 11085);
insert into manages values ('mdpi', 11085);
insert into manages values ('elsevier', 11085);
insert into manages values ('oxford', 11085);
insert into manages values ('springer', 11085);
insert into manages values ('acm', 16818);
insert into manages values ('IEEE', 16818);
insert into manages values ('mdpi', 16818);
insert into manages values ('elsevier', 16818);
insert into manages values ('oxford', 16818);
insert into manages values ('springer', 16818);
insert into manages values ('acm', 13343);
insert into manages values ('IEEE', 13343);
insert into manages values ('elsevier', 13343);
insert into manages values ('springer', 13343);
insert into manages values ('oxford', 13343);
insert into manages values ('acm', 13647);
insert into manages values ('IEEE', 13647);
insert into manages values ('mdpi', 13647);
insert into manages values ('elsevier', 13647);
insert into manages values ('springer', 13647);
insert into manages values ('acm', 19996);
insert into manages values ('IEEE', 19996);
insert into manages values ('mdpi', 19996);
insert into manages values ('elsevier', 19996);
insert into manages values ('oxford', 19996);
insert into manages values ('springer', 19996);
insert into manages values ('acm', 15267);
insert into manages values ('IEEE', 15267);
insert into manages values ('mdpi', 15267);
insert into manages values ('elsevier', 15267);
insert into manages values ('oxford', 15267);
insert into manages values ('springer', 15267);
insert into manages values ('acm', 17721);
insert into manages values ('IEEE', 17721);
insert into manages values ('mdpi', 17721);
insert into manages values ('elsevier', 17721);
insert into manages values ('oxford', 17721);
insert into manages values ('springer', 17721);
insert into manages values ('acm', 18040);
insert into manages values ('IEEE', 18040);
insert into manages values ('mdpi', 18040);
insert into manages values ('elsevier', 18040);
insert into manages values ('oxford', 18040);
insert into manages values ('springer', 18040);
insert into manages values ('acm', 14594);
insert into manages values ('IEEE', 14594);
insert into manages values ('elsevier', 14594);
insert into manages values ('springer', 14594);
insert into manages values ('oxford', 14594);
insert into manages values ('acm', 10874);
insert into manages values ('IEEE', 10874);
insert into manages values ('springer', 10874);
insert into manages values ('elsevier', 10874);
insert into manages values ('acm', 10413);
insert into manages values ('IEEE', 10413);
insert into manages values ('mdpi', 10413);
insert into manages values ('elsevier', 10413);
insert into manages values ('oxford', 10413);
insert into manages values ('springer', 10413);
insert into manages values ('acm', 15781);
insert into manages values ('IEEE', 15781);
insert into manages values ('mdpi', 15781);
insert into manages values ('elsevier', 15781);
insert into manages values ('oxford', 15781);
insert into manages values ('acm', 12519);
insert into manages values ('IEEE', 12519);
insert into manages values ('mdpi', 12519);
insert into manages values ('elsevier', 12519);
insert into manages values ('oxford', 12519);
insert into manages values ('springer', 12519);
insert into manages values ('acm', 15674);
insert into manages values ('IEEE', 15674);
insert into manages values ('mdpi', 15674);
insert into manages values ('elsevier', 15674);
insert into manages values ('oxford', 15674);
insert into manages values ('springer', 15674);
insert into manages values ('acm', 11123);
insert into manages values ('IEEE', 11123);
insert into manages values ('springer', 11123);
insert into manages values ('elsevier', 11123);
insert into manages values ('acm', 18778);
insert into manages values ('IEEE', 18778);
insert into manages values ('mdpi', 18778);
insert into manages values ('elsevier', 18778);
insert into manages values ('oxford', 18778);
insert into manages values ('springer', 18778);
insert into manages values ('acm', 17276);
insert into manages values ('IEEE', 17276);
insert into manages values ('mdpi', 17276);
insert into manages values ('elsevier', 17276);
insert into manages values ('acm', 18358);
insert into manages values ('IEEE', 18358);
insert into manages values ('mdpi', 18358);
insert into manages values ('elsevier', 18358);
insert into manages values ('oxford', 18358);
insert into manages values ('springer', 18358);
insert into manages values ('acm', 16778);
insert into manages values ('IEEE', 16778);
insert into manages values ('mdpi', 16778);
insert into manages values ('elsevier', 16778);
insert into manages values ('oxford', 16778);
insert into manages values ('springer', 16778);
insert into manages values ('acm', 17835);
insert into manages values ('IEEE', 17835);
insert into manages values ('mdpi', 17835);
insert into manages values ('springer', 17835);
insert into manages values ('acm', 17201);
insert into manages values ('IEEE', 17201);
insert into manages values ('mdpi', 17201);
insert into manages values ('acm', 11029);
insert into manages values ('IEEE', 11029);
insert into manages values ('mdpi', 11029);
insert into manages values ('elsevier', 11029);
insert into manages values ('oxford', 11029);
insert into manages values ('springer', 11029);
insert into manages values ('acm', 11392);
insert into manages values ('IEEE', 11392);
insert into manages values ('mdpi', 11392);
insert into manages values ('elsevier', 11392);
insert into manages values ('oxford', 11392);
insert into manages values ('springer', 11392);
insert into manages values ('acm', 18177);
insert into manages values ('IEEE', 18177);
insert into manages values ('mdpi', 18177);
insert into manages values ('elsevier', 18177);
insert into manages values ('oxford', 18177);
insert into manages values ('springer', 18177);
insert into manages values ('acm', 10128);
insert into manages values ('IEEE', 10128);
insert into manages values ('mdpi', 10128);
insert into manages values ('elsevier', 10128);
insert into manages values ('oxford', 10128);
insert into manages values ('springer', 10128);
insert into manages values ('acm', 19000);
insert into manages values ('IEEE', 19000);
insert into manages values ('mdpi', 19000);
insert into manages values ('elsevier', 19000);
insert into manages values ('oxford', 19000);
insert into manages values ('springer', 19000);
insert into manages values ('acm', 12721);
insert into manages values ('IEEE', 12721);
insert into manages values ('mdpi', 12721);
insert into manages values ('elsevier', 12721);
insert into manages values ('oxford', 12721);
insert into manages values ('springer', 12721);
insert into manages values ('acm', 11766);
insert into manages values ('IEEE', 11766);
insert into manages values ('mdpi', 11766);
insert into manages values ('elsevier', 11766);
insert into manages values ('oxford', 11766);
insert into manages values ('springer', 11766);
insert into manages values ('acm', 14725);
insert into manages values ('IEEE', 14725);
insert into manages values ('mdpi', 14725);
insert into manages values ('elsevier', 14725);
insert into manages values ('oxford', 14725);
insert into manages values ('springer', 14725);
insert into manages values ('acm', 17312);
insert into manages values ('IEEE', 17312);
insert into manages values ('mdpi', 17312);
insert into manages values ('elsevier', 17312);
insert into manages values ('oxford', 17312);
insert into manages values ('acm', 10256);
insert into manages values ('IEEE', 10256);
insert into manages values ('mdpi', 10256);
insert into manages values ('elsevier', 10256);
insert into manages values ('oxford', 10256);
insert into manages values ('springer', 10256);
insert into manages values ('acm', 12066);
insert into manages values ('IEEE', 12066);
insert into manages values ('mdpi', 12066);
insert into manages values ('elsevier', 12066);
insert into manages values ('oxford', 12066);
insert into manages values ('springer', 12066);
insert into manages values ('acm', 11730);
insert into manages values ('IEEE', 11730);
insert into manages values ('mdpi', 11730);
insert into manages values ('acm', 19728);
insert into manages values ('IEEE', 19728);
insert into manages values ('mdpi', 19728);
insert into manages values ('elsevier', 19728);
insert into manages values ('acm', 17361);
insert into manages values ('IEEE', 17361);
insert into manages values ('mdpi', 17361);
insert into manages values ('elsevier', 17361);
insert into manages values ('oxford', 17361);
insert into manages values ('acm', 14455);
insert into manages values ('IEEE', 14455);
insert into manages values ('mdpi', 14455);
insert into manages values ('acm', 14636);
insert into manages values ('IEEE', 14636);
insert into manages values ('mdpi', 14636);
insert into manages values ('elsevier', 14636);
insert into manages values ('oxford', 14636);
insert into manages values ('springer', 14636);
insert into manages values ('acm', 13653);
insert into manages values ('IEEE', 13653);
insert into manages values ('mdpi', 13653);
insert into manages values ('elsevier', 13653);
insert into manages values ('oxford', 13653);
insert into manages values ('springer', 13653);
insert into manages values ('acm', 11841);
insert into manages values ('IEEE', 11841);
insert into manages values ('mdpi', 11841);
insert into manages values ('elsevier', 11841);
insert into manages values ('oxford', 11841);
insert into manages values ('springer', 11841);
insert into manages values ('acm', 10277);
insert into manages values ('IEEE', 10277);
insert into manages values ('mdpi', 10277);
insert into manages values ('acm', 11902);
insert into manages values ('IEEE', 11902);
insert into manages values ('mdpi', 11902);
insert into manages values ('elsevier', 11902);
insert into manages values ('oxford', 11902);
insert into manages values ('springer', 11902);
insert into manages values ('acm', 10134);
insert into manages values ('IEEE', 10134);
insert into manages values ('mdpi', 10134);
insert into manages values ('elsevier', 10134);
insert into manages values ('oxford', 10134);
insert into manages values ('springer', 10134);
insert into manages values ('acm', 17714);
insert into manages values ('IEEE', 17714);
insert into manages values ('mdpi', 17714);
insert into manages values ('elsevier', 17714);
insert into manages values ('oxford', 17714);
insert into manages values ('springer', 17714);
insert into manages values ('acm', 10954);
insert into manages values ('IEEE', 10954);
insert into manages values ('mdpi', 10954);
insert into manages values ('acm', 17345);
insert into manages values ('IEEE', 17345);
insert into manages values ('elsevier', 17345);
insert into manages values ('springer', 17345);
insert into manages values ('oxford', 17345);
insert into manages values ('acm', 19165);
insert into manages values ('IEEE', 19165);
insert into manages values ('mdpi', 19165);
insert into manages values ('elsevier', 19165);
insert into manages values ('oxford', 19165);
insert into manages values ('acm', 15736);
insert into manages values ('IEEE', 15736);
insert into manages values ('mdpi', 15736);
insert into manages values ('elsevier', 15736);
insert into manages values ('oxford', 15736);
insert into manages values ('springer', 15736);
insert into manages values ('acm', 16387);
insert into manages values ('IEEE', 16387);
insert into manages values ('acm', 15301);
insert into manages values ('IEEE', 15301);
insert into manages values ('mdpi', 15301);
insert into manages values ('elsevier', 15301);
insert into manages values ('oxford', 15301);
insert into manages values ('springer', 15301);
insert into manages values ('acm', 17622);
insert into manages values ('IEEE', 17622);
insert into manages values ('mdpi', 17622);
insert into manages values ('elsevier', 17622);
insert into manages values ('oxford', 17622);
insert into manages values ('springer', 17622);
insert into manages values ('acm', 18973);
insert into manages values ('IEEE', 18973);
insert into manages values ('mdpi', 18973);
insert into manages values ('elsevier', 18973);
insert into manages values ('oxford', 18973);
insert into manages values ('springer', 18973);
insert into manages values ('acm', 10899);
insert into manages values ('IEEE', 10899);
insert into manages values ('mdpi', 10899);
insert into manages values ('elsevier', 10899);
insert into manages values ('oxford', 10899);
insert into manages values ('springer', 10899);
insert into manages values ('acm', 13950);
insert into manages values ('IEEE', 13950);
insert into manages values ('springer', 13950);
insert into manages values ('elsevier', 13950);
insert into manages values ('acm', 17065);
insert into manages values ('IEEE', 17065);
insert into manages values ('elsevier', 17065);
insert into manages values ('springer', 17065);
insert into manages values ('oxford', 17065);
insert into manages values ('acm', 15118);
insert into manages values ('IEEE', 15118);
insert into manages values ('mdpi', 15118);
insert into manages values ('elsevier', 15118);
insert into manages values ('oxford', 15118);
insert into manages values ('springer', 15118);
insert into manages values ('acm', 13620);
insert into manages values ('IEEE', 13620);
insert into manages values ('mdpi', 13620);
insert into manages values ('acm', 16167);
insert into manages values ('IEEE', 16167);
insert into manages values ('mdpi', 16167);
insert into manages values ('elsevier', 16167);
insert into manages values ('oxford', 16167);
insert into manages values ('springer', 16167);
insert into manages values ('acm', 12524);
insert into manages values ('IEEE', 12524);
insert into manages values ('mdpi', 12524);
insert into manages values ('elsevier', 12524);
insert into manages values ('acm', 18541);
insert into manages values ('IEEE', 18541);
insert into manages values ('mdpi', 18541);
insert into manages values ('elsevier', 18541);
insert into manages values ('oxford', 18541);
insert into manages values ('springer', 18541);
insert into manages values ('acm', 12493);
insert into manages values ('IEEE', 12493);
insert into manages values ('mdpi', 12493);
insert into manages values ('elsevier', 12493);
insert into manages values ('oxford', 12493);
insert into manages values ('springer', 12493);
insert into manages values ('acm', 16356);
insert into manages values ('IEEE', 16356);
insert into manages values ('springer', 16356);
insert into manages values ('elsevier', 16356);
insert into manages values ('acm', 11927);
insert into manages values ('IEEE', 11927);
insert into manages values ('mdpi', 11927);
insert into manages values ('elsevier', 11927);
insert into manages values ('oxford', 11927);
insert into manages values ('springer', 11927);
insert into manages values ('acm', 13756);
insert into manages values ('IEEE', 13756);
insert into manages values ('mdpi', 13756);
insert into manages values ('elsevier', 13756);
insert into manages values ('oxford', 13756);
insert into manages values ('springer', 13756);
insert into manages values ('acm', 11848);
insert into manages values ('IEEE', 11848);
insert into manages values ('mdpi', 11848);
insert into manages values ('elsevier', 11848);
insert into manages values ('oxford', 11848);
insert into manages values ('springer', 11848);
insert into manages values ('acm', 17828);
insert into manages values ('IEEE', 17828);
insert into manages values ('elsevier', 17828);
insert into manages values ('springer', 17828);
insert into manages values ('oxford', 17828);
insert into manages values ('acm', 14168);
insert into manages values ('IEEE', 14168);
insert into manages values ('mdpi', 14168);
insert into manages values ('elsevier', 14168);
insert into manages values ('oxford', 14168);
insert into manages values ('springer', 14168);
insert into manages values ('acm', 12267);
insert into manages values ('IEEE', 12267);
insert into manages values ('elsevier', 12267);
insert into manages values ('springer', 12267);
insert into manages values ('oxford', 12267);
insert into manages values ('acm', 13012);
insert into manages values ('IEEE', 13012);
insert into manages values ('mdpi', 13012);
insert into manages values ('elsevier', 13012);
insert into manages values ('oxford', 13012);
insert into manages values ('springer', 13012);
insert into manages values ('acm', 14719);
insert into manages values ('IEEE', 14719);
insert into manages values ('mdpi', 14719);
insert into manages values ('elsevier', 14719);
insert into manages values ('oxford', 14719);
insert into manages values ('acm', 19650);
insert into manages values ('IEEE', 19650);
insert into manages values ('springer', 19650);
insert into manages values ('elsevier', 19650);
insert into manages values ('acm', 14851);
insert into manages values ('IEEE', 14851);
insert into manages values ('elsevier', 14851);
insert into manages values ('springer', 14851);
insert into manages values ('oxford', 14851);
insert into manages values ('acm', 19146);
insert into manages values ('IEEE', 19146);
insert into manages values ('mdpi', 19146);
insert into manages values ('elsevier', 19146);
insert into manages values ('oxford', 19146);
insert into manages values ('acm', 11839);
insert into manages values ('IEEE', 11839);
insert into manages values ('elsevier', 11839);
insert into manages values ('springer', 11839);
insert into manages values ('oxford', 11839);
insert into manages values ('acm', 13531);
insert into manages values ('IEEE', 13531);
insert into manages values ('mdpi', 13531);
insert into manages values ('elsevier', 13531);
insert into manages values ('oxford', 13531);
insert into manages values ('acm', 18039);
insert into manages values ('IEEE', 18039);
insert into manages values ('mdpi', 18039);
insert into manages values ('elsevier', 18039);
insert into manages values ('oxford', 18039);
insert into manages values ('springer', 18039);
insert into manages values ('acm', 11474);
insert into manages values ('IEEE', 11474);
insert into manages values ('mdpi', 11474);
insert into manages values ('elsevier', 11474);
insert into manages values ('acm', 14604);
insert into manages values ('IEEE', 14604);
insert into manages values ('mdpi', 14604);
insert into manages values ('elsevier', 14604);
insert into manages values ('oxford', 14604);
insert into manages values ('springer', 14604);
insert into manages values ('acm', 19421);
insert into manages values ('IEEE', 19421);
insert into manages values ('springer', 19421);
insert into manages values ('acm', 13044);
insert into manages values ('IEEE', 13044);
insert into manages values ('mdpi', 13044);
insert into manages values ('elsevier', 13044);
insert into manages values ('oxford', 13044);
insert into manages values ('springer', 13044);
insert into manages values ('acm', 16257);
insert into manages values ('IEEE', 16257);
insert into manages values ('mdpi', 16257);
insert into manages values ('elsevier', 16257);
insert into manages values ('oxford', 16257);
insert into manages values ('springer', 16257);
insert into manages values ('acm', 12595);
insert into manages values ('IEEE', 12595);
insert into manages values ('mdpi', 12595);
insert into manages values ('elsevier', 12595);
insert into manages values ('oxford', 12595);
insert into manages values ('springer', 12595);
insert into manages values ('acm', 12029);
insert into manages values ('IEEE', 12029);
insert into manages values ('mdpi', 12029);
insert into manages values ('elsevier', 12029);
insert into manages values ('oxford', 12029);
insert into manages values ('springer', 12029);
insert into manages values ('acm', 10037);
insert into manages values ('IEEE', 10037);
insert into manages values ('acm', 19657);
insert into manages values ('IEEE', 19657);
insert into manages values ('mdpi', 19657);
insert into manages values ('elsevier', 19657);
insert into manages values ('acm', 11028);
insert into manages values ('IEEE', 11028);
insert into manages values ('mdpi', 11028);
insert into manages values ('elsevier', 11028);
insert into manages values ('springer', 11028);
insert into manages values ('acm', 18375);
insert into manages values ('IEEE', 18375);
insert into manages values ('mdpi', 18375);
insert into manages values ('elsevier', 18375);
insert into manages values ('oxford', 18375);
insert into manages values ('springer', 18375);
insert into manages values ('acm', 11706);
insert into manages values ('IEEE', 11706);
insert into manages values ('mdpi', 11706);
insert into manages values ('elsevier', 11706);
insert into manages values ('oxford', 11706);
insert into manages values ('springer', 11706);
insert into manages values ('acm', 13625);
insert into manages values ('IEEE', 13625);
insert into manages values ('mdpi', 13625);
insert into manages values ('elsevier', 13625);
insert into manages values ('springer', 13625);
insert into manages values ('acm', 19575);
insert into manages values ('IEEE', 19575);
insert into manages values ('mdpi', 19575);
insert into manages values ('elsevier', 19575);
insert into manages values ('oxford', 19575);
insert into manages values ('springer', 19575);
insert into manages values ('acm', 18523);
insert into manages values ('IEEE', 18523);
insert into manages values ('mdpi', 18523);
insert into manages values ('elsevier', 18523);
insert into manages values ('oxford', 18523);
insert into manages values ('springer', 18523);
insert into manages values ('acm', 18344);
insert into manages values ('IEEE', 18344);
insert into manages values ('mdpi', 18344);
insert into manages values ('elsevier', 18344);
insert into manages values ('oxford', 18344);
insert into manages values ('springer', 18344);
insert into manages values ('acm', 19082);
insert into manages values ('IEEE', 19082);
insert into manages values ('elsevier', 19082);
insert into manages values ('springer', 19082);
insert into manages values ('oxford', 19082);
insert into manages values ('acm', 19429);
insert into manages values ('IEEE', 19429);
insert into manages values ('mdpi', 19429);
insert into manages values ('elsevier', 19429);
insert into manages values ('springer', 19429);
insert into manages values ('acm', 17799);
insert into manages values ('IEEE', 17799);
insert into manages values ('mdpi', 17799);
insert into manages values ('elsevier', 17799);
insert into manages values ('oxford', 17799);
insert into manages values ('springer', 17799);
insert into manages values ('acm', 15176);
insert into manages values ('IEEE', 15176);
insert into manages values ('springer', 15176);
insert into manages values ('acm', 18306);
insert into manages values ('IEEE', 18306);
insert into manages values ('mdpi', 18306);
insert into manages values ('elsevier', 18306);
insert into manages values ('oxford', 18306);
insert into manages values ('springer', 18306);
insert into manages values ('acm', 19366);
insert into manages values ('IEEE', 19366);
insert into manages values ('mdpi', 19366);
insert into manages values ('elsevier', 19366);
insert into manages values ('oxford', 19366);
insert into manages values ('springer', 19366);
insert into manages values ('acm', 16133);
insert into manages values ('IEEE', 16133);
insert into manages values ('mdpi', 16133);
insert into manages values ('elsevier', 16133);
insert into manages values ('oxford', 16133);
insert into manages values ('springer', 16133);
insert into manages values ('acm', 10616);
insert into manages values ('IEEE', 10616);
insert into manages values ('mdpi', 10616);
insert into manages values ('elsevier', 10616);
insert into manages values ('oxford', 10616);
insert into manages values ('springer', 10616);
insert into manages values ('acm', 15643);
insert into manages values ('IEEE', 15643);
insert into manages values ('mdpi', 15643);
insert into manages values ('elsevier', 15643);
insert into manages values ('oxford', 15643);
insert into manages values ('springer', 15643);
insert into manages values ('acm', 18315);
insert into manages values ('IEEE', 18315);
insert into manages values ('springer', 18315);
insert into manages values ('elsevier', 18315);
insert into manages values ('acm', 12323);
insert into manages values ('IEEE', 12323);
insert into manages values ('mdpi', 12323);
insert into manages values ('elsevier', 12323);
insert into manages values ('oxford', 12323);
insert into manages values ('springer', 12323);
insert into manages values ('acm', 14540);
insert into manages values ('IEEE', 14540);
insert into manages values ('springer', 14540);
insert into manages values ('acm', 10054);
insert into manages values ('IEEE', 10054);
insert into manages values ('mdpi', 10054);
insert into manages values ('elsevier', 10054);
insert into manages values ('springer', 10054);
insert into manages values ('acm', 13524);
insert into manages values ('IEEE', 13524);
insert into manages values ('mdpi', 13524);
insert into manages values ('elsevier', 13524);
insert into manages values ('springer', 13524);
insert into manages values ('acm', 17572);
insert into manages values ('IEEE', 17572);
insert into manages values ('mdpi', 17572);
insert into manages values ('elsevier', 17572);
insert into manages values ('oxford', 17572);
insert into manages values ('springer', 17572);
insert into manages values ('acm', 15968);
insert into manages values ('IEEE', 15968);
insert into manages values ('mdpi', 15968);
insert into manages values ('elsevier', 15968);
insert into manages values ('oxford', 15968);
insert into manages values ('springer', 15968);
insert into manages values ('acm', 13128);
insert into manages values ('IEEE', 13128);
insert into manages values ('springer', 13128);
insert into manages values ('elsevier', 13128);
insert into manages values ('acm', 10164);
insert into manages values ('IEEE', 10164);
insert into manages values ('mdpi', 10164);
insert into manages values ('elsevier', 10164);
insert into manages values ('oxford', 10164);
insert into manages values ('springer', 10164);
insert into manages values ('acm', 13029);
insert into manages values ('IEEE', 13029);
insert into manages values ('elsevier', 13029);
insert into manages values ('springer', 13029);
insert into manages values ('oxford', 13029);
insert into manages values ('acm', 13845);
insert into manages values ('IEEE', 13845);
insert into manages values ('acm', 16663);
insert into manages values ('IEEE', 16663);
insert into manages values ('mdpi', 16663);
insert into manages values ('elsevier', 16663);
insert into manages values ('oxford', 16663);
insert into manages values ('springer', 16663);
insert into manages values ('acm', 14554);
insert into manages values ('IEEE', 14554);
insert into manages values ('mdpi', 14554);
insert into manages values ('elsevier', 14554);
insert into manages values ('oxford', 14554);
insert into manages values ('springer', 14554);
insert into manages values ('acm', 13858);
insert into manages values ('IEEE', 13858);
insert into manages values ('mdpi', 13858);
insert into manages values ('elsevier', 13858);
insert into manages values ('oxford', 13858);
insert into manages values ('springer', 13858);
insert into manages values ('acm', 12438);
insert into manages values ('IEEE', 12438);
insert into manages values ('springer', 12438);
insert into manages values ('acm', 16175);
insert into manages values ('IEEE', 16175);
insert into manages values ('mdpi', 16175);
insert into manages values ('elsevier', 16175);
insert into manages values ('oxford', 16175);
insert into manages values ('springer', 16175);
insert into manages values ('acm', 10093);
insert into manages values ('IEEE', 10093);
insert into manages values ('mdpi', 10093);
insert into manages values ('elsevier', 10093);
insert into manages values ('oxford', 10093);
insert into manages values ('springer', 10093);
insert into manages values ('acm', 14144);
insert into manages values ('IEEE', 14144);
insert into manages values ('mdpi', 14144);
insert into manages values ('acm', 15372);
insert into manages values ('IEEE', 15372);
insert into manages values ('mdpi', 15372);
insert into manages values ('elsevier', 15372);
insert into manages values ('oxford', 15372);
insert into manages values ('springer', 15372);
insert into manages values ('acm', 18115);
insert into manages values ('IEEE', 18115);
insert into manages values ('mdpi', 18115);
insert into manages values ('elsevier', 18115);
insert into manages values ('oxford', 18115);
insert into manages values ('springer', 18115);
insert into manages values ('acm', 16609);
insert into manages values ('IEEE', 16609);
insert into manages values ('elsevier', 16609);
insert into manages values ('springer', 16609);
insert into manages values ('oxford', 16609);
insert into manages values ('acm', 18328);
insert into manages values ('IEEE', 18328);
insert into manages values ('mdpi', 18328);
insert into manages values ('elsevier', 18328);
insert into manages values ('oxford', 18328);
insert into manages values ('springer', 18328);
insert into manages values ('acm', 19457);
insert into manages values ('IEEE', 19457);
insert into manages values ('mdpi', 19457);
insert into manages values ('springer', 19457);
insert into manages values ('acm', 17854);
insert into manages values ('IEEE', 17854);
insert into manages values ('mdpi', 17854);
insert into manages values ('elsevier', 17854);
insert into manages values ('acm', 13323);
insert into manages values ('IEEE', 13323);
insert into manages values ('mdpi', 13323);
insert into manages values ('elsevier', 13323);
insert into manages values ('oxford', 13323);
insert into manages values ('springer', 13323);
insert into manages values ('acm', 12458);
insert into manages values ('IEEE', 12458);
insert into manages values ('mdpi', 12458);
insert into manages values ('elsevier', 12458);
insert into manages values ('oxford', 12458);
insert into manages values ('springer', 12458);
insert into manages values ('acm', 18692);
insert into manages values ('IEEE', 18692);
insert into manages values ('springer', 18692);
insert into manages values ('elsevier', 18692);
insert into manages values ('acm', 10040);
insert into manages values ('IEEE', 10040);
insert into manages values ('mdpi', 10040);
insert into manages values ('elsevier', 10040);
insert into manages values ('oxford', 10040);
insert into manages values ('springer', 10040);
insert into manages values ('acm', 12366);
insert into manages values ('IEEE', 12366);
insert into manages values ('mdpi', 12366);
insert into manages values ('elsevier', 12366);
insert into manages values ('oxford', 12366);
insert into manages values ('springer', 12366);
insert into manages values ('acm', 18955);
insert into manages values ('IEEE', 18955);
insert into manages values ('mdpi', 18955);
insert into manages values ('elsevier', 18955);
insert into manages values ('oxford', 18955);
insert into manages values ('springer', 18955);
insert into manages values ('acm', 13615);
insert into manages values ('IEEE', 13615);
insert into manages values ('mdpi', 13615);
insert into manages values ('elsevier', 13615);
insert into manages values ('oxford', 13615);
insert into manages values ('springer', 13615);
insert into manages values ('acm', 16189);
insert into manages values ('IEEE', 16189);
insert into manages values ('mdpi', 16189);
insert into manages values ('elsevier', 16189);
insert into manages values ('acm', 13799);
insert into manages values ('IEEE', 13799);
insert into manages values ('acm', 14908);
insert into manages values ('IEEE', 14908);
insert into manages values ('springer', 14908);
insert into manages values ('elsevier', 14908);
insert into manages values ('acm', 16889);
insert into manages values ('IEEE', 16889);
insert into manages values ('mdpi', 16889);
insert into manages values ('elsevier', 16889);
insert into manages values ('oxford', 16889);
insert into manages values ('springer', 16889);
insert into manages values ('acm', 15601);
insert into manages values ('IEEE', 15601);
insert into manages values ('mdpi', 15601);
insert into manages values ('elsevier', 15601);
insert into manages values ('oxford', 15601);
insert into manages values ('springer', 15601);
insert into manages values ('acm', 16828);
insert into manages values ('IEEE', 16828);
insert into manages values ('mdpi', 16828);
insert into manages values ('elsevier', 16828);
insert into manages values ('oxford', 16828);
insert into manages values ('acm', 16488);
insert into manages values ('IEEE', 16488);
insert into manages values ('elsevier', 16488);
insert into manages values ('springer', 16488);
insert into manages values ('oxford', 16488);
insert into manages values ('acm', 17774);
insert into manages values ('IEEE', 17774);
insert into manages values ('mdpi', 17774);
insert into manages values ('elsevier', 17774);
insert into manages values ('oxford', 17774);
insert into manages values ('springer', 17774);
insert into manages values ('acm', 11313);
insert into manages values ('IEEE', 11313);
insert into manages values ('mdpi', 11313);
insert into manages values ('elsevier', 11313);
insert into manages values ('oxford', 11313);
insert into manages values ('acm', 16070);
insert into manages values ('IEEE', 16070);
insert into manages values ('mdpi', 16070);
insert into manages values ('elsevier', 16070);
insert into manages values ('oxford', 16070);
insert into manages values ('springer', 16070);
insert into manages values ('acm', 13865);
insert into manages values ('IEEE', 13865);
insert into manages values ('mdpi', 13865);
insert into manages values ('elsevier', 13865);
insert into manages values ('acm', 12719);
insert into manages values ('IEEE', 12719);
insert into manages values ('mdpi', 12719);
insert into manages values ('elsevier', 12719);
insert into manages values ('oxford', 12719);
insert into manages values ('springer', 12719);
insert into manages values ('acm', 13188);
insert into manages values ('IEEE', 13188);
insert into manages values ('mdpi', 13188);
insert into manages values ('elsevier', 13188);
insert into manages values ('oxford', 13188);
insert into manages values ('springer', 13188);
insert into manages values ('acm', 11505);
insert into manages values ('IEEE', 11505);
insert into manages values ('mdpi', 11505);
insert into manages values ('elsevier', 11505);
insert into manages values ('oxford', 11505);
insert into manages values ('springer', 11505);
insert into manages values ('acm', 15117);
insert into manages values ('IEEE', 15117);
insert into manages values ('acm', 19769);
insert into manages values ('IEEE', 19769);
insert into manages values ('mdpi', 19769);
insert into manages values ('elsevier', 19769);
insert into manages values ('oxford', 19769);
insert into manages values ('springer', 19769);
insert into manages values ('acm', 12682);
insert into manages values ('IEEE', 12682);
insert into manages values ('mdpi', 12682);
insert into manages values ('elsevier', 12682);
insert into manages values ('oxford', 12682);
insert into manages values ('springer', 12682);
insert into manages values ('acm', 19437);
insert into manages values ('IEEE', 19437);
insert into manages values ('mdpi', 19437);
insert into manages values ('elsevier', 19437);
insert into manages values ('oxford', 19437);
insert into manages values ('springer', 19437);
insert into manages values ('acm', 19034);
insert into manages values ('IEEE', 19034);
insert into manages values ('springer', 19034);
insert into manages values ('acm', 16895);
insert into manages values ('IEEE', 16895);
insert into manages values ('mdpi', 16895);
insert into manages values ('elsevier', 16895);
insert into manages values ('acm', 16611);
insert into manages values ('IEEE', 16611);
insert into manages values ('springer', 16611);
insert into manages values ('acm', 17475);
insert into manages values ('IEEE', 17475);
insert into manages values ('mdpi', 17475);
insert into manages values ('elsevier', 17475);
insert into manages values ('oxford', 17475);
insert into manages values ('springer', 17475);
insert into manages values ('acm', 19144);
insert into manages values ('IEEE', 19144);
insert into manages values ('mdpi', 19144);
insert into manages values ('elsevier', 19144);
insert into manages values ('oxford', 19144);
insert into manages values ('springer', 19144);
insert into manages values ('acm', 16299);
insert into manages values ('IEEE', 16299);
insert into manages values ('mdpi', 16299);
insert into manages values ('elsevier', 16299);
insert into manages values ('oxford', 16299);
insert into manages values ('springer', 16299);
insert into manages values ('acm', 15216);
insert into manages values ('IEEE', 15216);
insert into manages values ('elsevier', 15216);
insert into manages values ('springer', 15216);
insert into manages values ('oxford', 15216);
insert into manages values ('acm', 10933);
insert into manages values ('IEEE', 10933);
insert into manages values ('mdpi', 10933);
insert into manages values ('acm', 11526);
insert into manages values ('IEEE', 11526);
insert into manages values ('acm', 17593);
insert into manages values ('IEEE', 17593);
insert into manages values ('mdpi', 17593);
insert into manages values ('elsevier', 17593);
insert into manages values ('oxford', 17593);
insert into manages values ('springer', 17593);
insert into manages values ('acm', 10365);
insert into manages values ('IEEE', 10365);
insert into manages values ('mdpi', 10365);
insert into manages values ('acm', 15649);
insert into manages values ('IEEE', 15649);
insert into manages values ('mdpi', 15649);
insert into manages values ('elsevier', 15649);
insert into manages values ('oxford', 15649);
insert into manages values ('springer', 15649);
insert into manages values ('acm', 19884);
insert into manages values ('IEEE', 19884);
insert into manages values ('springer', 19884);
insert into manages values ('acm', 11712);
insert into manages values ('IEEE', 11712);
insert into manages values ('springer', 11712);
insert into manages values ('elsevier', 11712);
insert into manages values ('acm', 17553);
insert into manages values ('IEEE', 17553);
insert into manages values ('mdpi', 17553);
insert into manages values ('elsevier', 17553);
insert into manages values ('oxford', 17553);
insert into manages values ('springer', 17553);
insert into manages values ('acm', 10505);
insert into manages values ('IEEE', 10505);
insert into manages values ('mdpi', 10505);
insert into manages values ('elsevier', 10505);
insert into manages values ('oxford', 10505);
insert into manages values ('springer', 10505);
insert into manages values ('acm', 15513);
insert into manages values ('IEEE', 15513);
insert into manages values ('mdpi', 15513);
insert into manages values ('elsevier', 15513);
insert into manages values ('springer', 15513);
insert into manages values ('acm', 15504);
insert into manages values ('IEEE', 15504);
insert into manages values ('springer', 15504);
insert into manages values ('acm', 14412);
insert into manages values ('IEEE', 14412);
insert into manages values ('mdpi', 14412);
insert into manages values ('acm', 10679);
insert into manages values ('IEEE', 10679);
insert into manages values ('mdpi', 10679);
insert into manages values ('elsevier', 10679);
insert into manages values ('oxford', 10679);
insert into manages values ('acm', 16179);
insert into manages values ('IEEE', 16179);
insert into manages values ('elsevier', 16179);
insert into manages values ('springer', 16179);
insert into manages values ('oxford', 16179);
insert into manages values ('acm', 19482);
insert into manages values ('IEEE', 19482);
insert into manages values ('elsevier', 19482);
insert into manages values ('springer', 19482);
insert into manages values ('oxford', 19482);
insert into manages values ('acm', 15616);
insert into manages values ('IEEE', 15616);
insert into manages values ('elsevier', 15616);
insert into manages values ('springer', 15616);
insert into manages values ('oxford', 15616);
insert into manages values ('acm', 18387);
insert into manages values ('IEEE', 18387);
insert into manages values ('mdpi', 18387);
insert into manages values ('elsevier', 18387);
insert into manages values ('oxford', 18387);
insert into manages values ('springer', 18387);
insert into manages values ('acm', 14795);
insert into manages values ('IEEE', 14795);
insert into manages values ('mdpi', 14795);
insert into manages values ('elsevier', 14795);
insert into manages values ('oxford', 14795);
insert into manages values ('springer', 14795);
insert into manages values ('acm', 12152);
insert into manages values ('IEEE', 12152);
insert into manages values ('mdpi', 12152);
insert into manages values ('elsevier', 12152);
insert into manages values ('oxford', 12152);
insert into manages values ('springer', 12152);
insert into manages values ('acm', 12749);
insert into manages values ('IEEE', 12749);
insert into manages values ('mdpi', 12749);
insert into manages values ('elsevier', 12749);
insert into manages values ('oxford', 12749);
insert into manages values ('springer', 12749);
insert into manages values ('acm', 10027);
insert into manages values ('IEEE', 10027);
insert into manages values ('acm', 10276);
insert into manages values ('IEEE', 10276);
insert into manages values ('mdpi', 10276);
insert into manages values ('elsevier', 10276);
insert into manages values ('oxford', 10276);
insert into manages values ('springer', 10276);
insert into manages values ('acm', 13694);
insert into manages values ('IEEE', 13694);
insert into manages values ('mdpi', 13694);
insert into manages values ('elsevier', 13694);
insert into manages values ('oxford', 13694);
insert into manages values ('springer', 13694);
insert into manages values ('acm', 10712);
insert into manages values ('IEEE', 10712);
insert into manages values ('mdpi', 10712);
insert into manages values ('elsevier', 10712);
insert into manages values ('oxford', 10712);
insert into manages values ('springer', 10712);
insert into manages values ('acm', 12470);
insert into manages values ('IEEE', 12470);
insert into manages values ('mdpi', 12470);
insert into manages values ('elsevier', 12470);
insert into manages values ('oxford', 12470);
insert into manages values ('springer', 12470);
insert into manages values ('acm', 12103);
insert into manages values ('IEEE', 12103);
insert into manages values ('mdpi', 12103);
insert into manages values ('elsevier', 12103);
insert into manages values ('oxford', 12103);
insert into manages values ('springer', 12103);
insert into manages values ('acm', 14720);
insert into manages values ('IEEE', 14720);
insert into manages values ('acm', 12683);
insert into manages values ('IEEE', 12683);
insert into manages values ('mdpi', 12683);
insert into manages values ('acm', 16003);
insert into manages values ('IEEE', 16003);
insert into manages values ('springer', 16003);
insert into manages values ('acm', 18198);
insert into manages values ('IEEE', 18198);
insert into manages values ('mdpi', 18198);
insert into manages values ('springer', 18198);
insert into manages values ('acm', 10649);
insert into manages values ('IEEE', 10649);
insert into manages values ('mdpi', 10649);
insert into manages values ('springer', 10649);
insert into manages values ('acm', 10257);
insert into manages values ('IEEE', 10257);
insert into manages values ('acm', 11827);
insert into manages values ('IEEE', 11827);
insert into manages values ('mdpi', 11827);
insert into manages values ('elsevier', 11827);
insert into manages values ('springer', 11827);
insert into manages values ('acm', 17253);
insert into manages values ('IEEE', 17253);
insert into manages values ('mdpi', 17253);
insert into manages values ('elsevier', 17253);
insert into manages values ('oxford', 17253);
insert into manages values ('springer', 17253);
insert into manages values ('acm', 15873);
insert into manages values ('IEEE', 15873);
insert into manages values ('mdpi', 15873);
insert into manages values ('elsevier', 15873);
insert into manages values ('oxford', 15873);
insert into manages values ('springer', 15873);
insert into manages values ('acm', 14488);
insert into manages values ('IEEE', 14488);
insert into manages values ('mdpi', 14488);
insert into manages values ('elsevier', 14488);
insert into manages values ('oxford', 14488);
insert into manages values ('springer', 14488);
insert into manages values ('acm', 13751);
insert into manages values ('IEEE', 13751);
insert into manages values ('mdpi', 13751);
insert into manages values ('elsevier', 13751);
insert into manages values ('oxford', 13751);
insert into manages values ('springer', 13751);
insert into manages values ('acm', 12833);
insert into manages values ('IEEE', 12833);
insert into manages values ('springer', 12833);
insert into manages values ('elsevier', 12833);
insert into manages values ('acm', 10213);
insert into manages values ('IEEE', 10213);
insert into manages values ('mdpi', 10213);
insert into manages values ('elsevier', 10213);
insert into manages values ('oxford', 10213);
insert into manages values ('springer', 10213);
insert into manages values ('acm', 16646);
insert into manages values ('IEEE', 16646);
insert into manages values ('mdpi', 16646);
insert into manages values ('elsevier', 16646);
insert into manages values ('oxford', 16646);
insert into manages values ('springer', 16646);
insert into manages values ('acm', 11593);
insert into manages values ('IEEE', 11593);
insert into manages values ('mdpi', 11593);
insert into manages values ('elsevier', 11593);
insert into manages values ('oxford', 11593);
insert into manages values ('springer', 11593);
insert into manages values ('acm', 15478);
insert into manages values ('IEEE', 15478);
insert into manages values ('mdpi', 15478);
insert into manages values ('elsevier', 15478);
insert into manages values ('oxford', 15478);
insert into manages values ('springer', 15478);
insert into manages values ('acm', 13419);
insert into manages values ('IEEE', 13419);
insert into manages values ('mdpi', 13419);
insert into manages values ('elsevier', 13419);
insert into manages values ('oxford', 13419);
insert into manages values ('springer', 13419);
insert into manages values ('acm', 10049);
insert into manages values ('IEEE', 10049);
insert into manages values ('mdpi', 10049);
insert into manages values ('elsevier', 10049);
insert into manages values ('oxford', 10049);
insert into manages values ('springer', 10049);
insert into manages values ('acm', 18889);
insert into manages values ('IEEE', 18889);
insert into manages values ('mdpi', 18889);
insert into manages values ('acm', 18637);
insert into manages values ('IEEE', 18637);
insert into manages values ('elsevier', 18637);
insert into manages values ('springer', 18637);
insert into manages values ('oxford', 18637);
insert into manages values ('acm', 19583);
insert into manages values ('IEEE', 19583);
insert into manages values ('mdpi', 19583);
insert into manages values ('elsevier', 19583);
insert into manages values ('oxford', 19583);
insert into manages values ('springer', 19583);
insert into manages values ('acm', 12186);
insert into manages values ('IEEE', 12186);
insert into manages values ('mdpi', 12186);
insert into manages values ('elsevier', 12186);
insert into manages values ('oxford', 12186);
insert into manages values ('springer', 12186);
insert into manages values ('acm', 18091);
insert into manages values ('IEEE', 18091);
insert into manages values ('mdpi', 18091);
insert into manages values ('elsevier', 18091);
insert into manages values ('oxford', 18091);
insert into manages values ('springer', 18091);
insert into manages values ('acm', 16526);
insert into manages values ('IEEE', 16526);
insert into manages values ('mdpi', 16526);
insert into manages values ('elsevier', 16526);
insert into manages values ('oxford', 16526);
insert into manages values ('springer', 16526);
insert into manages values ('acm', 16806);
insert into manages values ('IEEE', 16806);
insert into manages values ('mdpi', 16806);
insert into manages values ('elsevier', 16806);
insert into manages values ('acm', 11106);
insert into manages values ('IEEE', 11106);
insert into manages values ('springer', 11106);
insert into manages values ('elsevier', 11106);
insert into manages values ('acm', 14271);
insert into manages values ('IEEE', 14271);
insert into manages values ('mdpi', 14271);
insert into manages values ('elsevier', 14271);
insert into manages values ('oxford', 14271);
insert into manages values ('acm', 10833);
insert into manages values ('IEEE', 10833);
insert into manages values ('mdpi', 10833);
insert into manages values ('acm', 17092);
insert into manages values ('IEEE', 17092);
insert into manages values ('mdpi', 17092);
insert into manages values ('elsevier', 17092);
insert into manages values ('oxford', 17092);
insert into manages values ('springer', 17092);
insert into manages values ('acm', 12881);
insert into manages values ('IEEE', 12881);
insert into manages values ('mdpi', 12881);
insert into manages values ('elsevier', 12881);
insert into manages values ('oxford', 12881);
insert into manages values ('springer', 12881);
insert into manages values ('acm', 19923);
insert into manages values ('IEEE', 19923);
insert into manages values ('mdpi', 19923);
insert into manages values ('elsevier', 19923);
insert into manages values ('oxford', 19923);
insert into manages values ('springer', 19923);
insert into manages values ('acm', 11456);
insert into manages values ('IEEE', 11456);
insert into manages values ('mdpi', 11456);
insert into manages values ('elsevier', 11456);
insert into manages values ('oxford', 11456);
insert into manages values ('springer', 11456);
insert into manages values ('acm', 13002);
insert into manages values ('IEEE', 13002);
insert into manages values ('mdpi', 13002);
insert into manages values ('elsevier', 13002);
insert into manages values ('oxford', 13002);
insert into manages values ('springer', 13002);
insert into manages values ('acm', 18030);
insert into manages values ('IEEE', 18030);
insert into manages values ('mdpi', 18030);
insert into manages values ('elsevier', 18030);
insert into manages values ('oxford', 18030);
insert into manages values ('acm', 15564);
insert into manages values ('IEEE', 15564);
insert into manages values ('mdpi', 15564);
insert into manages values ('elsevier', 15564);
insert into manages values ('oxford', 15564);
insert into manages values ('springer', 15564);
insert into manages values ('acm', 15070);
insert into manages values ('IEEE', 15070);
insert into manages values ('acm', 13441);
insert into manages values ('IEEE', 13441);
insert into manages values ('mdpi', 13441);
insert into manages values ('elsevier', 13441);
insert into manages values ('oxford', 13441);
insert into manages values ('springer', 13441);
insert into manages values ('acm', 13225);
insert into manages values ('IEEE', 13225);
insert into manages values ('mdpi', 13225);
insert into manages values ('elsevier', 13225);
insert into manages values ('oxford', 13225);
insert into manages values ('springer', 13225);
insert into manages values ('acm', 15047);
insert into manages values ('IEEE', 15047);
insert into manages values ('mdpi', 15047);
insert into manages values ('elsevier', 15047);
insert into manages values ('oxford', 15047);
insert into manages values ('springer', 15047);
insert into manages values ('acm', 19405);
insert into manages values ('IEEE', 19405);
insert into manages values ('mdpi', 19405);
insert into manages values ('elsevier', 19405);
insert into manages values ('acm', 14313);
insert into manages values ('IEEE', 14313);
insert into manages values ('mdpi', 14313);
insert into manages values ('elsevier', 14313);
insert into manages values ('oxford', 14313);
insert into manages values ('springer', 14313);
insert into manages values ('acm', 19634);
insert into manages values ('IEEE', 19634);
insert into manages values ('mdpi', 19634);
insert into manages values ('elsevier', 19634);
insert into manages values ('oxford', 19634);
insert into manages values ('springer', 19634);
insert into manages values ('acm', 18986);
insert into manages values ('IEEE', 18986);
insert into manages values ('mdpi', 18986);
insert into manages values ('elsevier', 18986);
insert into manages values ('oxford', 18986);
insert into manages values ('acm', 17775);
insert into manages values ('IEEE', 17775);
insert into manages values ('mdpi', 17775);
insert into manages values ('elsevier', 17775);
insert into manages values ('springer', 17775);
insert into manages values ('acm', 17070);
insert into manages values ('IEEE', 17070);
insert into manages values ('mdpi', 17070);
insert into manages values ('elsevier', 17070);
insert into manages values ('oxford', 17070);
insert into manages values ('springer', 17070);
insert into manages values ('acm', 10893);
insert into manages values ('IEEE', 10893);
insert into manages values ('mdpi', 10893);
insert into manages values ('elsevier', 10893);
insert into manages values ('oxford', 10893);
insert into manages values ('springer', 10893);
insert into manages values ('acm', 19308);
insert into manages values ('IEEE', 19308);
insert into manages values ('mdpi', 19308);
insert into manages values ('elsevier', 19308);
insert into manages values ('oxford', 19308);
insert into manages values ('acm', 19090);
insert into manages values ('IEEE', 19090);
insert into manages values ('springer', 19090);
insert into manages values ('acm', 19282);
insert into manages values ('IEEE', 19282);
insert into manages values ('mdpi', 19282);
insert into manages values ('springer', 19282);
insert into manages values ('acm', 11041);
insert into manages values ('IEEE', 11041);
insert into manages values ('mdpi', 11041);
insert into manages values ('acm', 14750);
insert into manages values ('IEEE', 14750);
insert into manages values ('mdpi', 14750);
insert into manages values ('elsevier', 14750);
insert into manages values ('oxford', 14750);
insert into manages values ('springer', 14750);
insert into manages values ('acm', 19898);
insert into manages values ('IEEE', 19898);
insert into manages values ('mdpi', 19898);
insert into manages values ('elsevier', 19898);
insert into manages values ('oxford', 19898);
insert into manages values ('springer', 19898);
insert into manages values ('acm', 14290);
insert into manages values ('IEEE', 14290);
insert into manages values ('mdpi', 14290);
insert into manages values ('elsevier', 14290);
insert into manages values ('oxford', 14290);
insert into manages values ('springer', 14290);
insert into manages values ('acm', 15127);
insert into manages values ('IEEE', 15127);
insert into manages values ('elsevier', 15127);
insert into manages values ('springer', 15127);
insert into manages values ('oxford', 15127);
insert into manages values ('acm', 14442);
insert into manages values ('IEEE', 14442);
insert into manages values ('mdpi', 14442);
insert into manages values ('elsevier', 14442);
insert into manages values ('oxford', 14442);
insert into manages values ('springer', 14442);
insert into manages values ('acm', 18048);
insert into manages values ('IEEE', 18048);
insert into manages values ('mdpi', 18048);
insert into manages values ('elsevier', 18048);
insert into manages values ('oxford', 18048);
insert into manages values ('springer', 18048);
insert into manages values ('acm', 17210);
insert into manages values ('IEEE', 17210);
insert into manages values ('mdpi', 17210);
insert into manages values ('springer', 17210);
insert into manages values ('acm', 19019);
insert into manages values ('IEEE', 19019);
insert into manages values ('mdpi', 19019);
insert into manages values ('springer', 19019);
insert into manages values ('acm', 19835);
insert into manages values ('IEEE', 19835);
insert into manages values ('mdpi', 19835);
insert into manages values ('elsevier', 19835);
insert into manages values ('oxford', 19835);
insert into manages values ('springer', 19835);
insert into manages values ('acm', 15644);
insert into manages values ('IEEE', 15644);
insert into manages values ('mdpi', 15644);
insert into manages values ('springer', 15644);
insert into manages values ('acm', 18225);
insert into manages values ('IEEE', 18225);
insert into manages values ('acm', 14652);
insert into manages values ('IEEE', 14652);
insert into manages values ('mdpi', 14652);
insert into manages values ('elsevier', 14652);
insert into manages values ('oxford', 14652);
insert into manages values ('springer', 14652);
insert into manages values ('acm', 19796);
insert into manages values ('IEEE', 19796);
insert into manages values ('mdpi', 19796);
insert into manages values ('elsevier', 19796);
insert into manages values ('acm', 18697);
insert into manages values ('IEEE', 18697);
insert into manages values ('mdpi', 18697);
insert into manages values ('elsevier', 18697);
insert into manages values ('oxford', 18697);
insert into manages values ('springer', 18697);
insert into manages values ('acm', 12059);
insert into manages values ('IEEE', 12059);
insert into manages values ('mdpi', 12059);
insert into manages values ('elsevier', 12059);
insert into manages values ('oxford', 12059);
insert into manages values ('springer', 12059);
insert into manages values ('acm', 10622);
insert into manages values ('IEEE', 10622);
insert into manages values ('mdpi', 10622);
insert into manages values ('elsevier', 10622);
insert into manages values ('oxford', 10622);
insert into manages values ('springer', 10622);
insert into manages values ('acm', 12694);
insert into manages values ('IEEE', 12694);
insert into manages values ('springer', 12694);
insert into manages values ('acm', 12156);
insert into manages values ('IEEE', 12156);
insert into manages values ('springer', 12156);
insert into manages values ('elsevier', 12156);
insert into manages values ('acm', 11672);
insert into manages values ('IEEE', 11672);
insert into manages values ('mdpi', 11672);
insert into manages values ('elsevier', 11672);
insert into manages values ('oxford', 11672);
insert into manages values ('springer', 11672);
insert into manages values ('acm', 17279);
insert into manages values ('IEEE', 17279);
insert into manages values ('mdpi', 17279);
insert into manages values ('elsevier', 17279);
insert into manages values ('oxford', 17279);
insert into manages values ('springer', 17279);
insert into manages values ('acm', 11071);
insert into manages values ('IEEE', 11071);
insert into manages values ('mdpi', 11071);
insert into manages values ('elsevier', 11071);
insert into manages values ('oxford', 11071);
insert into manages values ('acm', 11762);
insert into manages values ('IEEE', 11762);
insert into manages values ('mdpi', 11762);
insert into manages values ('acm', 14331);
insert into manages values ('IEEE', 14331);
insert into manages values ('mdpi', 14331);
insert into manages values ('acm', 11998);
insert into manages values ('IEEE', 11998);
insert into manages values ('mdpi', 11998);
insert into manages values ('elsevier', 11998);
insert into manages values ('oxford', 11998);
insert into manages values ('springer', 11998);
insert into manages values ('acm', 15124);
insert into manages values ('IEEE', 15124);
insert into manages values ('mdpi', 15124);
insert into manages values ('elsevier', 15124);
insert into manages values ('oxford', 15124);
insert into manages values ('springer', 15124);
insert into manages values ('acm', 10926);
insert into manages values ('IEEE', 10926);
insert into manages values ('mdpi', 10926);
insert into manages values ('elsevier', 10926);
insert into manages values ('oxford', 10926);
insert into manages values ('springer', 10926);
insert into manages values ('acm', 19623);
insert into manages values ('IEEE', 19623);
insert into manages values ('springer', 19623);
insert into manages values ('acm', 19737);
insert into manages values ('IEEE', 19737);
insert into manages values ('springer', 19737);
insert into manages values ('acm', 11777);
insert into manages values ('IEEE', 11777);
insert into manages values ('acm', 10705);
insert into manages values ('IEEE', 10705);
insert into manages values ('mdpi', 10705);
insert into manages values ('elsevier', 10705);
insert into manages values ('oxford', 10705);
insert into manages values ('springer', 10705);
insert into manages values ('acm', 10189);
insert into manages values ('IEEE', 10189);
insert into manages values ('mdpi', 10189);
insert into manages values ('elsevier', 10189);
insert into manages values ('oxford', 10189);
insert into manages values ('springer', 10189);
insert into manages values ('acm', 18057);
insert into manages values ('IEEE', 18057);
insert into manages values ('mdpi', 18057);
insert into manages values ('elsevier', 18057);
insert into manages values ('springer', 18057);
insert into manages values ('acm', 13944);
insert into manages values ('IEEE', 13944);
insert into manages values ('mdpi', 13944);
insert into manages values ('elsevier', 13944);
insert into manages values ('oxford', 13944);
insert into manages values ('springer', 13944);
insert into manages values ('acm', 16088);
insert into manages values ('IEEE', 16088);
insert into manages values ('mdpi', 16088);
insert into manages values ('elsevier', 16088);
insert into manages values ('oxford', 16088);
insert into manages values ('springer', 16088);
insert into manages values ('acm', 18624);
insert into manages values ('IEEE', 18624);
insert into manages values ('mdpi', 18624);
insert into manages values ('elsevier', 18624);
insert into manages values ('acm', 10850);
insert into manages values ('IEEE', 10850);
insert into manages values ('mdpi', 10850);
insert into manages values ('elsevier', 10850);
insert into manages values ('oxford', 10850);
insert into manages values ('acm', 17838);
insert into manages values ('IEEE', 17838);
insert into manages values ('mdpi', 17838);
insert into manages values ('elsevier', 17838);
insert into manages values ('oxford', 17838);
insert into manages values ('springer', 17838);
insert into manages values ('acm', 17769);
insert into manages values ('IEEE', 17769);
insert into manages values ('mdpi', 17769);
insert into manages values ('elsevier', 17769);
insert into manages values ('oxford', 17769);
insert into manages values ('springer', 17769);
insert into manages values ('acm', 19063);
insert into manages values ('IEEE', 19063);
insert into manages values ('mdpi', 19063);
insert into manages values ('elsevier', 19063);
insert into manages values ('oxford', 19063);
insert into manages values ('springer', 19063);
insert into manages values ('acm', 13001);
insert into manages values ('IEEE', 13001);
insert into manages values ('mdpi', 13001);
insert into manages values ('elsevier', 13001);
insert into manages values ('oxford', 13001);
insert into manages values ('springer', 13001);
insert into manages values ('acm', 19413);
insert into manages values ('IEEE', 19413);
insert into manages values ('mdpi', 19413);
insert into manages values ('elsevier', 19413);
insert into manages values ('oxford', 19413);
insert into manages values ('springer', 19413);
insert into manages values ('acm', 16442);
insert into manages values ('IEEE', 16442);
insert into manages values ('mdpi', 16442);
insert into manages values ('elsevier', 16442);
insert into manages values ('oxford', 16442);
insert into manages values ('springer', 16442);
insert into manages values ('acm', 17801);
insert into manages values ('IEEE', 17801);
insert into manages values ('mdpi', 17801);
insert into manages values ('springer', 17801);
insert into manages values ('acm', 18837);
insert into manages values ('IEEE', 18837);
insert into manages values ('mdpi', 18837);
insert into manages values ('elsevier', 18837);
insert into manages values ('oxford', 18837);
insert into manages values ('springer', 18837);
insert into manages values ('acm', 11867);
insert into manages values ('IEEE', 11867);
insert into manages values ('mdpi', 11867);
insert into manages values ('elsevier', 11867);
insert into manages values ('oxford', 11867);
insert into manages values ('acm', 18080);
insert into manages values ('IEEE', 18080);
insert into manages values ('springer', 18080);
insert into manages values ('elsevier', 18080);
insert into manages values ('acm', 11287);
insert into manages values ('IEEE', 11287);
insert into manages values ('mdpi', 11287);
insert into manages values ('elsevier', 11287);
insert into manages values ('oxford', 11287);
insert into manages values ('springer', 11287);
insert into manages values ('acm', 11155);
insert into manages values ('IEEE', 11155);
insert into manages values ('mdpi', 11155);
insert into manages values ('elsevier', 11155);
insert into manages values ('oxford', 11155);
insert into manages values ('springer', 11155);
insert into manages values ('acm', 11679);
insert into manages values ('IEEE', 11679);
insert into manages values ('elsevier', 11679);
insert into manages values ('springer', 11679);
insert into manages values ('oxford', 11679);
insert into manages values ('acm', 19587);
insert into manages values ('IEEE', 19587);
insert into manages values ('mdpi', 19587);
insert into manages values ('elsevier', 19587);
insert into manages values ('oxford', 19587);
insert into manages values ('springer', 19587);
insert into manages values ('acm', 12925);
insert into manages values ('IEEE', 12925);
insert into manages values ('mdpi', 12925);
insert into manages values ('elsevier', 12925);
insert into manages values ('oxford', 12925);
insert into manages values ('springer', 12925);
insert into manages values ('acm', 11428);
insert into manages values ('IEEE', 11428);
insert into manages values ('mdpi', 11428);
insert into manages values ('acm', 13708);
insert into manages values ('IEEE', 13708);
insert into manages values ('mdpi', 13708);
insert into manages values ('elsevier', 13708);
insert into manages values ('oxford', 13708);
insert into manages values ('springer', 13708);
insert into manages values ('acm', 17878);
insert into manages values ('IEEE', 17878);
insert into manages values ('mdpi', 17878);
insert into manages values ('elsevier', 17878);
insert into manages values ('oxford', 17878);
insert into manages values ('springer', 17878);
insert into manages values ('acm', 15379);
insert into manages values ('IEEE', 15379);
insert into manages values ('mdpi', 15379);
insert into manages values ('acm', 17271);
insert into manages values ('IEEE', 17271);
insert into manages values ('mdpi', 17271);
insert into manages values ('elsevier', 17271);
insert into manages values ('oxford', 17271);
insert into manages values ('springer', 17271);
insert into manages values ('acm', 18436);
insert into manages values ('IEEE', 18436);
insert into manages values ('elsevier', 18436);
insert into manages values ('springer', 18436);
insert into manages values ('oxford', 18436);
insert into manages values ('acm', 10098);
insert into manages values ('IEEE', 10098);
insert into manages values ('mdpi', 10098);
insert into manages values ('elsevier', 10098);
insert into manages values ('oxford', 10098);
insert into manages values ('springer', 10098);
insert into manages values ('acm', 15591);
insert into manages values ('IEEE', 15591);
insert into manages values ('mdpi', 15591);
insert into manages values ('acm', 17293);
insert into manages values ('IEEE', 17293);
insert into manages values ('elsevier', 17293);
insert into manages values ('springer', 17293);
insert into manages values ('oxford', 17293);
insert into manages values ('acm', 15653);
insert into manages values ('IEEE', 15653);
insert into manages values ('mdpi', 15653);
insert into manages values ('elsevier', 15653);
insert into manages values ('springer', 15653);
insert into manages values ('acm', 14084);
insert into manages values ('IEEE', 14084);
insert into manages values ('springer', 14084);
insert into manages values ('elsevier', 14084);
insert into manages values ('acm', 12286);
insert into manages values ('IEEE', 12286);
insert into manages values ('springer', 12286);
insert into manages values ('acm', 13345);
insert into manages values ('IEEE', 13345);
insert into manages values ('mdpi', 13345);
insert into manages values ('springer', 13345);
insert into manages values ('acm', 18660);
insert into manages values ('IEEE', 18660);
insert into manages values ('springer', 18660);
insert into manages values ('acm', 19630);
insert into manages values ('IEEE', 19630);
insert into manages values ('mdpi', 19630);
insert into manages values ('elsevier', 19630);
insert into manages values ('oxford', 19630);
insert into manages values ('acm', 16581);
insert into manages values ('IEEE', 16581);
insert into manages values ('mdpi', 16581);
insert into manages values ('elsevier', 16581);
insert into manages values ('oxford', 16581);
insert into manages values ('springer', 16581);
insert into manages values ('acm', 11922);
insert into manages values ('IEEE', 11922);
insert into manages values ('mdpi', 11922);
insert into manages values ('elsevier', 11922);
insert into manages values ('oxford', 11922);
insert into manages values ('springer', 11922);
insert into manages values ('acm', 16926);
insert into manages values ('IEEE', 16926);
insert into manages values ('springer', 16926);
insert into manages values ('elsevier', 16926);
insert into manages values ('acm', 18066);
insert into manages values ('IEEE', 18066);
insert into manages values ('mdpi', 18066);
insert into manages values ('elsevier', 18066);
insert into manages values ('oxford', 18066);
insert into manages values ('springer', 18066);
insert into manages values ('acm', 13156);
insert into manages values ('IEEE', 13156);
insert into manages values ('mdpi', 13156);
insert into manages values ('elsevier', 13156);
insert into manages values ('acm', 12594);
insert into manages values ('IEEE', 12594);
insert into manages values ('mdpi', 12594);
insert into manages values ('elsevier', 12594);
insert into manages values ('oxford', 12594);
insert into manages values ('springer', 12594);
insert into manages values ('acm', 14473);
insert into manages values ('IEEE', 14473);
insert into manages values ('mdpi', 14473);
insert into manages values ('elsevier', 14473);
insert into manages values ('oxford', 14473);
insert into manages values ('springer', 14473);
insert into manages values ('acm', 12904);
insert into manages values ('IEEE', 12904);
insert into manages values ('mdpi', 12904);
insert into manages values ('elsevier', 12904);
insert into manages values ('oxford', 12904);
insert into manages values ('springer', 12904);
insert into manages values ('acm', 18262);
insert into manages values ('IEEE', 18262);
insert into manages values ('mdpi', 18262);
insert into manages values ('elsevier', 18262);
insert into manages values ('oxford', 18262);
insert into manages values ('springer', 18262);
insert into manages values ('acm', 17042);
insert into manages values ('IEEE', 17042);
insert into manages values ('elsevier', 17042);
insert into manages values ('springer', 17042);
insert into manages values ('oxford', 17042);
insert into manages values ('acm', 10083);
insert into manages values ('IEEE', 10083);
insert into manages values ('mdpi', 10083);
insert into manages values ('elsevier', 10083);
insert into manages values ('oxford', 10083);
insert into manages values ('springer', 10083);
insert into manages values ('acm', 14923);
insert into manages values ('IEEE', 14923);
insert into manages values ('springer', 14923);
insert into manages values ('acm', 13575);
insert into manages values ('IEEE', 13575);
insert into manages values ('mdpi', 13575);
insert into manages values ('acm', 16749);
insert into manages values ('IEEE', 16749);
insert into manages values ('mdpi', 16749);
insert into manages values ('elsevier', 16749);
insert into manages values ('oxford', 16749);
insert into manages values ('springer', 16749);
insert into manages values ('acm', 10491);
insert into manages values ('IEEE', 10491);
insert into manages values ('springer', 10491);
insert into manages values ('acm', 17013);
insert into manages values ('IEEE', 17013);
insert into manages values ('mdpi', 17013);
insert into manages values ('elsevier', 17013);
insert into manages values ('oxford', 17013);
insert into manages values ('springer', 17013);
insert into manages values ('acm', 10167);
insert into manages values ('IEEE', 10167);
insert into manages values ('springer', 10167);
insert into manages values ('acm', 18525);
insert into manages values ('IEEE', 18525);
insert into manages values ('mdpi', 18525);
insert into manages values ('elsevier', 18525);
insert into manages values ('springer', 18525);
insert into manages values ('acm', 14053);
insert into manages values ('IEEE', 14053);
insert into manages values ('mdpi', 14053);
insert into manages values ('elsevier', 14053);
insert into manages values ('oxford', 14053);
insert into manages values ('springer', 14053);
insert into manages values ('acm', 12145);
insert into manages values ('IEEE', 12145);
insert into manages values ('elsevier', 12145);
insert into manages values ('springer', 12145);
insert into manages values ('oxford', 12145);
insert into manages values ('acm', 19113);
insert into manages values ('IEEE', 19113);
insert into manages values ('mdpi', 19113);
insert into manages values ('elsevier', 19113);
insert into manages values ('oxford', 19113);
insert into manages values ('springer', 19113);
insert into manages values ('acm', 19826);
insert into manages values ('IEEE', 19826);
insert into manages values ('springer', 19826);
insert into manages values ('elsevier', 19826);
insert into manages values ('acm', 13111);
insert into manages values ('IEEE', 13111);
insert into manages values ('mdpi', 13111);
insert into manages values ('elsevier', 13111);
insert into manages values ('springer', 13111);
insert into manages values ('acm', 16695);
insert into manages values ('IEEE', 16695);
insert into manages values ('acm', 16641);
insert into manages values ('IEEE', 16641);
insert into manages values ('mdpi', 16641);
insert into manages values ('elsevier', 16641);
insert into manages values ('oxford', 16641);
insert into manages values ('springer', 16641);
insert into manages values ('acm', 11206);
insert into manages values ('IEEE', 11206);
insert into manages values ('mdpi', 11206);
insert into manages values ('springer', 11206);
insert into manages values ('acm', 17352);
insert into manages values ('IEEE', 17352);
insert into manages values ('mdpi', 17352);
insert into manages values ('elsevier', 17352);
insert into manages values ('oxford', 17352);
insert into manages values ('springer', 17352);
insert into manages values ('acm', 17865);
insert into manages values ('IEEE', 17865);
insert into manages values ('mdpi', 17865);
insert into manages values ('elsevier', 17865);
insert into manages values ('oxford', 17865);
insert into manages values ('springer', 17865);
insert into manages values ('acm', 11343);
insert into manages values ('IEEE', 11343);
insert into manages values ('mdpi', 11343);
insert into manages values ('elsevier', 11343);
insert into manages values ('oxford', 11343);
insert into manages values ('springer', 11343);
insert into manages values ('acm', 19399);
insert into manages values ('IEEE', 19399);
insert into manages values ('elsevier', 19399);
insert into manages values ('springer', 19399);
insert into manages values ('oxford', 19399);
insert into manages values ('acm', 10745);
insert into manages values ('IEEE', 10745);
insert into manages values ('mdpi', 10745);
insert into manages values ('acm', 13920);
insert into manages values ('IEEE', 13920);
insert into manages values ('springer', 13920);
insert into manages values ('acm', 12077);
insert into manages values ('IEEE', 12077);
insert into manages values ('mdpi', 12077);
insert into manages values ('elsevier', 12077);
insert into manages values ('oxford', 12077);
insert into manages values ('springer', 12077);
insert into manages values ('acm', 16020);
insert into manages values ('IEEE', 16020);
insert into manages values ('mdpi', 16020);
insert into manages values ('elsevier', 16020);
insert into manages values ('springer', 16020);
insert into manages values ('acm', 17481);
insert into manages values ('IEEE', 17481);
insert into manages values ('mdpi', 17481);
insert into manages values ('elsevier', 17481);
insert into manages values ('oxford', 17481);
insert into manages values ('springer', 17481);
insert into manages values ('acm', 11855);
insert into manages values ('IEEE', 11855);
insert into manages values ('mdpi', 11855);
insert into manages values ('elsevier', 11855);
insert into manages values ('oxford', 11855);
insert into manages values ('springer', 11855);
insert into manages values ('acm', 16338);
insert into manages values ('IEEE', 16338);
insert into manages values ('mdpi', 16338);
insert into manages values ('elsevier', 16338);
insert into manages values ('acm', 14169);
insert into manages values ('IEEE', 14169);
insert into manages values ('mdpi', 14169);
insert into manages values ('elsevier', 14169);
insert into manages values ('oxford', 14169);
insert into manages values ('springer', 14169);
insert into manages values ('acm', 12660);
insert into manages values ('IEEE', 12660);
insert into manages values ('mdpi', 12660);
insert into manages values ('elsevier', 12660);
insert into manages values ('oxford', 12660);
insert into manages values ('springer', 12660);
insert into manages values ('acm', 10545);
insert into manages values ('IEEE', 10545);
insert into manages values ('elsevier', 10545);
insert into manages values ('springer', 10545);
insert into manages values ('oxford', 10545);
insert into manages values ('acm', 10447);
insert into manages values ('IEEE', 10447);
insert into manages values ('mdpi', 10447);
insert into manages values ('elsevier', 10447);
insert into manages values ('oxford', 10447);
insert into manages values ('springer', 10447);
insert into manages values ('acm', 19842);
insert into manages values ('IEEE', 19842);
insert into manages values ('mdpi', 19842);
insert into manages values ('elsevier', 19842);
insert into manages values ('oxford', 19842);
insert into manages values ('springer', 19842);
insert into manages values ('acm', 15178);
insert into manages values ('IEEE', 15178);
insert into manages values ('springer', 15178);
insert into manages values ('acm', 12745);
insert into manages values ('IEEE', 12745);
insert into manages values ('mdpi', 12745);
insert into manages values ('elsevier', 12745);
insert into manages values ('oxford', 12745);
insert into manages values ('acm', 14074);
insert into manages values ('IEEE', 14074);
insert into manages values ('mdpi', 14074);
insert into manages values ('elsevier', 14074);
insert into manages values ('oxford', 14074);
insert into manages values ('springer', 14074);
insert into manages values ('acm', 19180);
insert into manages values ('IEEE', 19180);
insert into manages values ('springer', 19180);
insert into manages values ('acm', 18393);
insert into manages values ('IEEE', 18393);
insert into manages values ('mdpi', 18393);
insert into manages values ('elsevier', 18393);
insert into manages values ('oxford', 18393);
insert into manages values ('springer', 18393);
insert into manages values ('acm', 15909);
insert into manages values ('IEEE', 15909);
insert into manages values ('mdpi', 15909);
insert into manages values ('elsevier', 15909);
insert into manages values ('oxford', 15909);
insert into manages values ('acm', 17330);
insert into manages values ('IEEE', 17330);
insert into manages values ('springer', 17330);
insert into manages values ('elsevier', 17330);
insert into manages values ('acm', 10952);
insert into manages values ('IEEE', 10952);
insert into manages values ('mdpi', 10952);
insert into manages values ('elsevier', 10952);
insert into manages values ('oxford', 10952);
insert into manages values ('springer', 10952);
insert into manages values ('acm', 11702);
insert into manages values ('IEEE', 11702);
insert into manages values ('mdpi', 11702);
insert into manages values ('springer', 11702);
insert into manages values ('acm', 14406);
insert into manages values ('IEEE', 14406);
insert into manages values ('springer', 14406);
insert into manages values ('acm', 19894);
insert into manages values ('IEEE', 19894);
insert into manages values ('elsevier', 19894);
insert into manages values ('springer', 19894);
insert into manages values ('oxford', 19894);
insert into manages values ('acm', 18577);
insert into manages values ('IEEE', 18577);
insert into manages values ('mdpi', 18577);
insert into manages values ('elsevier', 18577);
insert into manages values ('oxford', 18577);
insert into manages values ('springer', 18577);
insert into manages values ('acm', 14747);
insert into manages values ('IEEE', 14747);
insert into manages values ('mdpi', 14747);
insert into manages values ('elsevier', 14747);
insert into manages values ('oxford', 14747);
insert into manages values ('springer', 14747);
insert into manages values ('acm', 10212);
insert into manages values ('IEEE', 10212);
insert into manages values ('elsevier', 10212);
insert into manages values ('springer', 10212);
insert into manages values ('oxford', 10212);
insert into manages values ('acm', 17981);
insert into manages values ('IEEE', 17981);
insert into manages values ('mdpi', 17981);
insert into manages values ('elsevier', 17981);
insert into manages values ('oxford', 17981);
insert into manages values ('springer', 17981);
insert into manages values ('acm', 16277);
insert into manages values ('IEEE', 16277);
insert into manages values ('mdpi', 16277);
insert into manages values ('elsevier', 16277);
insert into manages values ('oxford', 16277);
insert into manages values ('springer', 16277);
insert into manages values ('acm', 12435);
insert into manages values ('IEEE', 12435);
insert into manages values ('mdpi', 12435);
insert into manages values ('elsevier', 12435);
insert into manages values ('oxford', 12435);
insert into manages values ('acm', 18231);
insert into manages values ('IEEE', 18231);
insert into manages values ('mdpi', 18231);
insert into manages values ('acm', 13507);
insert into manages values ('IEEE', 13507);
insert into manages values ('mdpi', 13507);
insert into manages values ('elsevier', 13507);
insert into manages values ('oxford', 13507);
insert into manages values ('springer', 13507);
insert into manages values ('acm', 11195);
insert into manages values ('IEEE', 11195);
insert into manages values ('mdpi', 11195);
insert into manages values ('elsevier', 11195);
insert into manages values ('oxford', 11195);
insert into manages values ('springer', 11195);
insert into manages values ('acm', 15535);
insert into manages values ('IEEE', 15535);
insert into manages values ('mdpi', 15535);
insert into manages values ('elsevier', 15535);
insert into manages values ('oxford', 15535);
insert into manages values ('springer', 15535);
insert into manages values ('acm', 18025);
insert into manages values ('IEEE', 18025);
insert into manages values ('mdpi', 18025);
insert into manages values ('elsevier', 18025);
insert into manages values ('oxford', 18025);
insert into manages values ('springer', 18025);
insert into manages values ('acm', 19734);
insert into manages values ('IEEE', 19734);
insert into manages values ('mdpi', 19734);
insert into manages values ('elsevier', 19734);
insert into manages values ('oxford', 19734);
insert into manages values ('springer', 19734);
insert into manages values ('acm', 10824);
insert into manages values ('IEEE', 10824);
insert into manages values ('mdpi', 10824);
insert into manages values ('acm', 18786);
insert into manages values ('IEEE', 18786);
insert into manages values ('mdpi', 18786);
insert into manages values ('elsevier', 18786);
insert into manages values ('oxford', 18786);
insert into manages values ('springer', 18786);
insert into manages values ('acm', 10693);
insert into manages values ('IEEE', 10693);
insert into manages values ('mdpi', 10693);
insert into manages values ('elsevier', 10693);
insert into manages values ('oxford', 10693);
insert into manages values ('springer', 10693);
insert into manages values ('acm', 10396);
insert into manages values ('IEEE', 10396);
insert into manages values ('mdpi', 10396);
insert into manages values ('acm', 18731);
insert into manages values ('IEEE', 18731);
insert into manages values ('mdpi', 18731);
insert into manages values ('elsevier', 18731);
insert into manages values ('oxford', 18731);
insert into manages values ('springer', 18731);
insert into manages values ('acm', 15731);
insert into manages values ('IEEE', 15731);
insert into manages values ('mdpi', 15731);
insert into manages values ('elsevier', 15731);
insert into manages values ('oxford', 15731);
insert into manages values ('springer', 15731);
insert into manages values ('acm', 12386);
insert into manages values ('IEEE', 12386);
insert into manages values ('mdpi', 12386);
insert into manages values ('elsevier', 12386);
insert into manages values ('oxford', 12386);
insert into manages values ('springer', 12386);
insert into manages values ('acm', 17116);
insert into manages values ('IEEE', 17116);
insert into manages values ('mdpi', 17116);
insert into manages values ('elsevier', 17116);
insert into manages values ('oxford', 17116);
insert into manages values ('springer', 17116);
insert into manages values ('acm', 14419);
insert into manages values ('IEEE', 14419);
insert into manages values ('mdpi', 14419);
insert into manages values ('elsevier', 14419);
insert into manages values ('springer', 14419);
insert into manages values ('acm', 16504);
insert into manages values ('IEEE', 16504);
insert into manages values ('springer', 16504);
insert into manages values ('acm', 15360);
insert into manages values ('IEEE', 15360);
insert into manages values ('mdpi', 15360);
insert into manages values ('elsevier', 15360);
insert into manages values ('oxford', 15360);
insert into manages values ('springer', 15360);
insert into manages values ('acm', 12416);
insert into manages values ('IEEE', 12416);
insert into manages values ('mdpi', 12416);
insert into manages values ('elsevier', 12416);
insert into manages values ('oxford', 12416);
insert into manages values ('springer', 12416);
insert into manages values ('acm', 11853);
insert into manages values ('IEEE', 11853);
insert into manages values ('mdpi', 11853);
insert into manages values ('elsevier', 11853);
insert into manages values ('oxford', 11853);
insert into manages values ('springer', 11853);
insert into manages values ('acm', 18760);
insert into manages values ('IEEE', 18760);
insert into manages values ('mdpi', 18760);
insert into manages values ('elsevier', 18760);
insert into manages values ('oxford', 18760);
insert into manages values ('springer', 18760);
insert into manages values ('acm', 16694);
insert into manages values ('IEEE', 16694);
insert into manages values ('mdpi', 16694);
insert into manages values ('elsevier', 16694);
insert into manages values ('oxford', 16694);
insert into manages values ('springer', 16694);
insert into manages values ('acm', 12326);
insert into manages values ('IEEE', 12326);
insert into manages values ('elsevier', 12326);
insert into manages values ('springer', 12326);
insert into manages values ('oxford', 12326);
insert into manages values ('acm', 17927);
insert into manages values ('IEEE', 17927);
insert into manages values ('mdpi', 17927);
insert into manages values ('elsevier', 17927);
insert into manages values ('acm', 16968);
insert into manages values ('IEEE', 16968);
insert into manages values ('elsevier', 16968);
insert into manages values ('springer', 16968);
insert into manages values ('oxford', 16968);
insert into manages values ('acm', 19973);
insert into manages values ('IEEE', 19973);
insert into manages values ('mdpi', 19973);
insert into manages values ('elsevier', 19973);
insert into manages values ('oxford', 19973);
insert into manages values ('springer', 19973);
insert into manages values ('acm', 14335);
insert into manages values ('IEEE', 14335);
insert into manages values ('mdpi', 14335);
insert into manages values ('elsevier', 14335);
insert into manages values ('oxford', 14335);
insert into manages values ('springer', 14335);
insert into manages values ('acm', 10763);
insert into manages values ('IEEE', 10763);
insert into manages values ('springer', 10763);
insert into manages values ('acm', 14423);
insert into manages values ('IEEE', 14423);
insert into manages values ('elsevier', 14423);
insert into manages values ('springer', 14423);
insert into manages values ('oxford', 14423);
insert into manages values ('acm', 10618);
insert into manages values ('IEEE', 10618);
insert into manages values ('mdpi', 10618);
insert into manages values ('elsevier', 10618);
insert into manages values ('oxford', 10618);
insert into manages values ('springer', 10618);
insert into manages values ('acm', 12636);
insert into manages values ('IEEE', 12636);
insert into manages values ('acm', 18238);
insert into manages values ('IEEE', 18238);
insert into manages values ('mdpi', 18238);
insert into manages values ('elsevier', 18238);
insert into manages values ('oxford', 18238);
insert into manages values ('springer', 18238);
insert into manages values ('acm', 11961);
insert into manages values ('IEEE', 11961);
insert into manages values ('mdpi', 11961);
insert into manages values ('elsevier', 11961);
insert into manages values ('oxford', 11961);
insert into manages values ('springer', 11961);
insert into manages values ('acm', 14472);
insert into manages values ('IEEE', 14472);
insert into manages values ('mdpi', 14472);
insert into manages values ('elsevier', 14472);
insert into manages values ('oxford', 14472);
insert into manages values ('springer', 14472);
insert into manages values ('acm', 11075);
insert into manages values ('IEEE', 11075);
insert into manages values ('mdpi', 11075);
insert into manages values ('elsevier', 11075);
insert into manages values ('oxford', 11075);
insert into manages values ('springer', 11075);
insert into manages values ('acm', 14920);
insert into manages values ('IEEE', 14920);
insert into manages values ('mdpi', 14920);
insert into manages values ('elsevier', 14920);
insert into manages values ('oxford', 14920);
insert into manages values ('springer', 14920);
insert into manages values ('acm', 17421);
insert into manages values ('IEEE', 17421);
insert into manages values ('mdpi', 17421);
insert into manages values ('elsevier', 17421);
insert into manages values ('oxford', 17421);
insert into manages values ('springer', 17421);
insert into manages values ('acm', 19922);
insert into manages values ('IEEE', 19922);
insert into manages values ('mdpi', 19922);
insert into manages values ('elsevier', 19922);
insert into manages values ('oxford', 19922);
insert into manages values ('springer', 19922);
insert into manages values ('acm', 10033);
insert into manages values ('IEEE', 10033);
insert into manages values ('mdpi', 10033);
insert into manages values ('elsevier', 10033);
insert into manages values ('oxford', 10033);
insert into manages values ('springer', 10033);
insert into manages values ('acm', 16997);
insert into manages values ('IEEE', 16997);
insert into manages values ('mdpi', 16997);
insert into manages values ('elsevier', 16997);
insert into manages values ('acm', 16994);
insert into manages values ('IEEE', 16994);
insert into manages values ('mdpi', 16994);
insert into manages values ('springer', 16994);
insert into manages values ('acm', 14274);
insert into manages values ('IEEE', 14274);
insert into manages values ('acm', 18276);
insert into manages values ('IEEE', 18276);
insert into manages values ('mdpi', 18276);
insert into manages values ('springer', 18276);
insert into manages values ('acm', 15076);
insert into manages values ('IEEE', 15076);
insert into manages values ('mdpi', 15076);
insert into manages values ('elsevier', 15076);
insert into manages values ('oxford', 15076);
insert into manages values ('springer', 15076);
insert into manages values ('acm', 16911);
insert into manages values ('IEEE', 16911);
insert into manages values ('mdpi', 16911);
insert into manages values ('elsevier', 16911);
insert into manages values ('oxford', 16911);
insert into manages values ('springer', 16911);
insert into manages values ('acm', 12494);
insert into manages values ('IEEE', 12494);
insert into manages values ('mdpi', 12494);
insert into manages values ('elsevier', 12494);
insert into manages values ('oxford', 12494);
insert into manages values ('springer', 12494);
insert into manages values ('acm', 16018);
insert into manages values ('IEEE', 16018);
insert into manages values ('mdpi', 16018);
insert into manages values ('elsevier', 16018);
insert into manages values ('springer', 16018);
insert into manages values ('acm', 15337);
insert into manages values ('IEEE', 15337);
insert into manages values ('springer', 15337);
insert into manages values ('acm', 12284);
insert into manages values ('IEEE', 12284);
insert into manages values ('springer', 12284);
insert into manages values ('elsevier', 12284);
insert into manages values ('acm', 18451);
insert into manages values ('IEEE', 18451);
insert into manages values ('springer', 18451);
insert into manages values ('acm', 14275);
insert into manages values ('IEEE', 14275);
insert into manages values ('mdpi', 14275);
insert into manages values ('elsevier', 14275);
insert into manages values ('oxford', 14275);
insert into manages values ('springer', 14275);
insert into manages values ('acm', 10657);
insert into manages values ('IEEE', 10657);
insert into manages values ('mdpi', 10657);
insert into manages values ('elsevier', 10657);
insert into manages values ('oxford', 10657);
insert into manages values ('springer', 10657);
insert into manages values ('acm', 12473);
insert into manages values ('IEEE', 12473);
insert into manages values ('springer', 12473);
insert into manages values ('elsevier', 12473);
insert into manages values ('acm', 16816);
insert into manages values ('IEEE', 16816);
insert into manages values ('mdpi', 16816);
insert into manages values ('elsevier', 16816);
insert into manages values ('oxford', 16816);
insert into manages values ('springer', 16816);
insert into manages values ('acm', 15365);
insert into manages values ('IEEE', 15365);
insert into manages values ('elsevier', 15365);
insert into manages values ('springer', 15365);
insert into manages values ('oxford', 15365);
insert into manages values ('acm', 17698);
insert into manages values ('IEEE', 17698);
insert into manages values ('mdpi', 17698);
insert into manages values ('elsevier', 17698);
insert into manages values ('oxford', 17698);
insert into manages values ('springer', 17698);
insert into manages values ('acm', 13393);
insert into manages values ('IEEE', 13393);
insert into manages values ('mdpi', 13393);
insert into manages values ('elsevier', 13393);
insert into manages values ('oxford', 13393);
insert into manages values ('springer', 13393);
insert into manages values ('acm', 15812);
insert into manages values ('IEEE', 15812);
insert into manages values ('mdpi', 15812);
insert into manages values ('elsevier', 15812);
insert into manages values ('oxford', 15812);
insert into manages values ('springer', 15812);
insert into manages values ('acm', 17957);
insert into manages values ('IEEE', 17957);
insert into manages values ('elsevier', 17957);
insert into manages values ('springer', 17957);
insert into manages values ('oxford', 17957);
insert into manages values ('acm', 18160);
insert into manages values ('IEEE', 18160);
insert into manages values ('mdpi', 18160);
insert into manages values ('elsevier', 18160);
insert into manages values ('oxford', 18160);
insert into manages values ('springer', 18160);
insert into manages values ('acm', 10420);
insert into manages values ('IEEE', 10420);
insert into manages values ('springer', 10420);
insert into manages values ('elsevier', 10420);
insert into manages values ('acm', 12016);
insert into manages values ('IEEE', 12016);
insert into manages values ('mdpi', 12016);
insert into manages values ('elsevier', 12016);
insert into manages values ('oxford', 12016);
insert into manages values ('springer', 12016);
insert into manages values ('acm', 16194);
insert into manages values ('IEEE', 16194);
insert into manages values ('mdpi', 16194);
insert into manages values ('elsevier', 16194);
insert into manages values ('oxford', 16194);
insert into manages values ('springer', 16194);
insert into manages values ('acm', 18521);
insert into manages values ('IEEE', 18521);
insert into manages values ('springer', 18521);
insert into manages values ('elsevier', 18521);
insert into manages values ('acm', 14921);
insert into manages values ('IEEE', 14921);
insert into manages values ('mdpi', 14921);
insert into manages values ('elsevier', 14921);
insert into manages values ('acm', 18535);
insert into manages values ('IEEE', 18535);
insert into manages values ('mdpi', 18535);
insert into manages values ('elsevier', 18535);
insert into manages values ('oxford', 18535);
insert into manages values ('springer', 18535);
insert into manages values ('acm', 17937);
insert into manages values ('IEEE', 17937);
insert into manages values ('mdpi', 17937);
insert into manages values ('elsevier', 17937);
insert into manages values ('oxford', 17937);
insert into manages values ('springer', 17937);
insert into manages values ('acm', 11494);
insert into manages values ('IEEE', 11494);
insert into manages values ('mdpi', 11494);
insert into manages values ('elsevier', 11494);
insert into manages values ('oxford', 11494);
insert into manages values ('springer', 11494);
insert into manages values ('acm', 18904);
insert into manages values ('IEEE', 18904);
insert into manages values ('mdpi', 18904);
insert into manages values ('acm', 11114);
insert into manages values ('IEEE', 11114);
insert into manages values ('mdpi', 11114);
insert into manages values ('springer', 11114);
insert into manages values ('acm', 13702);
insert into manages values ('IEEE', 13702);
insert into manages values ('springer', 13702);
insert into manages values ('elsevier', 13702);
insert into manages values ('acm', 18750);
insert into manages values ('IEEE', 18750);
insert into manages values ('acm', 13468);
insert into manages values ('IEEE', 13468);
insert into manages values ('mdpi', 13468);
insert into manages values ('elsevier', 13468);
insert into manages values ('oxford', 13468);
insert into manages values ('springer', 13468);
insert into manages values ('acm', 14097);
insert into manages values ('IEEE', 14097);
insert into manages values ('elsevier', 14097);
insert into manages values ('springer', 14097);
insert into manages values ('oxford', 14097);
insert into manages values ('acm', 19157);
insert into manages values ('IEEE', 19157);
insert into manages values ('mdpi', 19157);
insert into manages values ('acm', 15718);
insert into manages values ('IEEE', 15718);
insert into manages values ('mdpi', 15718);
insert into manages values ('elsevier', 15718);
insert into manages values ('oxford', 15718);
insert into manages values ('springer', 15718);
insert into manages values ('acm', 16896);
insert into manages values ('IEEE', 16896);
insert into manages values ('mdpi', 16896);
insert into manages values ('elsevier', 16896);
insert into manages values ('oxford', 16896);
insert into manages values ('acm', 11741);
insert into manages values ('IEEE', 11741);
insert into manages values ('mdpi', 11741);
insert into manages values ('elsevier', 11741);
insert into manages values ('oxford', 11741);
insert into manages values ('acm', 13151);
insert into manages values ('IEEE', 13151);
insert into manages values ('mdpi', 13151);
insert into manages values ('elsevier', 13151);
insert into manages values ('oxford', 13151);
insert into manages values ('springer', 13151);
insert into manages values ('acm', 18564);
insert into manages values ('IEEE', 18564);
insert into manages values ('mdpi', 18564);
insert into manages values ('elsevier', 18564);
insert into manages values ('oxford', 18564);
insert into manages values ('springer', 18564);
insert into manages values ('acm', 11269);
insert into manages values ('IEEE', 11269);
insert into manages values ('mdpi', 11269);
insert into manages values ('elsevier', 11269);
insert into manages values ('acm', 15416);
insert into manages values ('IEEE', 15416);
insert into manages values ('acm', 10157);
insert into manages values ('IEEE', 10157);
insert into manages values ('mdpi', 10157);
insert into manages values ('elsevier', 10157);
insert into manages values ('oxford', 10157);
insert into manages values ('springer', 10157);
insert into manages values ('acm', 10072);
insert into manages values ('IEEE', 10072);
insert into manages values ('mdpi', 10072);
insert into manages values ('elsevier', 10072);
insert into manages values ('oxford', 10072);
insert into manages values ('springer', 10072);
insert into manages values ('acm', 18340);
insert into manages values ('IEEE', 18340);
insert into manages values ('springer', 18340);
insert into manages values ('acm', 15592);
insert into manages values ('IEEE', 15592);
insert into manages values ('mdpi', 15592);
insert into manages values ('elsevier', 15592);
insert into manages values ('oxford', 15592);
insert into manages values ('springer', 15592);
insert into manages values ('acm', 12845);
insert into manages values ('IEEE', 12845);
insert into manages values ('mdpi', 12845);
insert into manages values ('elsevier', 12845);
insert into manages values ('oxford', 12845);
insert into manages values ('springer', 12845);
insert into manages values ('acm', 10508);
insert into manages values ('IEEE', 10508);
insert into manages values ('mdpi', 10508);
insert into manages values ('acm', 10724);
insert into manages values ('IEEE', 10724);
insert into manages values ('mdpi', 10724);
insert into manages values ('elsevier', 10724);
insert into manages values ('oxford', 10724);
insert into manages values ('springer', 10724);
insert into manages values ('acm', 10085);
insert into manages values ('IEEE', 10085);
insert into manages values ('acm', 12729);
insert into manages values ('IEEE', 12729);
insert into manages values ('mdpi', 12729);
insert into manages values ('elsevier', 12729);
insert into manages values ('oxford', 12729);
insert into manages values ('springer', 12729);
insert into manages values ('acm', 15497);
insert into manages values ('IEEE', 15497);
insert into manages values ('mdpi', 15497);
insert into manages values ('elsevier', 15497);
insert into manages values ('oxford', 15497);
insert into manages values ('springer', 15497);
insert into manages values ('acm', 18410);
insert into manages values ('IEEE', 18410);
insert into manages values ('mdpi', 18410);
insert into manages values ('elsevier', 18410);
insert into manages values ('oxford', 18410);
insert into manages values ('springer', 18410);
insert into manages values ('acm', 15422);
insert into manages values ('IEEE', 15422);
insert into manages values ('mdpi', 15422);
insert into manages values ('elsevier', 15422);
insert into manages values ('oxford', 15422);
insert into manages values ('springer', 15422);
insert into manages values ('acm', 15410);
insert into manages values ('IEEE', 15410);
insert into manages values ('acm', 18796);
insert into manages values ('IEEE', 18796);
insert into manages values ('mdpi', 18796);
insert into manages values ('elsevier', 18796);
insert into manages values ('oxford', 18796);
insert into manages values ('springer', 18796);
insert into manages values ('acm', 18763);
insert into manages values ('IEEE', 18763);
insert into manages values ('mdpi', 18763);
insert into manages values ('elsevier', 18763);
insert into manages values ('oxford', 18763);
insert into manages values ('acm', 14312);
insert into manages values ('IEEE', 14312);
insert into manages values ('mdpi', 14312);
insert into manages values ('elsevier', 14312);
insert into manages values ('oxford', 14312);
insert into manages values ('springer', 14312);
insert into manages values ('acm', 15647);
insert into manages values ('IEEE', 15647);
insert into manages values ('mdpi', 15647);
insert into manages values ('elsevier', 15647);
insert into manages values ('oxford', 15647);
insert into manages values ('springer', 15647);
insert into manages values ('acm', 13703);
insert into manages values ('IEEE', 13703);
insert into manages values ('mdpi', 13703);
insert into manages values ('springer', 13703);
insert into manages values ('acm', 10482);
insert into manages values ('IEEE', 10482);
insert into manages values ('mdpi', 10482);
insert into manages values ('elsevier', 10482);
insert into manages values ('acm', 12453);
insert into manages values ('IEEE', 12453);
insert into manages values ('mdpi', 12453);
insert into manages values ('elsevier', 12453);
insert into manages values ('oxford', 12453);
insert into manages values ('springer', 12453);
insert into manages values ('acm', 18365);
insert into manages values ('IEEE', 18365);
insert into manages values ('acm', 14166);
insert into manages values ('IEEE', 14166);
insert into manages values ('mdpi', 14166);
insert into manages values ('elsevier', 14166);
insert into manages values ('oxford', 14166);
insert into manages values ('springer', 14166);
insert into manages values ('acm', 19885);
insert into manages values ('IEEE', 19885);
insert into manages values ('mdpi', 19885);
insert into manages values ('elsevier', 19885);
insert into manages values ('oxford', 19885);
insert into manages values ('springer', 19885);
insert into manages values ('acm', 13000);
insert into manages values ('IEEE', 13000);
insert into manages values ('mdpi', 13000);
insert into manages values ('elsevier', 13000);
insert into manages values ('oxford', 13000);
insert into manages values ('acm', 10605);
insert into manages values ('IEEE', 10605);
insert into manages values ('mdpi', 10605);
insert into manages values ('elsevier', 10605);
insert into manages values ('oxford', 10605);
insert into manages values ('springer', 10605);
insert into manages values ('acm', 15409);
insert into manages values ('IEEE', 15409);
insert into manages values ('elsevier', 15409);
insert into manages values ('springer', 15409);
insert into manages values ('oxford', 15409);
insert into manages values ('acm', 15144);
insert into manages values ('IEEE', 15144);
insert into manages values ('mdpi', 15144);
insert into manages values ('acm', 16082);
insert into manages values ('IEEE', 16082);
insert into manages values ('mdpi', 16082);
insert into manages values ('elsevier', 16082);
insert into manages values ('oxford', 16082);
insert into manages values ('acm', 13727);
insert into manages values ('IEEE', 13727);
insert into manages values ('mdpi', 13727);
insert into manages values ('elsevier', 13727);
insert into manages values ('oxford', 13727);
insert into manages values ('acm', 13120);
insert into manages values ('IEEE', 13120);
insert into manages values ('mdpi', 13120);
insert into manages values ('elsevier', 13120);
insert into manages values ('oxford', 13120);
insert into manages values ('springer', 13120);
insert into manages values ('acm', 15398);
insert into manages values ('IEEE', 15398);
insert into manages values ('acm', 13802);
insert into manages values ('IEEE', 13802);
insert into manages values ('mdpi', 13802);
insert into manages values ('elsevier', 13802);
insert into manages values ('oxford', 13802);
insert into manages values ('springer', 13802);
insert into manages values ('acm', 11911);
insert into manages values ('IEEE', 11911);
insert into manages values ('mdpi', 11911);
insert into manages values ('elsevier', 11911);
insert into manages values ('oxford', 11911);
insert into manages values ('springer', 11911);
insert into manages values ('acm', 16427);
insert into manages values ('IEEE', 16427);
insert into manages values ('mdpi', 16427);
insert into manages values ('elsevier', 16427);
insert into manages values ('oxford', 16427);
insert into manages values ('springer', 16427);
insert into manages values ('acm', 10891);
insert into manages values ('IEEE', 10891);
insert into manages values ('mdpi', 10891);
insert into manages values ('elsevier', 10891);
insert into manages values ('oxford', 10891);
insert into manages values ('springer', 10891);
insert into manages values ('acm', 16950);
insert into manages values ('IEEE', 16950);
insert into manages values ('springer', 16950);
insert into manages values ('elsevier', 16950);
insert into manages values ('acm', 16113);
insert into manages values ('IEEE', 16113);
insert into manages values ('mdpi', 16113);
insert into manages values ('elsevier', 16113);
insert into manages values ('springer', 16113);
insert into manages values ('acm', 18205);
insert into manages values ('IEEE', 18205);
insert into manages values ('mdpi', 18205);
insert into manages values ('elsevier', 18205);
insert into manages values ('oxford', 18205);
insert into manages values ('springer', 18205);
insert into manages values ('acm', 17187);
insert into manages values ('IEEE', 17187);
insert into manages values ('springer', 17187);
insert into manages values ('acm', 19057);
insert into manages values ('IEEE', 19057);
insert into manages values ('mdpi', 19057);
insert into manages values ('elsevier', 19057);
insert into manages values ('oxford', 19057);
insert into manages values ('springer', 19057);
insert into manages values ('acm', 11168);
insert into manages values ('IEEE', 11168);
insert into manages values ('mdpi', 11168);
insert into manages values ('elsevier', 11168);
insert into manages values ('oxford', 11168);
insert into manages values ('springer', 11168);
insert into manages values ('acm', 10242);
insert into manages values ('IEEE', 10242);
insert into manages values ('mdpi', 10242);
insert into manages values ('elsevier', 10242);
insert into manages values ('oxford', 10242);
insert into manages values ('springer', 10242);
insert into manages values ('acm', 14470);
insert into manages values ('IEEE', 14470);
insert into manages values ('mdpi', 14470);
insert into manages values ('elsevier', 14470);
insert into manages values ('oxford', 14470);
insert into manages values ('springer', 14470);
insert into manages values ('acm', 12070);
insert into manages values ('IEEE', 12070);
insert into manages values ('mdpi', 12070);
insert into manages values ('elsevier', 12070);
insert into manages values ('oxford', 12070);
insert into manages values ('springer', 12070);
insert into manages values ('acm', 14544);
insert into manages values ('IEEE', 14544);
insert into manages values ('mdpi', 14544);
insert into manages values ('acm', 13671);
insert into manages values ('IEEE', 13671);
insert into manages values ('mdpi', 13671);
insert into manages values ('elsevier', 13671);
insert into manages values ('oxford', 13671);
insert into manages values ('springer', 13671);
insert into manages values ('acm', 13949);
insert into manages values ('IEEE', 13949);
insert into manages values ('mdpi', 13949);
insert into manages values ('elsevier', 13949);
insert into manages values ('oxford', 13949);
insert into manages values ('springer', 13949);
insert into manages values ('acm', 10967);
insert into manages values ('IEEE', 10967);
insert into manages values ('mdpi', 10967);
insert into manages values ('elsevier', 10967);
insert into manages values ('oxford', 10967);
insert into manages values ('springer', 10967);
insert into manages values ('acm', 18654);
insert into manages values ('IEEE', 18654);
insert into manages values ('mdpi', 18654);
insert into manages values ('elsevier', 18654);
insert into manages values ('oxford', 18654);
insert into manages values ('springer', 18654);
insert into manages values ('acm', 19810);
insert into manages values ('IEEE', 19810);
insert into manages values ('mdpi', 19810);
insert into manages values ('elsevier', 19810);
insert into manages values ('oxford', 19810);
insert into manages values ('acm', 12180);
insert into manages values ('IEEE', 12180);
insert into manages values ('mdpi', 12180);
insert into manages values ('elsevier', 12180);
insert into manages values ('springer', 12180);
insert into manages values ('acm', 13186);
insert into manages values ('IEEE', 13186);
insert into manages values ('mdpi', 13186);
insert into manages values ('elsevier', 13186);
insert into manages values ('oxford', 13186);
insert into manages values ('springer', 13186);
insert into manages values ('acm', 19761);
insert into manages values ('IEEE', 19761);
insert into manages values ('mdpi', 19761);
insert into manages values ('acm', 10024);
insert into manages values ('IEEE', 10024);
insert into manages values ('mdpi', 10024);
insert into manages values ('elsevier', 10024);
insert into manages values ('oxford', 10024);
insert into manages values ('springer', 10024);
insert into manages values ('acm', 14896);
insert into manages values ('IEEE', 14896);
insert into manages values ('mdpi', 14896);
insert into manages values ('elsevier', 14896);
insert into manages values ('acm', 17085);
insert into manages values ('IEEE', 17085);
insert into manages values ('mdpi', 17085);
insert into manages values ('elsevier', 17085);
insert into manages values ('oxford', 17085);
insert into manages values ('springer', 17085);
insert into manages values ('acm', 10747);
insert into manages values ('IEEE', 10747);
insert into manages values ('mdpi', 10747);
insert into manages values ('elsevier', 10747);
insert into manages values ('oxford', 10747);
insert into manages values ('springer', 10747);
insert into manages values ('acm', 18174);
insert into manages values ('IEEE', 18174);
insert into manages values ('mdpi', 18174);
insert into manages values ('elsevier', 18174);
insert into manages values ('oxford', 18174);
insert into manages values ('springer', 18174);
insert into manages values ('acm', 19672);
insert into manages values ('IEEE', 19672);
insert into manages values ('elsevier', 19672);
insert into manages values ('springer', 19672);
insert into manages values ('oxford', 19672);
insert into manages values ('acm', 16053);
insert into manages values ('IEEE', 16053);
insert into manages values ('mdpi', 16053);
insert into manages values ('elsevier', 16053);
insert into manages values ('oxford', 16053);
insert into manages values ('springer', 16053);
insert into manages values ('acm', 17248);
insert into manages values ('IEEE', 17248);
insert into manages values ('mdpi', 17248);
insert into manages values ('elsevier', 17248);
insert into manages values ('oxford', 17248);
insert into manages values ('springer', 17248);
insert into manages values ('acm', 11277);
insert into manages values ('IEEE', 11277);
insert into manages values ('mdpi', 11277);
insert into manages values ('elsevier', 11277);
insert into manages values ('oxford', 11277);
insert into manages values ('springer', 11277);
insert into manages values ('acm', 13430);
insert into manages values ('IEEE', 13430);
insert into manages values ('mdpi', 13430);
insert into manages values ('elsevier', 13430);
insert into manages values ('springer', 13430);
insert into manages values ('acm', 12608);
insert into manages values ('IEEE', 12608);
insert into manages values ('mdpi', 12608);
insert into manages values ('elsevier', 12608);
insert into manages values ('oxford', 12608);
insert into manages values ('springer', 12608);
insert into manages values ('acm', 16830);
insert into manages values ('IEEE', 16830);
insert into manages values ('mdpi', 16830);
insert into manages values ('elsevier', 16830);
insert into manages values ('oxford', 16830);
insert into manages values ('springer', 16830);
insert into manages values ('acm', 11129);
insert into manages values ('IEEE', 11129);
insert into manages values ('mdpi', 11129);
insert into manages values ('acm', 15745);
insert into manages values ('IEEE', 15745);
insert into manages values ('mdpi', 15745);
insert into manages values ('elsevier', 15745);
insert into manages values ('oxford', 15745);
insert into manages values ('springer', 15745);
insert into manages values ('acm', 18473);
insert into manages values ('IEEE', 18473);
insert into manages values ('acm', 15283);
insert into manages values ('IEEE', 15283);
insert into manages values ('mdpi', 15283);
insert into manages values ('elsevier', 15283);
insert into manages values ('oxford', 15283);
insert into manages values ('acm', 13416);
insert into manages values ('IEEE', 13416);
insert into manages values ('springer', 13416);
insert into manages values ('elsevier', 13416);
insert into manages values ('acm', 17548);
insert into manages values ('IEEE', 17548);
insert into manages values ('springer', 17548);
insert into manages values ('acm', 16737);
insert into manages values ('IEEE', 16737);
insert into manages values ('mdpi', 16737);
insert into manages values ('elsevier', 16737);
insert into manages values ('oxford', 16737);
insert into manages values ('springer', 16737);
insert into manages values ('acm', 17907);
insert into manages values ('IEEE', 17907);
insert into manages values ('acm', 17971);
insert into manages values ('IEEE', 17971);
insert into manages values ('mdpi', 17971);
insert into manages values ('elsevier', 17971);
insert into manages values ('oxford', 17971);
insert into manages values ('springer', 17971);
insert into manages values ('acm', 18377);
insert into manages values ('IEEE', 18377);
insert into manages values ('acm', 13037);
insert into manages values ('IEEE', 13037);
insert into manages values ('springer', 13037);
insert into manages values ('elsevier', 13037);
insert into manages values ('acm', 15575);
insert into manages values ('IEEE', 15575);
insert into manages values ('mdpi', 15575);
insert into manages values ('elsevier', 15575);
insert into manages values ('oxford', 15575);
insert into manages values ('springer', 15575);
insert into manages values ('acm', 17610);
insert into manages values ('IEEE', 17610);
insert into manages values ('mdpi', 17610);
insert into manages values ('acm', 18966);
insert into manages values ('IEEE', 18966);
insert into manages values ('springer', 18966);
insert into manages values ('acm', 19814);
insert into manages values ('IEEE', 19814);
insert into manages values ('springer', 19814);
insert into manages values ('elsevier', 19814);
insert into manages values ('acm', 16618);
insert into manages values ('IEEE', 16618);
insert into manages values ('mdpi', 16618);
insert into manages values ('elsevier', 16618);
insert into manages values ('oxford', 16618);
insert into manages values ('acm', 18522);
insert into manages values ('IEEE', 18522);
insert into manages values ('mdpi', 18522);
insert into manages values ('elsevier', 18522);
insert into manages values ('oxford', 18522);
insert into manages values ('springer', 18522);
insert into manages values ('acm', 17820);
insert into manages values ('IEEE', 17820);
insert into manages values ('mdpi', 17820);
insert into manages values ('elsevier', 17820);
insert into manages values ('oxford', 17820);
insert into manages values ('springer', 17820);
insert into manages values ('acm', 18369);
insert into manages values ('IEEE', 18369);
insert into manages values ('acm', 16756);
insert into manages values ('IEEE', 16756);
insert into manages values ('springer', 16756);
insert into manages values ('elsevier', 16756);
insert into manages values ('acm', 13752);
insert into manages values ('IEEE', 13752);
insert into manages values ('mdpi', 13752);
insert into manages values ('acm', 10050);
insert into manages values ('IEEE', 10050);
insert into manages values ('mdpi', 10050);
insert into manages values ('elsevier', 10050);
insert into manages values ('oxford', 10050);
insert into manages values ('springer', 10050);
insert into manages values ('acm', 10441);
insert into manages values ('IEEE', 10441);
insert into manages values ('mdpi', 10441);
insert into manages values ('elsevier', 10441);
insert into manages values ('oxford', 10441);
insert into manages values ('springer', 10441);
insert into manages values ('acm', 10091);
insert into manages values ('IEEE', 10091);
insert into manages values ('springer', 10091);
insert into manages values ('acm', 13095);
insert into manages values ('IEEE', 13095);
insert into manages values ('mdpi', 13095);
insert into manages values ('elsevier', 13095);
insert into manages values ('oxford', 13095);
insert into manages values ('springer', 13095);
insert into manages values ('acm', 10258);
insert into manages values ('IEEE', 10258);
insert into manages values ('mdpi', 10258);
insert into manages values ('elsevier', 10258);
insert into manages values ('oxford', 10258);
insert into manages values ('springer', 10258);
insert into manages values ('acm', 18896);
insert into manages values ('IEEE', 18896);
insert into manages values ('mdpi', 18896);
insert into manages values ('elsevier', 18896);
insert into manages values ('oxford', 18896);
insert into manages values ('springer', 18896);
insert into manages values ('acm', 13021);
insert into manages values ('IEEE', 13021);
insert into manages values ('mdpi', 13021);
insert into manages values ('elsevier', 13021);
insert into manages values ('oxford', 13021);
insert into manages values ('springer', 13021);
insert into manages values ('acm', 18158);
insert into manages values ('IEEE', 18158);
insert into manages values ('mdpi', 18158);
insert into manages values ('elsevier', 18158);
insert into manages values ('oxford', 18158);
insert into manages values ('springer', 18158);
insert into manages values ('acm', 12225);
insert into manages values ('IEEE', 12225);
insert into manages values ('mdpi', 12225);
insert into manages values ('elsevier', 12225);
insert into manages values ('oxford', 12225);
insert into manages values ('springer', 12225);
insert into manages values ('acm', 13185);
insert into manages values ('IEEE', 13185);
insert into manages values ('mdpi', 13185);
insert into manages values ('elsevier', 13185);
insert into manages values ('oxford', 13185);
insert into manages values ('springer', 13185);
insert into manages values ('acm', 10315);
insert into manages values ('IEEE', 10315);
insert into manages values ('mdpi', 10315);
insert into manages values ('elsevier', 10315);
insert into manages values ('acm', 17162);
insert into manages values ('IEEE', 17162);
insert into manages values ('mdpi', 17162);
insert into manages values ('elsevier', 17162);
insert into manages values ('springer', 17162);
insert into manages values ('acm', 11708);
insert into manages values ('IEEE', 11708);
insert into manages values ('springer', 11708);
insert into manages values ('acm', 11785);
insert into manages values ('IEEE', 11785);
insert into manages values ('acm', 13628);
insert into manages values ('IEEE', 13628);
insert into manages values ('elsevier', 13628);
insert into manages values ('springer', 13628);
insert into manages values ('oxford', 13628);
insert into manages values ('acm', 15168);
insert into manages values ('IEEE', 15168);
insert into manages values ('mdpi', 15168);
insert into manages values ('elsevier', 15168);
insert into manages values ('acm', 13719);
insert into manages values ('IEEE', 13719);
insert into manages values ('springer', 13719);
insert into manages values ('acm', 19966);
insert into manages values ('IEEE', 19966);
insert into manages values ('elsevier', 19966);
insert into manages values ('springer', 19966);
insert into manages values ('oxford', 19966);
insert into manages values ('acm', 17639);
insert into manages values ('IEEE', 17639);
insert into manages values ('mdpi', 17639);
insert into manages values ('elsevier', 17639);
insert into manages values ('oxford', 17639);
insert into manages values ('springer', 17639);
insert into manages values ('acm', 13171);
insert into manages values ('IEEE', 13171);
insert into manages values ('mdpi', 13171);
insert into manages values ('elsevier', 13171);
insert into manages values ('oxford', 13171);
insert into manages values ('springer', 13171);
insert into manages values ('acm', 12736);
insert into manages values ('IEEE', 12736);
insert into manages values ('springer', 12736);
insert into manages values ('elsevier', 12736);
insert into manages values ('acm', 16909);
insert into manages values ('IEEE', 16909);
insert into manages values ('mdpi', 16909);
insert into manages values ('elsevier', 16909);
insert into manages values ('oxford', 16909);
insert into manages values ('springer', 16909);
insert into manages values ('acm', 10858);
insert into manages values ('IEEE', 10858);
insert into manages values ('mdpi', 10858);
insert into manages values ('acm', 19120);
insert into manages values ('IEEE', 19120);
insert into manages values ('mdpi', 19120);
insert into manages values ('elsevier', 19120);
insert into manages values ('oxford', 19120);
insert into manages values ('springer', 19120);
insert into manages values ('acm', 12397);
insert into manages values ('IEEE', 12397);
insert into manages values ('mdpi', 12397);
insert into manages values ('elsevier', 12397);
insert into manages values ('oxford', 12397);
insert into manages values ('springer', 12397);
insert into manages values ('acm', 11908);
insert into manages values ('IEEE', 11908);
insert into manages values ('mdpi', 11908);
insert into manages values ('elsevier', 11908);
insert into manages values ('oxford', 11908);
insert into manages values ('springer', 11908);
insert into manages values ('acm', 16361);
insert into manages values ('IEEE', 16361);
insert into manages values ('mdpi', 16361);
insert into manages values ('elsevier', 16361);
insert into manages values ('oxford', 16361);
insert into manages values ('springer', 16361);
insert into manages values ('acm', 17797);
insert into manages values ('IEEE', 17797);
insert into manages values ('springer', 17797);
insert into manages values ('elsevier', 17797);
insert into manages values ('acm', 17329);
insert into manages values ('IEEE', 17329);
insert into manages values ('mdpi', 17329);
insert into manages values ('springer', 17329);
insert into manages values ('acm', 11145);
insert into manages values ('IEEE', 11145);
insert into manages values ('mdpi', 11145);
insert into manages values ('elsevier', 11145);
insert into manages values ('oxford', 11145);
insert into manages values ('springer', 11145);
insert into manages values ('acm', 18898);
insert into manages values ('IEEE', 18898);
insert into manages values ('mdpi', 18898);
insert into manages values ('elsevier', 18898);
insert into manages values ('oxford', 18898);
insert into manages values ('springer', 18898);
insert into manages values ('acm', 14077);
insert into manages values ('IEEE', 14077);
insert into manages values ('mdpi', 14077);
insert into manages values ('elsevier', 14077);
insert into manages values ('oxford', 14077);
insert into manages values ('springer', 14077);
insert into manages values ('acm', 18256);
insert into manages values ('IEEE', 18256);
insert into manages values ('springer', 18256);
insert into manages values ('acm', 13740);
insert into manages values ('IEEE', 13740);
insert into manages values ('springer', 13740);
insert into manages values ('elsevier', 13740);
insert into manages values ('acm', 10682);
insert into manages values ('IEEE', 10682);
insert into manages values ('mdpi', 10682);
insert into manages values ('elsevier', 10682);
insert into manages values ('oxford', 10682);
insert into manages values ('springer', 10682);
insert into manages values ('acm', 15494);
insert into manages values ('IEEE', 15494);
insert into manages values ('acm', 10988);
insert into manages values ('IEEE', 10988);
insert into manages values ('mdpi', 10988);
insert into manages values ('elsevier', 10988);
insert into manages values ('oxford', 10988);
insert into manages values ('springer', 10988);
insert into manages values ('acm', 11596);
insert into manages values ('IEEE', 11596);
insert into manages values ('elsevier', 11596);
insert into manages values ('springer', 11596);
insert into manages values ('oxford', 11596);
insert into manages values ('acm', 11987);
insert into manages values ('IEEE', 11987);
insert into manages values ('springer', 11987);
insert into manages values ('elsevier', 11987);
insert into manages values ('acm', 14984);
insert into manages values ('IEEE', 14984);
insert into manages values ('mdpi', 14984);
insert into manages values ('elsevier', 14984);
insert into manages values ('oxford', 14984);
insert into manages values ('springer', 14984);
insert into manages values ('acm', 18762);
insert into manages values ('IEEE', 18762);
insert into manages values ('mdpi', 18762);
insert into manages values ('elsevier', 18762);
insert into manages values ('oxford', 18762);
insert into manages values ('springer', 18762);
insert into manages values ('acm', 18976);
insert into manages values ('IEEE', 18976);
insert into manages values ('springer', 18976);
insert into manages values ('acm', 16219);
insert into manages values ('IEEE', 16219);
insert into manages values ('mdpi', 16219);
insert into manages values ('elsevier', 16219);
insert into manages values ('oxford', 16219);
insert into manages values ('springer', 16219);
insert into manages values ('acm', 17231);
insert into manages values ('IEEE', 17231);
insert into manages values ('springer', 17231);
insert into manages values ('acm', 11376);
insert into manages values ('IEEE', 11376);
insert into manages values ('springer', 11376);
insert into manages values ('acm', 11649);
insert into manages values ('IEEE', 11649);
insert into manages values ('elsevier', 11649);
insert into manages values ('springer', 11649);
insert into manages values ('oxford', 11649);
insert into manages values ('acm', 13642);
insert into manages values ('IEEE', 13642);
insert into manages values ('mdpi', 13642);
insert into manages values ('elsevier', 13642);
insert into manages values ('oxford', 13642);
insert into manages values ('acm', 15143);
insert into manages values ('IEEE', 15143);
insert into manages values ('mdpi', 15143);
insert into manages values ('elsevier', 15143);
insert into manages values ('oxford', 15143);
insert into manages values ('acm', 13020);
insert into manages values ('IEEE', 13020);
insert into manages values ('mdpi', 13020);
insert into manages values ('elsevier', 13020);
insert into manages values ('oxford', 13020);
insert into manages values ('springer', 13020);
insert into manages values ('acm', 16846);
insert into manages values ('IEEE', 16846);
insert into manages values ('mdpi', 16846);
insert into manages values ('elsevier', 16846);
insert into manages values ('oxford', 16846);
insert into manages values ('springer', 16846);
insert into manages values ('acm', 14787);
insert into manages values ('IEEE', 14787);
insert into manages values ('mdpi', 14787);
insert into manages values ('elsevier', 14787);
insert into manages values ('oxford', 14787);
insert into manages values ('springer', 14787);
insert into manages values ('acm', 19819);
insert into manages values ('IEEE', 19819);
insert into manages values ('mdpi', 19819);
insert into manages values ('elsevier', 19819);
insert into manages values ('oxford', 19819);
insert into manages values ('springer', 19819);
insert into manages values ('acm', 16240);
insert into manages values ('IEEE', 16240);
insert into manages values ('mdpi', 16240);
insert into manages values ('springer', 16240);
insert into manages values ('acm', 19361);
insert into manages values ('IEEE', 19361);
insert into manages values ('mdpi', 19361);
insert into manages values ('elsevier', 19361);
insert into manages values ('oxford', 19361);
insert into manages values ('springer', 19361);
insert into manages values ('acm', 15138);
insert into manages values ('IEEE', 15138);
insert into manages values ('mdpi', 15138);
insert into manages values ('acm', 13479);
insert into manages values ('IEEE', 13479);
insert into manages values ('mdpi', 13479);
insert into manages values ('elsevier', 13479);
insert into manages values ('oxford', 13479);
insert into manages values ('acm', 13736);
insert into manages values ('IEEE', 13736);
insert into manages values ('mdpi', 13736);
insert into manages values ('elsevier', 13736);
insert into manages values ('oxford', 13736);
insert into manages values ('springer', 13736);
insert into manages values ('acm', 14316);
insert into manages values ('IEEE', 14316);
insert into manages values ('mdpi', 14316);
insert into manages values ('springer', 14316);
insert into manages values ('acm', 18068);
insert into manages values ('IEEE', 18068);
insert into manages values ('mdpi', 18068);
insert into manages values ('elsevier', 18068);
insert into manages values ('oxford', 18068);
insert into manages values ('springer', 18068);
insert into manages values ('acm', 17388);
insert into manages values ('IEEE', 17388);
insert into manages values ('mdpi', 17388);
insert into manages values ('acm', 18608);
insert into manages values ('IEEE', 18608);
insert into manages values ('acm', 10557);
insert into manages values ('IEEE', 10557);
insert into manages values ('mdpi', 10557);
insert into manages values ('elsevier', 10557);
insert into manages values ('springer', 10557);
insert into manages values ('acm', 14753);
insert into manages values ('IEEE', 14753);
insert into manages values ('mdpi', 14753);
insert into manages values ('elsevier', 14753);
insert into manages values ('oxford', 14753);
insert into manages values ('springer', 14753);
insert into manages values ('acm', 16781);
insert into manages values ('IEEE', 16781);
insert into manages values ('mdpi', 16781);
insert into manages values ('elsevier', 16781);
insert into manages values ('oxford', 16781);
insert into manages values ('springer', 16781);
insert into manages values ('acm', 12753);
insert into manages values ('IEEE', 12753);
insert into manages values ('mdpi', 12753);
insert into manages values ('springer', 12753);
insert into manages values ('acm', 10165);
insert into manages values ('IEEE', 10165);
insert into manages values ('mdpi', 10165);
insert into manages values ('elsevier', 10165);
insert into manages values ('oxford', 10165);
insert into manages values ('springer', 10165);
insert into manages values ('acm', 17398);
insert into manages values ('IEEE', 17398);
insert into manages values ('mdpi', 17398);
insert into manages values ('elsevier', 17398);
insert into manages values ('oxford', 17398);
insert into manages values ('springer', 17398);
insert into manages values ('acm', 12084);
insert into manages values ('IEEE', 12084);
insert into manages values ('mdpi', 12084);
insert into manages values ('springer', 12084);
insert into manages values ('acm', 16247);
insert into manages values ('IEEE', 16247);
insert into manages values ('acm', 15705);
insert into manages values ('IEEE', 15705);
insert into manages values ('mdpi', 15705);
insert into manages values ('elsevier', 15705);
insert into manages values ('oxford', 15705);
insert into manages values ('springer', 15705);
insert into manages values ('acm', 17256);
insert into manages values ('IEEE', 17256);
insert into manages values ('mdpi', 17256);
insert into manages values ('elsevier', 17256);
insert into manages values ('springer', 17256);
insert into manages values ('acm', 10614);
insert into manages values ('IEEE', 10614);
insert into manages values ('mdpi', 10614);
insert into manages values ('elsevier', 10614);
insert into manages values ('oxford', 10614);
insert into manages values ('springer', 10614);
insert into manages values ('acm', 12036);
insert into manages values ('IEEE', 12036);
insert into manages values ('mdpi', 12036);
insert into manages values ('elsevier', 12036);
insert into manages values ('oxford', 12036);
insert into manages values ('springer', 12036);
insert into manages values ('acm', 19772);
insert into manages values ('IEEE', 19772);
insert into manages values ('mdpi', 19772);
insert into manages values ('elsevier', 19772);
insert into manages values ('oxford', 19772);
insert into manages values ('springer', 19772);
insert into manages values ('acm', 18217);
insert into manages values ('IEEE', 18217);
insert into manages values ('mdpi', 18217);
insert into manages values ('elsevier', 18217);
insert into manages values ('oxford', 18217);
insert into manages values ('springer', 18217);
insert into manages values ('acm', 16848);
insert into manages values ('IEEE', 16848);
insert into manages values ('mdpi', 16848);
insert into manages values ('elsevier', 16848);
insert into manages values ('acm', 16047);
insert into manages values ('IEEE', 16047);
insert into manages values ('mdpi', 16047);
insert into manages values ('elsevier', 16047);
insert into manages values ('oxford', 16047);
insert into manages values ('springer', 16047);
insert into manages values ('acm', 15951);
insert into manages values ('IEEE', 15951);
insert into manages values ('acm', 10163);
insert into manages values ('IEEE', 10163);
insert into manages values ('mdpi', 10163);
insert into manages values ('elsevier', 10163);
insert into manages values ('oxford', 10163);
insert into manages values ('springer', 10163);
insert into manages values ('acm', 14935);
insert into manages values ('IEEE', 14935);
insert into manages values ('elsevier', 14935);
insert into manages values ('springer', 14935);
insert into manages values ('oxford', 14935);
insert into manages values ('acm', 18412);
insert into manages values ('IEEE', 18412);
insert into manages values ('mdpi', 18412);
insert into manages values ('elsevier', 18412);
insert into manages values ('oxford', 18412);
insert into manages values ('springer', 18412);
insert into manages values ('acm', 19015);
insert into manages values ('IEEE', 19015);
insert into manages values ('mdpi', 19015);
insert into manages values ('elsevier', 19015);
insert into manages values ('acm', 17040);
insert into manages values ('IEEE', 17040);
insert into manages values ('springer', 17040);
insert into manages values ('acm', 13517);
insert into manages values ('IEEE', 13517);
insert into manages values ('mdpi', 13517);
insert into manages values ('springer', 13517);
insert into manages values ('acm', 17343);
insert into manages values ('IEEE', 17343);
insert into manages values ('mdpi', 17343);
insert into manages values ('elsevier', 17343);
insert into manages values ('oxford', 17343);
insert into manages values ('springer', 17343);
insert into manages values ('acm', 17395);
insert into manages values ('IEEE', 17395);
insert into manages values ('mdpi', 17395);
insert into manages values ('elsevier', 17395);
insert into manages values ('springer', 17395);
insert into manages values ('acm', 15532);
insert into manages values ('IEEE', 15532);
insert into manages values ('mdpi', 15532);
insert into manages values ('elsevier', 15532);
insert into manages values ('oxford', 15532);
insert into manages values ('springer', 15532);
insert into manages values ('acm', 17862);
insert into manages values ('IEEE', 17862);
insert into manages values ('mdpi', 17862);
insert into manages values ('elsevier', 17862);
insert into manages values ('oxford', 17862);
insert into manages values ('springer', 17862);
insert into manages values ('acm', 19264);
insert into manages values ('IEEE', 19264);
insert into manages values ('springer', 19264);
insert into manages values ('acm', 18765);
insert into manages values ('IEEE', 18765);
insert into manages values ('mdpi', 18765);
insert into manages values ('elsevier', 18765);
insert into manages values ('oxford', 18765);
insert into manages values ('acm', 13655);
insert into manages values ('IEEE', 13655);
insert into manages values ('mdpi', 13655);
insert into manages values ('elsevier', 13655);
insert into manages values ('oxford', 13655);
insert into manages values ('acm', 16885);
insert into manages values ('IEEE', 16885);
insert into manages values ('mdpi', 16885);
insert into manages values ('elsevier', 16885);
insert into manages values ('oxford', 16885);
insert into manages values ('springer', 16885);
insert into manages values ('acm', 17326);
insert into manages values ('IEEE', 17326);
insert into manages values ('mdpi', 17326);
insert into manages values ('elsevier', 17326);
insert into manages values ('oxford', 17326);
insert into manages values ('springer', 17326);
insert into manages values ('acm', 17743);
insert into manages values ('IEEE', 17743);
insert into manages values ('mdpi', 17743);
insert into manages values ('elsevier', 17743);
insert into manages values ('oxford', 17743);
insert into manages values ('springer', 17743);
insert into manages values ('acm', 19415);
insert into manages values ('IEEE', 19415);
insert into manages values ('mdpi', 19415);
insert into manages values ('elsevier', 19415);
insert into manages values ('oxford', 19415);
insert into manages values ('springer', 19415);
insert into manages values ('acm', 11260);
insert into manages values ('IEEE', 11260);
insert into manages values ('mdpi', 11260);
insert into manages values ('elsevier', 11260);
insert into manages values ('oxford', 11260);
insert into manages values ('springer', 11260);
insert into manages values ('acm', 15166);
insert into manages values ('IEEE', 15166);
insert into manages values ('mdpi', 15166);
insert into manages values ('elsevier', 15166);
insert into manages values ('oxford', 15166);
insert into manages values ('springer', 15166);
insert into manages values ('acm', 19683);
insert into manages values ('IEEE', 19683);
insert into manages values ('mdpi', 19683);
insert into manages values ('elsevier', 19683);
insert into manages values ('oxford', 19683);
insert into manages values ('springer', 19683);
insert into manages values ('acm', 11818);
insert into manages values ('IEEE', 11818);
insert into manages values ('mdpi', 11818);
insert into manages values ('elsevier', 11818);
insert into manages values ('oxford', 11818);
insert into manages values ('springer', 11818);
insert into manages values ('acm', 15268);
insert into manages values ('IEEE', 15268);
insert into manages values ('mdpi', 15268);
insert into manages values ('springer', 15268);
insert into manages values ('acm', 10597);
insert into manages values ('IEEE', 10597);
insert into manages values ('mdpi', 10597);
insert into manages values ('elsevier', 10597);
insert into manages values ('oxford', 10597);
insert into manages values ('springer', 10597);
insert into manages values ('acm', 15872);
insert into manages values ('IEEE', 15872);
insert into manages values ('mdpi', 15872);
insert into manages values ('elsevier', 15872);
insert into manages values ('oxford', 15872);
insert into manages values ('springer', 15872);
insert into manages values ('acm', 10775);
insert into manages values ('IEEE', 10775);
insert into manages values ('mdpi', 10775);
insert into manages values ('elsevier', 10775);
insert into manages values ('acm', 18258);
insert into manages values ('IEEE', 18258);
insert into manages values ('mdpi', 18258);
insert into manages values ('elsevier', 18258);
insert into manages values ('oxford', 18258);
insert into manages values ('springer', 18258);
insert into manages values ('acm', 18170);
insert into manages values ('IEEE', 18170);
insert into manages values ('mdpi', 18170);
insert into manages values ('elsevier', 18170);
insert into manages values ('oxford', 18170);
insert into manages values ('springer', 18170);
insert into manages values ('acm', 19067);
insert into manages values ('IEEE', 19067);
insert into manages values ('mdpi', 19067);
insert into manages values ('elsevier', 19067);
insert into manages values ('oxford', 19067);
insert into manages values ('springer', 19067);
insert into manages values ('acm', 12110);
insert into manages values ('IEEE', 12110);
insert into manages values ('mdpi', 12110);
insert into manages values ('springer', 12110);
insert into manages values ('acm', 14064);
insert into manages values ('IEEE', 14064);
insert into manages values ('springer', 14064);
insert into manages values ('acm', 16123);
insert into manages values ('IEEE', 16123);
insert into manages values ('mdpi', 16123);
insert into manages values ('elsevier', 16123);
insert into manages values ('oxford', 16123);
insert into manages values ('springer', 16123);
insert into manages values ('acm', 17313);
insert into manages values ('IEEE', 17313);
insert into manages values ('springer', 17313);
insert into manages values ('acm', 19738);
insert into manages values ('IEEE', 19738);
insert into manages values ('springer', 19738);
insert into manages values ('acm', 18438);
insert into manages values ('IEEE', 18438);
insert into manages values ('mdpi', 18438);
insert into manages values ('elsevier', 18438);
insert into manages values ('oxford', 18438);
insert into manages values ('springer', 18438);
insert into manages values ('acm', 13166);
insert into manages values ('IEEE', 13166);
insert into manages values ('elsevier', 13166);
insert into manages values ('springer', 13166);
insert into manages values ('oxford', 13166);
insert into manages values ('acm', 10680);
insert into manages values ('IEEE', 10680);
insert into manages values ('acm', 14344);
insert into manages values ('IEEE', 14344);
insert into manages values ('mdpi', 14344);
insert into manages values ('elsevier', 14344);
insert into manages values ('oxford', 14344);
insert into manages values ('springer', 14344);
insert into manages values ('acm', 12122);
insert into manages values ('IEEE', 12122);
insert into manages values ('springer', 12122);
insert into manages values ('acm', 19824);
insert into manages values ('IEEE', 19824);
insert into manages values ('springer', 19824);
insert into manages values ('elsevier', 19824);
insert into manages values ('acm', 19993);
insert into manages values ('IEEE', 19993);
insert into manages values ('mdpi', 19993);
insert into manages values ('elsevier', 19993);
insert into manages values ('oxford', 19993);
insert into manages values ('acm', 11850);
insert into manages values ('IEEE', 11850);
insert into manages values ('mdpi', 11850);
insert into manages values ('elsevier', 11850);
insert into manages values ('oxford', 11850);
insert into manages values ('springer', 11850);
insert into manages values ('acm', 10301);
insert into manages values ('IEEE', 10301);
insert into manages values ('acm', 11588);
insert into manages values ('IEEE', 11588);
insert into manages values ('mdpi', 11588);
insert into manages values ('elsevier', 11588);
insert into manages values ('springer', 11588);
insert into manages values ('acm', 15580);
insert into manages values ('IEEE', 15580);
insert into manages values ('mdpi', 15580);
insert into manages values ('elsevier', 15580);
insert into manages values ('oxford', 15580);
insert into manages values ('springer', 15580);
insert into manages values ('acm', 16794);
insert into manages values ('IEEE', 16794);
insert into manages values ('mdpi', 16794);
insert into manages values ('elsevier', 16794);
insert into manages values ('oxford', 16794);
insert into manages values ('springer', 16794);
insert into manages values ('acm', 15838);
insert into manages values ('IEEE', 15838);
insert into manages values ('mdpi', 15838);
insert into manages values ('elsevier', 15838);
insert into manages values ('oxford', 15838);
insert into manages values ('springer', 15838);
insert into manages values ('acm', 14109);
insert into manages values ('IEEE', 14109);
insert into manages values ('mdpi', 14109);
insert into manages values ('elsevier', 14109);
insert into manages values ('oxford', 14109);
insert into manages values ('springer', 14109);
insert into manages values ('acm', 14667);
insert into manages values ('IEEE', 14667);
insert into manages values ('mdpi', 14667);
insert into manages values ('elsevier', 14667);
insert into manages values ('oxford', 14667);
insert into manages values ('acm', 10839);
insert into manages values ('IEEE', 10839);
insert into manages values ('mdpi', 10839);
insert into manages values ('elsevier', 10839);
insert into manages values ('oxford', 10839);
insert into manages values ('springer', 10839);
insert into manages values ('acm', 15450);
insert into manages values ('IEEE', 15450);
insert into manages values ('mdpi', 15450);
insert into manages values ('elsevier', 15450);
insert into manages values ('oxford', 15450);
insert into manages values ('springer', 15450);
insert into manages values ('acm', 10209);
insert into manages values ('IEEE', 10209);
insert into manages values ('elsevier', 10209);
insert into manages values ('springer', 10209);
insert into manages values ('oxford', 10209);
insert into manages values ('acm', 10263);
insert into manages values ('IEEE', 10263);
insert into manages values ('mdpi', 10263);
insert into manages values ('elsevier', 10263);
insert into manages values ('oxford', 10263);
insert into manages values ('springer', 10263);
insert into manages values ('acm', 14231);
insert into manages values ('IEEE', 14231);
insert into manages values ('mdpi', 14231);
insert into manages values ('elsevier', 14231);
insert into manages values ('oxford', 14231);
insert into manages values ('springer', 14231);
insert into manages values ('acm', 11122);
insert into manages values ('IEEE', 11122);
insert into manages values ('mdpi', 11122);
insert into manages values ('elsevier', 11122);
insert into manages values ('oxford', 11122);
insert into manages values ('springer', 11122);
insert into manages values ('acm', 12356);
insert into manages values ('IEEE', 12356);
insert into manages values ('mdpi', 12356);
insert into manages values ('elsevier', 12356);
insert into manages values ('oxford', 12356);
insert into manages values ('springer', 12356);
insert into manages values ('acm', 14383);
insert into manages values ('IEEE', 14383);
insert into manages values ('mdpi', 14383);
insert into manages values ('elsevier', 14383);
insert into manages values ('oxford', 14383);
insert into manages values ('springer', 14383);
insert into manages values ('acm', 19685);
insert into manages values ('IEEE', 19685);
insert into manages values ('mdpi', 19685);
insert into manages values ('elsevier', 19685);
insert into manages values ('oxford', 19685);
insert into manages values ('springer', 19685);
insert into manages values ('acm', 18872);
insert into manages values ('IEEE', 18872);
insert into manages values ('mdpi', 18872);
insert into manages values ('elsevier', 18872);
insert into manages values ('oxford', 18872);
insert into manages values ('acm', 17644);
insert into manages values ('IEEE', 17644);
insert into manages values ('mdpi', 17644);
insert into manages values ('elsevier', 17644);
insert into manages values ('oxford', 17644);
insert into manages values ('springer', 17644);
insert into manages values ('acm', 11160);
insert into manages values ('IEEE', 11160);
insert into manages values ('springer', 11160);
insert into manages values ('elsevier', 11160);
insert into manages values ('acm', 12469);
insert into manages values ('IEEE', 12469);
insert into manages values ('mdpi', 12469);
insert into manages values ('elsevier', 12469);
insert into manages values ('oxford', 12469);
insert into manages values ('springer', 12469);
insert into manages values ('acm', 16745);
insert into manages values ('IEEE', 16745);
insert into manages values ('mdpi', 16745);
insert into manages values ('elsevier', 16745);
insert into manages values ('oxford', 16745);
insert into manages values ('springer', 16745);
insert into manages values ('acm', 17440);
insert into manages values ('IEEE', 17440);
insert into manages values ('mdpi', 17440);
insert into manages values ('elsevier', 17440);
insert into manages values ('oxford', 17440);
insert into manages values ('springer', 17440);
insert into manages values ('acm', 10344);
insert into manages values ('IEEE', 10344);
insert into manages values ('mdpi', 10344);
insert into manages values ('acm', 18537);
insert into manages values ('IEEE', 18537);
insert into manages values ('mdpi', 18537);
insert into manages values ('elsevier', 18537);
insert into manages values ('oxford', 18537);
insert into manages values ('springer', 18537);
insert into manages values ('acm', 15065);
insert into manages values ('IEEE', 15065);
insert into manages values ('mdpi', 15065);
insert into manages values ('elsevier', 15065);
insert into manages values ('oxford', 15065);
insert into manages values ('springer', 15065);
insert into manages values ('acm', 18216);
insert into manages values ('IEEE', 18216);
insert into manages values ('mdpi', 18216);
insert into manages values ('elsevier', 18216);
insert into manages values ('oxford', 18216);
insert into manages values ('springer', 18216);
insert into manages values ('acm', 12698);
insert into manages values ('IEEE', 12698);
insert into manages values ('elsevier', 12698);
insert into manages values ('springer', 12698);
insert into manages values ('oxford', 12698);
insert into manages values ('acm', 11375);
insert into manages values ('IEEE', 11375);
insert into manages values ('mdpi', 11375);
insert into manages values ('elsevier', 11375);
insert into manages values ('acm', 17617);
insert into manages values ('IEEE', 17617);
insert into manages values ('mdpi', 17617);
insert into manages values ('elsevier', 17617);
insert into manages values ('acm', 13004);
insert into manages values ('IEEE', 13004);
insert into manages values ('mdpi', 13004);
insert into manages values ('elsevier', 13004);
insert into manages values ('oxford', 13004);
insert into manages values ('springer', 13004);
insert into manages values ('acm', 11862);
insert into manages values ('IEEE', 11862);
insert into manages values ('mdpi', 11862);
insert into manages values ('elsevier', 11862);
insert into manages values ('oxford', 11862);
insert into manages values ('springer', 11862);
insert into manages values ('acm', 11254);
insert into manages values ('IEEE', 11254);
insert into manages values ('mdpi', 11254);
insert into manages values ('elsevier', 11254);
insert into manages values ('oxford', 11254);
insert into manages values ('springer', 11254);
insert into manages values ('acm', 15333);
insert into manages values ('IEEE', 15333);
insert into manages values ('mdpi', 15333);
insert into manages values ('elsevier', 15333);
insert into manages values ('oxford', 15333);
insert into manages values ('springer', 15333);
insert into manages values ('acm', 16029);
insert into manages values ('IEEE', 16029);
insert into manages values ('mdpi', 16029);
insert into manages values ('elsevier', 16029);
insert into manages values ('oxford', 16029);
insert into manages values ('springer', 16029);
insert into manages values ('acm', 16118);
insert into manages values ('IEEE', 16118);
insert into manages values ('mdpi', 16118);
insert into manages values ('elsevier', 16118);
insert into manages values ('oxford', 16118);
insert into manages values ('springer', 16118);
insert into manages values ('acm', 15607);
insert into manages values ('IEEE', 15607);
insert into manages values ('mdpi', 15607);
insert into manages values ('elsevier', 15607);
insert into manages values ('oxford', 15607);
insert into manages values ('springer', 15607);
insert into manages values ('acm', 19422);
insert into manages values ('IEEE', 19422);
insert into manages values ('mdpi', 19422);
insert into manages values ('elsevier', 19422);
insert into manages values ('oxford', 19422);
insert into manages values ('springer', 19422);
insert into manages values ('acm', 14648);
insert into manages values ('IEEE', 14648);
insert into manages values ('mdpi', 14648);
insert into manages values ('elsevier', 14648);
insert into manages values ('oxford', 14648);
insert into manages values ('springer', 14648);
insert into manages values ('acm', 15944);
insert into manages values ('IEEE', 15944);
insert into manages values ('mdpi', 15944);
insert into manages values ('acm', 10638);
insert into manages values ('IEEE', 10638);
insert into manages values ('mdpi', 10638);
insert into manages values ('elsevier', 10638);
insert into manages values ('oxford', 10638);
insert into manages values ('acm', 16221);
insert into manages values ('IEEE', 16221);
insert into manages values ('mdpi', 16221);
insert into manages values ('elsevier', 16221);
insert into manages values ('oxford', 16221);
insert into manages values ('springer', 16221);
insert into manages values ('acm', 10226);
insert into manages values ('IEEE', 10226);
insert into manages values ('mdpi', 10226);
insert into manages values ('elsevier', 10226);
insert into manages values ('oxford', 10226);
insert into manages values ('springer', 10226);
insert into manages values ('acm', 11892);
insert into manages values ('IEEE', 11892);
insert into manages values ('mdpi', 11892);
insert into manages values ('elsevier', 11892);
insert into manages values ('oxford', 11892);
insert into manages values ('springer', 11892);
insert into manages values ('acm', 19746);
insert into manages values ('IEEE', 19746);
insert into manages values ('mdpi', 19746);
insert into manages values ('springer', 19746);
insert into manages values ('acm', 17694);
insert into manages values ('IEEE', 17694);
insert into manages values ('mdpi', 17694);
insert into manages values ('elsevier', 17694);
insert into manages values ('oxford', 17694);
insert into manages values ('springer', 17694);
insert into manages values ('acm', 19599);
insert into manages values ('IEEE', 19599);
insert into manages values ('mdpi', 19599);
insert into manages values ('elsevier', 19599);
insert into manages values ('oxford', 19599);
insert into manages values ('springer', 19599);
insert into manages values ('acm', 15032);
insert into manages values ('IEEE', 15032);
insert into manages values ('springer', 15032);
insert into manages values ('acm', 17033);
insert into manages values ('IEEE', 17033);
insert into manages values ('mdpi', 17033);
insert into manages values ('acm', 19159);
insert into manages values ('IEEE', 19159);
insert into manages values ('mdpi', 19159);
insert into manages values ('elsevier', 19159);
insert into manages values ('oxford', 19159);
insert into manages values ('springer', 19159);
insert into manages values ('acm', 13645);
insert into manages values ('IEEE', 13645);
insert into manages values ('mdpi', 13645);
insert into manages values ('elsevier', 13645);
insert into manages values ('springer', 13645);
insert into manages values ('acm', 16871);
insert into manages values ('IEEE', 16871);
insert into manages values ('mdpi', 16871);
insert into manages values ('elsevier', 16871);
insert into manages values ('oxford', 16871);
insert into manages values ('springer', 16871);
insert into manages values ('acm', 11684);
insert into manages values ('IEEE', 11684);
insert into manages values ('mdpi', 11684);
insert into manages values ('elsevier', 11684);
insert into manages values ('oxford', 11684);
insert into manages values ('springer', 11684);
insert into manages values ('acm', 16028);
insert into manages values ('IEEE', 16028);
insert into manages values ('mdpi', 16028);
insert into manages values ('elsevier', 16028);
insert into manages values ('oxford', 16028);
insert into manages values ('springer', 16028);
insert into manages values ('acm', 17041);
insert into manages values ('IEEE', 17041);
insert into manages values ('mdpi', 17041);
insert into manages values ('acm', 10404);
insert into manages values ('IEEE', 10404);
insert into manages values ('mdpi', 10404);
insert into manages values ('elsevier', 10404);
insert into manages values ('oxford', 10404);
insert into manages values ('springer', 10404);
insert into manages values ('acm', 12634);
insert into manages values ('IEEE', 12634);
insert into manages values ('mdpi', 12634);
insert into manages values ('elsevier', 12634);
insert into manages values ('oxford', 12634);
insert into manages values ('acm', 10406);
insert into manages values ('IEEE', 10406);
insert into manages values ('acm', 11139);
insert into manages values ('IEEE', 11139);
insert into manages values ('mdpi', 11139);
insert into manages values ('springer', 11139);
insert into manages values ('acm', 15326);
insert into manages values ('IEEE', 15326);
insert into manages values ('mdpi', 15326);
insert into manages values ('elsevier', 15326);
insert into manages values ('acm', 15405);
insert into manages values ('IEEE', 15405);
insert into manages values ('mdpi', 15405);
insert into manages values ('springer', 15405);
insert into manages values ('acm', 10700);
insert into manages values ('IEEE', 10700);
insert into manages values ('elsevier', 10700);
insert into manages values ('springer', 10700);
insert into manages values ('oxford', 10700);
insert into manages values ('acm', 13267);
insert into manages values ('IEEE', 13267);
insert into manages values ('mdpi', 13267);
insert into manages values ('elsevier', 13267);
insert into manages values ('oxford', 13267);
insert into manages values ('acm', 19338);
insert into manages values ('IEEE', 19338);
insert into manages values ('mdpi', 19338);
insert into manages values ('elsevier', 19338);
insert into manages values ('springer', 19338);
insert into manages values ('acm', 12106);
insert into manages values ('IEEE', 12106);
insert into manages values ('mdpi', 12106);
insert into manages values ('elsevier', 12106);
insert into manages values ('oxford', 12106);
insert into manages values ('springer', 12106);
insert into manages values ('acm', 14767);
insert into manages values ('IEEE', 14767);
insert into manages values ('mdpi', 14767);
insert into manages values ('elsevier', 14767);
insert into manages values ('oxford', 14767);
insert into manages values ('springer', 14767);
insert into manages values ('acm', 14631);
insert into manages values ('IEEE', 14631);
insert into manages values ('mdpi', 14631);
insert into manages values ('elsevier', 14631);
insert into manages values ('oxford', 14631);
insert into manages values ('springer', 14631);
insert into manages values ('acm', 19567);
insert into manages values ('IEEE', 19567);
insert into manages values ('mdpi', 19567);
insert into manages values ('elsevier', 19567);
insert into manages values ('oxford', 19567);
insert into manages values ('springer', 19567);
insert into manages values ('acm', 11554);
insert into manages values ('IEEE', 11554);
insert into manages values ('mdpi', 11554);
insert into manages values ('elsevier', 11554);
insert into manages values ('oxford', 11554);
insert into manages values ('springer', 11554);
insert into manages values ('acm', 19753);
insert into manages values ('IEEE', 19753);
insert into manages values ('mdpi', 19753);
insert into manages values ('elsevier', 19753);
insert into manages values ('oxford', 19753);
insert into manages values ('springer', 19753);




-- rating
insert into rating values (2, TO_DATE('2019-12-17', 'yyyy-mm-dd'), 15464, 35229);
insert into rating values (5, TO_DATE('2017-06-21', 'yyyy-mm-dd'), 16609, 39541);
insert into rating values (5, TO_DATE('2019-09-04', 'yyyy-mm-dd'), 18315, 35076);
insert into rating values (3, TO_DATE('2020-05-18', 'yyyy-mm-dd'), 15117, 35171);
insert into rating values (3, TO_DATE('2020-03-10', 'yyyy-mm-dd'), 13128, 31648);
insert into rating values (3, TO_DATE('2021-08-31', 'yyyy-mm-dd'), 13756, 37800);
insert into rating values (4, TO_DATE('2015-10-29', 'yyyy-mm-dd'), 12484, 31383);
insert into rating values (4, TO_DATE('2021-06-04', 'yyyy-mm-dd'), 16895, 35171);
insert into rating values (4, TO_DATE('2020-10-26', 'yyyy-mm-dd'), 15267, 37592);
insert into rating values (3, TO_DATE('2022-04-23', 'yyyy-mm-dd'), 18523, 38045);
insert into rating values (5, TO_DATE('2022-09-08', 'yyyy-mm-dd'), 12721, 34029);
insert into rating values (1, TO_DATE('2019-03-02', 'yyyy-mm-dd'), 12519, 31616);
insert into rating values (3, TO_DATE('2018-11-21', 'yyyy-mm-dd'), 10040, 36020);
insert into rating values (1, TO_DATE('2020-09-23', 'yyyy-mm-dd'), 13044, 32778);
insert into rating values (1, TO_DATE('2022-01-13', 'yyyy-mm-dd'), 10090, 36797);
insert into rating values (3, TO_DATE('2009-11-08', 'yyyy-mm-dd'), 14017, 38633);
insert into rating values (5, TO_DATE('2021-12-11', 'yyyy-mm-dd'), 12267, 34881);
insert into rating values (4, TO_DATE('2017-04-13', 'yyyy-mm-dd'), 15216, 38633);
insert into rating values (2, TO_DATE('2017-07-29', 'yyyy-mm-dd'), 16167, 32230);
insert into rating values (2, TO_DATE('2017-10-06', 'yyyy-mm-dd'), 17312, 36412);
insert into rating values (2, TO_DATE('2019-09-27', 'yyyy-mm-dd'), 16070, 37888);
insert into rating values (4, TO_DATE('2019-06-28', 'yyyy-mm-dd'), 18306, 38122);
insert into rating values (4, TO_DATE('2022-09-13', 'yyyy-mm-dd'), 15216, 39808);
insert into rating values (5, TO_DATE('2021-11-25', 'yyyy-mm-dd'), 13858, 30542);
insert into rating values (4, TO_DATE('2020-12-24', 'yyyy-mm-dd'), 16287, 37592);
insert into rating values (1, TO_DATE('2018-01-21', 'yyyy-mm-dd'), 12163, 38045);
insert into rating values (1, TO_DATE('2018-07-13', 'yyyy-mm-dd'), 13029, 35317);
insert into rating values (4, TO_DATE('2016-11-07', 'yyyy-mm-dd'), 13587, 38379);
insert into rating values (1, TO_DATE('2019-03-28', 'yyyy-mm-dd'), 16818, 37597);
insert into rating values (4, TO_DATE('2021-08-15', 'yyyy-mm-dd'), 15267, 31069);
insert into rating values (5, TO_DATE('2022-04-03', 'yyyy-mm-dd'), 16287, 33481);
insert into rating values (3, TO_DATE('2021-07-22', 'yyyy-mm-dd'), 11313, 33625);
insert into rating values (1, TO_DATE('2019-04-15', 'yyyy-mm-dd'), 15698, 35171);
insert into rating values (4, TO_DATE('2022-10-06', 'yyyy-mm-dd'), 12721, 32988);
insert into rating values (1, TO_DATE('2021-04-22', 'yyyy-mm-dd'), 16257, 34064);
insert into rating values (4, TO_DATE('2022-06-03', 'yyyy-mm-dd'), 15674, 34135);
insert into rating values (5, TO_DATE('2022-08-03', 'yyyy-mm-dd'), 12366, 31383);
insert into rating values (5, TO_DATE('2019-01-02', 'yyyy-mm-dd'), 17312, 32324);
insert into rating values (2, TO_DATE('2019-06-26', 'yyyy-mm-dd'), 15118, 30413);
insert into rating values (1, TO_DATE('2022-05-09', 'yyyy-mm-dd'), 16778, 30157);
insert into rating values (2, TO_DATE('2021-05-05', 'yyyy-mm-dd'), 10128, 36412);
insert into rating values (3, TO_DATE('2019-07-22', 'yyyy-mm-dd'), 10134, 33593);
insert into rating values (5, TO_DATE('2019-01-31', 'yyyy-mm-dd'), 11766, 38005);
insert into rating values (4, TO_DATE('2019-10-26', 'yyyy-mm-dd'), 14554, 31756);
insert into rating values (5, TO_DATE('2021-01-24', 'yyyy-mm-dd'), 16818, 30177);
insert into rating values (3, TO_DATE('2022-03-18', 'yyyy-mm-dd'), 17475, 30761);
insert into rating values (5, TO_DATE('2022-08-16', 'yyyy-mm-dd'), 18778, 32186);
insert into rating values (3, TO_DATE('2021-02-19', 'yyyy-mm-dd'), 17065, 36871);
insert into rating values (1, TO_DATE('2021-11-21', 'yyyy-mm-dd'), 19082, 33324);
insert into rating values (2, TO_DATE('2021-10-06', 'yyyy-mm-dd'), 15601, 37876);
insert into rating values (5, TO_DATE('2019-05-02', 'yyyy-mm-dd'), 13653, 35659);
insert into rating values (1, TO_DATE('2021-04-07', 'yyyy-mm-dd'), 18328, 30964);
insert into rating values (4, TO_DATE('2007-01-20', 'yyyy-mm-dd'), 12484, 39585);
insert into rating values (5, TO_DATE('2021-06-18', 'yyyy-mm-dd'), 10128, 31059);
insert into rating values (2, TO_DATE('2022-07-27', 'yyyy-mm-dd'), 13950, 36285);
insert into rating values (1, TO_DATE('2019-12-29', 'yyyy-mm-dd'), 12366, 30227);
insert into rating values (2, TO_DATE('2020-11-09', 'yyyy-mm-dd'), 14554, 30101);
insert into rating values (2, TO_DATE('2022-07-10', 'yyyy-mm-dd'), 12267, 36163);
insert into rating values (1, TO_DATE('2018-09-22', 'yyyy-mm-dd'), 11902, 31383);
insert into rating values (2, TO_DATE('2019-04-17', 'yyyy-mm-dd'), 16609, 33979);
insert into rating values (5, TO_DATE('2022-03-11', 'yyyy-mm-dd'), 17475, 36808);
insert into rating values (5, TO_DATE('2022-08-18', 'yyyy-mm-dd'), 18955, 38147);
insert into rating values (1, TO_DATE('2021-05-21', 'yyyy-mm-dd'), 14540, 31753);
insert into rating values (1, TO_DATE('2021-04-17', 'yyyy-mm-dd'), 17572, 30125);
insert into rating values (4, TO_DATE('2021-03-16', 'yyyy-mm-dd'), 11902, 35171);
insert into rating values (5, TO_DATE('2021-12-17', 'yyyy-mm-dd'), 11902, 37216);
insert into rating values (4, TO_DATE('2021-08-07', 'yyyy-mm-dd'), 16778, 36282);
insert into rating values (3, TO_DATE('2022-02-19', 'yyyy-mm-dd'), 16778, 30999);
insert into rating values (4, TO_DATE('2015-10-17', 'yyyy-mm-dd'), 15778, 32588);
insert into rating values (5, TO_DATE('2020-03-21', 'yyyy-mm-dd'), 11706, 37297);
insert into rating values (2, TO_DATE('2018-09-27', 'yyyy-mm-dd'), 19457, 31753);
insert into rating values (2, TO_DATE('2021-06-01', 'yyyy-mm-dd'), 18692, 39780);
insert into rating values (4, TO_DATE('2019-06-03', 'yyyy-mm-dd'), 11706, 36412);
insert into rating values (4, TO_DATE('2020-08-30', 'yyyy-mm-dd'), 12458, 34135);
insert into rating values (3, TO_DATE('2022-09-02', 'yyyy-mm-dd'), 19366, 33897);
insert into rating values (1, TO_DATE('2019-07-15', 'yyyy-mm-dd'), 10040, 36753);
insert into rating values (2, TO_DATE('2021-05-23', 'yyyy-mm-dd'), 19366, 36020);
insert into rating values (1, TO_DATE('2020-08-22', 'yyyy-mm-dd'), 17201, 36808);
insert into rating values (3, TO_DATE('2019-01-08', 'yyyy-mm-dd'), 13656, 39734);
insert into rating values (1, TO_DATE('2021-04-05', 'yyyy-mm-dd'), 11085, 30227);
insert into rating values (1, TO_DATE('2021-10-08', 'yyyy-mm-dd'), 13615, 39160);
insert into rating values (2, TO_DATE('2021-10-08', 'yyyy-mm-dd'), 16299, 33871);
insert into rating values (3, TO_DATE('2022-03-25', 'yyyy-mm-dd'), 13620, 32697);
insert into rating values (3, TO_DATE('2022-10-19', 'yyyy-mm-dd'), 18306, 31756);
insert into rating values (1, TO_DATE('2022-09-27', 'yyyy-mm-dd'), 13012, 36020);
insert into rating values (5, TO_DATE('2022-02-03', 'yyyy-mm-dd'), 18328, 36375);
insert into rating values (4, TO_DATE('2021-07-10', 'yyyy-mm-dd'), 17201, 39808);
insert into rating values (3, TO_DATE('1998-10-11', 'yyyy-mm-dd'), 14017, 33938);
insert into rating values (2, TO_DATE('2021-02-05', 'yyyy-mm-dd'), 15216, 39252);
insert into rating values (4, TO_DATE('2017-09-28', 'yyyy-mm-dd'), 11848, 31460);
insert into rating values (4, TO_DATE('2021-10-13', 'yyyy-mm-dd'), 12029, 30960);
insert into rating values (5, TO_DATE('2022-06-21', 'yyyy-mm-dd'), 12458, 33070);
insert into rating values (1, TO_DATE('2021-10-23', 'yyyy-mm-dd'), 13858, 39160);
insert into rating values (5, TO_DATE('2019-09-28', 'yyyy-mm-dd'), 19728, 33871);
insert into rating values (5, TO_DATE('2020-12-27', 'yyyy-mm-dd'), 11474, 30442);
insert into rating values (3, TO_DATE('2021-02-15', 'yyyy-mm-dd'), 10128, 30931);
insert into rating values (1, TO_DATE('2021-07-16', 'yyyy-mm-dd'), 19000, 39809);
insert into rating values (2, TO_DATE('2022-08-02', 'yyyy-mm-dd'), 18344, 36760);
insert into rating values (3, TO_DATE('2021-07-15', 'yyyy-mm-dd'), 19395, 35317);
insert into rating values (3, TO_DATE('2015-03-02', 'yyyy-mm-dd'), 15698, 34871);
insert into rating values (1, TO_DATE('2015-11-18', 'yyyy-mm-dd'), 14613, 37340);
insert into rating values (1, TO_DATE('2022-08-30', 'yyyy-mm-dd'), 17828, 35130);
insert into rating values (4, TO_DATE('2021-03-23', 'yyyy-mm-dd'), 10616, 35337);
insert into rating values (5, TO_DATE('2021-09-06', 'yyyy-mm-dd'), 13343, 36808);
insert into rating values (5, TO_DATE('2020-08-08', 'yyyy-mm-dd'), 12519, 36471);
insert into rating values (4, TO_DATE('2021-08-10', 'yyyy-mm-dd'), 17828, 39809);
insert into rating values (4, TO_DATE('2022-03-15', 'yyyy-mm-dd'), 12721, 32935);
insert into rating values (2, TO_DATE('2019-03-27', 'yyyy-mm-dd'), 12682, 37016);
insert into rating values (3, TO_DATE('2016-04-20', 'yyyy-mm-dd'), 11848, 39299);
insert into rating values (2, TO_DATE('2021-09-19', 'yyyy-mm-dd'), 19465, 30837);
insert into rating values (4, TO_DATE('2021-10-11', 'yyyy-mm-dd'), 19437, 35130);
insert into rating values (1, TO_DATE('2022-02-06', 'yyyy-mm-dd'), 17877, 39780);
insert into rating values (2, TO_DATE('2022-04-14', 'yyyy-mm-dd'), 15968, 32588);
insert into rating values (5, TO_DATE('2020-09-17', 'yyyy-mm-dd'), 15698, 35229);
insert into rating values (3, TO_DATE('2005-06-27', 'yyyy-mm-dd'), 13194, 34393);
insert into rating values (5, TO_DATE('2020-11-07', 'yyyy-mm-dd'), 12524, 33628);
insert into rating values (3, TO_DATE('2020-02-24', 'yyyy-mm-dd'), 11927, 31616);
insert into rating values (5, TO_DATE('2022-07-17', 'yyyy-mm-dd'), 11766, 33897);
insert into rating values (3, TO_DATE('2022-05-18', 'yyyy-mm-dd'), 16257, 31460);
insert into rating values (3, TO_DATE('2021-03-18', 'yyyy-mm-dd'), 16828, 36760);
insert into rating values (1, TO_DATE('2019-01-05', 'yyyy-mm-dd'), 14168, 39812);
insert into rating values (4, TO_DATE('2021-04-02', 'yyyy-mm-dd'), 19650, 33324);
insert into rating values (4, TO_DATE('2019-06-26', 'yyyy-mm-dd'), 16889, 34683);
insert into rating values (4, TO_DATE('2021-09-20', 'yyyy-mm-dd'), 13128, 35654);
insert into rating values (4, TO_DATE('2020-08-18', 'yyyy-mm-dd'), 13620, 37297);
insert into rating values (5, TO_DATE('2018-10-04', 'yyyy-mm-dd'), 16609, 38147);
insert into rating values (1, TO_DATE('2022-01-18', 'yyyy-mm-dd'), 11848, 37876);
insert into rating values (4, TO_DATE('2019-10-14', 'yyyy-mm-dd'), 19465, 38649);
insert into rating values (1, TO_DATE('2021-12-13', 'yyyy-mm-dd'), 10134, 39974);
insert into rating values (1, TO_DATE('2019-09-24', 'yyyy-mm-dd'), 15118, 30577);
insert into rating values (4, TO_DATE('2022-06-30', 'yyyy-mm-dd'), 16609, 37334);
insert into rating values (1, TO_DATE('2021-09-21', 'yyyy-mm-dd'), 15968, 33324);
insert into rating values (5, TO_DATE('2020-08-19', 'yyyy-mm-dd'), 13194, 33366);
insert into rating values (1, TO_DATE('2020-12-19', 'yyyy-mm-dd'), 11770, 35918);
insert into rating values (4, TO_DATE('2022-06-17', 'yyyy-mm-dd'), 13756, 39541);
insert into rating values (4, TO_DATE('2020-10-20', 'yyyy-mm-dd'), 11085, 35035);
insert into rating values (1, TO_DATE('2021-03-31', 'yyyy-mm-dd'), 10644, 33854);
insert into rating values (4, TO_DATE('2019-09-17', 'yyyy-mm-dd'), 19144, 33294);
insert into rating values (2, TO_DATE('2022-02-19', 'yyyy-mm-dd'), 12493, 30577);
insert into rating values (2, TO_DATE('2022-09-18', 'yyyy-mm-dd'), 13343, 35522);
insert into rating values (1, TO_DATE('2018-08-10', 'yyyy-mm-dd'), 11392, 34135);
insert into rating values (2, TO_DATE('2018-05-10', 'yyyy-mm-dd'), 18344, 38549);
insert into rating values (3, TO_DATE('2021-12-06', 'yyyy-mm-dd'), 13012, 34287);
insert into rating values (3, TO_DATE('2019-11-09', 'yyyy-mm-dd'), 15896, 33302);
insert into rating values (3, TO_DATE('2020-10-20', 'yyyy-mm-dd'), 11313, 34674);
insert into rating values (1, TO_DATE('2019-10-01', 'yyyy-mm-dd'), 14908, 31648);
insert into rating values (2, TO_DATE('2020-08-01', 'yyyy-mm-dd'), 18973, 34064);
insert into rating values (3, TO_DATE('2022-08-03', 'yyyy-mm-dd'), 19146, 37592);
insert into rating values (5, TO_DATE('2020-07-21', 'yyyy-mm-dd'), 14594, 37959);
insert into rating values (2, TO_DATE('2022-01-17', 'yyyy-mm-dd'), 13044, 36810);
insert into rating values (3, TO_DATE('2021-10-06', 'yyyy-mm-dd'), 11841, 36760);
insert into rating values (1, TO_DATE('2022-05-29', 'yyyy-mm-dd'), 18375, 38005);
insert into rating values (3, TO_DATE('2021-01-14', 'yyyy-mm-dd'), 19165, 35130);
insert into rating values (5, TO_DATE('2019-08-10', 'yyyy-mm-dd'), 15301, 34683);
insert into rating values (3, TO_DATE('2022-06-14', 'yyyy-mm-dd'), 14636, 34824);
insert into rating values (2, TO_DATE('2021-06-23', 'yyyy-mm-dd'), 17475, 36285);
insert into rating values (3, TO_DATE('2022-02-12', 'yyyy-mm-dd'), 18692, 36587);
insert into rating values (1, TO_DATE('2018-05-13', 'yyyy-mm-dd'), 15896, 36163);
insert into rating values (3, TO_DATE('2022-07-03', 'yyyy-mm-dd'), 16175, 32466);
insert into rating values (4, TO_DATE('2019-01-25', 'yyyy-mm-dd'), 13044, 31069);
insert into rating values (1, TO_DATE('2021-05-03', 'yyyy-mm-dd'), 12458, 30837);
insert into rating values (3, TO_DATE('2021-08-31', 'yyyy-mm-dd'), 16828, 38379);
insert into rating values (5, TO_DATE('2020-05-20', 'yyyy-mm-dd'), 15793, 31756);
insert into rating values (1, TO_DATE('2018-10-11', 'yyyy-mm-dd'), 17278, 31460);
insert into rating values (5, TO_DATE('2018-04-08', 'yyyy-mm-dd'), 15372, 37210);
insert into rating values (3, TO_DATE('2018-12-08', 'yyyy-mm-dd'), 16070, 35044);
insert into rating values (1, TO_DATE('2018-07-03', 'yyyy-mm-dd'), 17067, 35522);
insert into rating values (5, TO_DATE('2021-07-25', 'yyyy-mm-dd'), 15968, 34287);
insert into rating values (3, TO_DATE('2017-01-05', 'yyyy-mm-dd'), 11927, 32473);
insert into rating values (5, TO_DATE('2021-08-30', 'yyyy-mm-dd'), 17276, 37218);
insert into rating values (5, TO_DATE('2019-02-08', 'yyyy-mm-dd'), 11085, 36797);
insert into rating values (3, TO_DATE('2022-07-10', 'yyyy-mm-dd'), 15118, 30964);
insert into rating values (3, TO_DATE('2020-03-21', 'yyyy-mm-dd'), 18692, 34871);
insert into rating values (5, TO_DATE('2017-05-16', 'yyyy-mm-dd'), 11392, 33070);
insert into rating values (5, TO_DATE('2022-02-17', 'yyyy-mm-dd'), 18778, 31994);
insert into rating values (4, TO_DATE('2021-04-19', 'yyyy-mm-dd'), 12066, 35522);
insert into rating values (3, TO_DATE('2019-11-11', 'yyyy-mm-dd'), 13653, 32778);
insert into rating values (2, TO_DATE('2022-02-21', 'yyyy-mm-dd'), 18955, 36753);
insert into rating values (3, TO_DATE('2020-12-23', 'yyyy-mm-dd'), 15267, 32167);
insert into rating values (5, TO_DATE('2021-02-18', 'yyyy-mm-dd'), 10413, 33366);
insert into rating values (4, TO_DATE('2020-10-17', 'yyyy-mm-dd'), 12721, 35571);
insert into rating values (4, TO_DATE('2021-08-25', 'yyyy-mm-dd'), 19215, 36117);
insert into rating values (3, TO_DATE('2018-05-19', 'yyyy-mm-dd'), 13323, 32230);
insert into rating values (4, TO_DATE('2016-06-30', 'yyyy-mm-dd'), 16189, 32150);
insert into rating values (1, TO_DATE('2020-11-23', 'yyyy-mm-dd'), 15736, 30761);
insert into rating values (5, TO_DATE('2021-04-10', 'yyyy-mm-dd'), 19215, 33302);
insert into rating values (5, TO_DATE('2022-06-22', 'yyyy-mm-dd'), 10128, 36471);
insert into rating values (5, TO_DATE('2021-06-27', 'yyyy-mm-dd'), 13531, 33212);
insert into rating values (4, TO_DATE('2021-10-16', 'yyyy-mm-dd'), 18040, 39299);
insert into rating values (2, TO_DATE('2013-05-04', 'yyyy-mm-dd'), 19465, 30999);
insert into rating values (1, TO_DATE('2021-05-15', 'yyyy-mm-dd'), 14604, 34871);
insert into rating values (1, TO_DATE('2022-03-08', 'yyyy-mm-dd'), 19996, 31798);
insert into rating values (1, TO_DATE('2020-03-15', 'yyyy-mm-dd'), 12458, 39442);
insert into rating values (4, TO_DATE('2019-06-07', 'yyyy-mm-dd'), 13531, 33979);
insert into rating values (2, TO_DATE('2022-03-25', 'yyyy-mm-dd'), 19575, 35130);
insert into rating values (2, TO_DATE('2022-09-07', 'yyyy-mm-dd'), 10954, 30999);
insert into rating values (1, TO_DATE('2018-07-20', 'yyyy-mm-dd'), 16133, 38147);
insert into rating values (2, TO_DATE('2021-09-04', 'yyyy-mm-dd'), 11085, 33481);
insert into rating values (3, TO_DATE('2020-09-11', 'yyyy-mm-dd'), 18040, 30999);
insert into rating values (1, TO_DATE('2017-10-07', 'yyyy-mm-dd'), 19650, 35076);
insert into rating values (1, TO_DATE('2014-05-04', 'yyyy-mm-dd'), 17278, 36797);
insert into rating values (1, TO_DATE('2021-10-13', 'yyyy-mm-dd'), 17799, 33269);
insert into rating values (1, TO_DATE('2020-05-20', 'yyyy-mm-dd'), 15736, 34656);
insert into rating values (2, TO_DATE('2020-05-19', 'yyyy-mm-dd'), 18523, 37888);
insert into rating values (3, TO_DATE('2021-01-16', 'yyyy-mm-dd'), 13647, 33415);
insert into rating values (5, TO_DATE('2017-01-31', 'yyyy-mm-dd'), 13625, 33356);
insert into rating values (1, TO_DATE('2017-11-15', 'yyyy-mm-dd'), 12458, 32565);
insert into rating values (2, TO_DATE('2021-10-11', 'yyyy-mm-dd'), 15216, 30542);
insert into rating values (3, TO_DATE('2017-08-14', 'yyyy-mm-dd'), 15896, 34393);
insert into rating values (4, TO_DATE('2022-02-13', 'yyyy-mm-dd'), 14908, 34674);
insert into rating values (4, TO_DATE('2022-01-01', 'yyyy-mm-dd'), 13044, 36375);
insert into rating values (3, TO_DATE('2022-05-03', 'yyyy-mm-dd'), 12438, 34824);
insert into rating values (2, TO_DATE('2022-03-05', 'yyyy-mm-dd'), 14594, 33269);
insert into rating values (3, TO_DATE('2018-06-30', 'yyyy-mm-dd'), 11474, 38045);
insert into rating values (3, TO_DATE('2022-08-24', 'yyyy-mm-dd'), 11766, 34683);
insert into rating values (1, TO_DATE('2018-11-19', 'yyyy-mm-dd'), 16133, 39541);
insert into rating values (2, TO_DATE('2020-06-27', 'yyyy-mm-dd'), 13188, 30608);
insert into rating values (2, TO_DATE('2022-03-14', 'yyyy-mm-dd'), 18692, 35522);
insert into rating values (4, TO_DATE('2020-08-13', 'yyyy-mm-dd'), 11085, 30101);
insert into rating values (4, TO_DATE('2020-11-26', 'yyyy-mm-dd'), 16895, 38147);
insert into rating values (1, TO_DATE('2021-04-24', 'yyyy-mm-dd'), 12029, 30608);
insert into rating values (3, TO_DATE('2020-12-16', 'yyyy-mm-dd'), 18523, 38080);
insert into rating values (2, TO_DATE('2018-04-21', 'yyyy-mm-dd'), 10644, 32588);
insert into rating values (2, TO_DATE('2020-08-26', 'yyyy-mm-dd'), 18523, 33736);
insert into rating values (4, TO_DATE('2021-10-27', 'yyyy-mm-dd'), 17312, 30157);
insert into rating values (3, TO_DATE('2021-10-13', 'yyyy-mm-dd'), 16070, 33269);
insert into rating values (4, TO_DATE('2020-08-07', 'yyyy-mm-dd'), 17345, 33366);
insert into rating values (3, TO_DATE('2016-11-01', 'yyyy-mm-dd'), 13836, 32664);
insert into rating values (2, TO_DATE('2022-02-15', 'yyyy-mm-dd'), 18177, 32935);
insert into rating values (4, TO_DATE('2022-03-06', 'yyyy-mm-dd'), 17835, 36810);
insert into rating values (3, TO_DATE('2020-02-23', 'yyyy-mm-dd'), 19144, 35035);
insert into rating values (4, TO_DATE('2020-11-22', 'yyyy-mm-dd'), 12458, 36471);
insert into rating values (2, TO_DATE('2020-12-14', 'yyyy-mm-dd'), 19144, 32373);
insert into rating values (3, TO_DATE('2021-02-24', 'yyyy-mm-dd'), 11839, 35171);
insert into rating values (2, TO_DATE('2010-01-07', 'yyyy-mm-dd'), 19445, 36471);
insert into rating values (1, TO_DATE('2021-12-13', 'yyyy-mm-dd'), 17475, 34135);
insert into rating values (2, TO_DATE('2022-01-18', 'yyyy-mm-dd'), 10054, 38147);
insert into rating values (3, TO_DATE('2021-05-07', 'yyyy-mm-dd'), 12682, 37644);
insert into rating values (1, TO_DATE('2020-10-14', 'yyyy-mm-dd'), 11837, 39808);
insert into rating values (1, TO_DATE('2022-02-23', 'yyyy-mm-dd'), 10644, 30964);
insert into rating values (4, TO_DATE('2022-03-28', 'yyyy-mm-dd'), 13029, 33480);
insert into rating values (2, TO_DATE('2021-01-20', 'yyyy-mm-dd'), 19395, 33871);
insert into rating values (2, TO_DATE('2022-05-30', 'yyyy-mm-dd'), 12493, 30157);
insert into rating values (1, TO_DATE('2016-08-09', 'yyyy-mm-dd'), 10040, 33070);
insert into rating values (1, TO_DATE('2022-03-18', 'yyyy-mm-dd'), 10256, 31460);
insert into rating values (2, TO_DATE('2021-03-17', 'yyyy-mm-dd'), 11841, 30999);
insert into rating values (1, TO_DATE('2019-09-09', 'yyyy-mm-dd'), 15118, 33628);
insert into rating values (1, TO_DATE('2022-04-05', 'yyyy-mm-dd'), 15301, 31798);
insert into rating values (2, TO_DATE('2022-08-22', 'yyyy-mm-dd'), 19034, 33177);
insert into rating values (2, TO_DATE('2020-05-13', 'yyyy-mm-dd'), 13323, 39585);
insert into rating values (3, TO_DATE('2021-02-24', 'yyyy-mm-dd'), 15421, 32664);
insert into rating values (2, TO_DATE('2022-01-22', 'yyyy-mm-dd'), 16828, 30964);
insert into rating values (2, TO_DATE('2021-12-11', 'yyyy-mm-dd'), 13343, 32697);
insert into rating values (2, TO_DATE('2018-12-12', 'yyyy-mm-dd'), 16175, 35076);
insert into rating values (3, TO_DATE('2018-12-31', 'yyyy-mm-dd'), 11837, 31059);
insert into rating values (4, TO_DATE('2018-11-25', 'yyyy-mm-dd'), 14017, 33294);
insert into rating values (5, TO_DATE('2020-09-05', 'yyyy-mm-dd'), 13625, 34680);
insert into rating values (1, TO_DATE('2022-04-19', 'yyyy-mm-dd'), 13012, 30608);
insert into rating values (5, TO_DATE('2015-06-13', 'yyyy-mm-dd'), 14613, 35469);
insert into rating values (1, TO_DATE('2022-09-15', 'yyyy-mm-dd'), 19728, 33630);
insert into rating values (2, TO_DATE('2020-12-31', 'yyyy-mm-dd'), 17774, 34393);
insert into rating values (3, TO_DATE('2022-06-25', 'yyyy-mm-dd'), 17877, 32167);
insert into rating values (5, TO_DATE('2021-06-06', 'yyyy-mm-dd'), 10037, 33294);
insert into rating values (4, TO_DATE('2020-08-31', 'yyyy-mm-dd'), 11474, 39252);
insert into rating values (4, TO_DATE('2018-01-05', 'yyyy-mm-dd'), 16299, 32065);
insert into rating values (4, TO_DATE('2022-04-08', 'yyyy-mm-dd'), 13950, 38122);
insert into rating values (5, TO_DATE('2020-02-18', 'yyyy-mm-dd'), 11085, 34393);
insert into rating values (1, TO_DATE('2021-02-11', 'yyyy-mm-dd'), 11839, 35571);
insert into rating values (1, TO_DATE('2021-04-27', 'yyyy-mm-dd'), 19876, 38502);
insert into rating values (5, TO_DATE('2019-07-20', 'yyyy-mm-dd'), 12457, 31059);
insert into rating values (3, TO_DATE('2017-02-16', 'yyyy-mm-dd'), 16663, 34871);
insert into rating values (4, TO_DATE('2021-05-29', 'yyyy-mm-dd'), 13756, 36163);
insert into rating values (4, TO_DATE('2020-09-28', 'yyyy-mm-dd'), 17065, 33593);
insert into rating values (1, TO_DATE('2019-11-22', 'yyyy-mm-dd'), 17048, 32230);
insert into rating values (4, TO_DATE('2018-11-06', 'yyyy-mm-dd'), 16133, 33897);
insert into rating values (4, TO_DATE('2020-04-23', 'yyyy-mm-dd'), 17774, 39780);
insert into rating values (3, TO_DATE('2020-06-22', 'yyyy-mm-dd'), 12458, 33593);
insert into rating values (3, TO_DATE('2016-11-21', 'yyyy-mm-dd'), 13620, 33628);
insert into rating values (3, TO_DATE('2017-03-18', 'yyyy-mm-dd'), 19437, 36753);
insert into rating values (5, TO_DATE('2021-05-29', 'yyyy-mm-dd'), 19366, 39160);
insert into rating values (1, TO_DATE('2018-05-09', 'yyyy-mm-dd'), 14540, 37959);
insert into rating values (3, TO_DATE('2018-02-02', 'yyyy-mm-dd'), 13044, 30069);
insert into rating values (2, TO_DATE('2021-07-27', 'yyyy-mm-dd'), 10093, 33625);
insert into rating values (2, TO_DATE('2016-09-06', 'yyyy-mm-dd'), 14017, 35918);
insert into rating values (5, TO_DATE('2020-03-05', 'yyyy-mm-dd'), 11028, 36470);
insert into rating values (5, TO_DATE('2021-05-10', 'yyyy-mm-dd'), 16895, 30157);
insert into rating values (5, TO_DATE('2022-03-21', 'yyyy-mm-dd'), 13625, 37876);
insert into rating values (5, TO_DATE('2019-08-24', 'yyyy-mm-dd'), 17572, 33294);
insert into rating values (3, TO_DATE('2018-12-23', 'yyyy-mm-dd'), 10040, 33415);
insert into rating values (4, TO_DATE('2021-09-05', 'yyyy-mm-dd'), 14017, 35035);
insert into rating values (3, TO_DATE('2021-07-25', 'yyyy-mm-dd'), 13756, 37314);
insert into rating values (4, TO_DATE('2017-09-12', 'yyyy-mm-dd'), 11902, 38684);
insert into rating values (5, TO_DATE('2007-09-26', 'yyyy-mm-dd'), 15698, 33261);
insert into rating values (3, TO_DATE('2017-09-18', 'yyyy-mm-dd'), 12458, 33938);
insert into rating values (1, TO_DATE('2021-11-21', 'yyyy-mm-dd'), 13012, 31616);
insert into rating values (2, TO_DATE('2021-03-02', 'yyyy-mm-dd'), 16070, 34135);
insert into rating values (5, TO_DATE('2020-03-15', 'yyyy-mm-dd'), 13656, 39541);
insert into rating values (1, TO_DATE('2022-06-19', 'yyyy-mm-dd'), 19996, 32778);
insert into rating values (4, TO_DATE('2021-03-26', 'yyyy-mm-dd'), 18177, 32167);
insert into rating values (4, TO_DATE('2020-04-27', 'yyyy-mm-dd'), 15267, 34484);
insert into rating values (4, TO_DATE('2022-09-26', 'yyyy-mm-dd'), 11028, 33736);
insert into rating values (4, TO_DATE('2022-02-03', 'yyyy-mm-dd'), 18328, 31089);
insert into rating values (1, TO_DATE('2018-09-16', 'yyyy-mm-dd'), 19465, 36810);
insert into rating values (3, TO_DATE('2022-04-05', 'yyyy-mm-dd'), 12267, 34393);
insert into rating values (5, TO_DATE('2020-02-17', 'yyyy-mm-dd'), 15582, 39585);
insert into rating values (1, TO_DATE('2020-04-29', 'yyyy-mm-dd'), 16189, 36062);
insert into rating values (1, TO_DATE('2020-05-10', 'yyyy-mm-dd'), 15464, 30425);
insert into rating values (3, TO_DATE('2022-01-13', 'yyyy-mm-dd'), 11313, 38649);
insert into rating values (3, TO_DATE('2017-05-22', 'yyyy-mm-dd'), 15216, 35044);
insert into rating values (2, TO_DATE('2022-10-07', 'yyyy-mm-dd'), 18955, 34029);
insert into rating values (3, TO_DATE('2017-08-27', 'yyyy-mm-dd'), 13044, 36587);
insert into rating values (3, TO_DATE('2020-10-08', 'yyyy-mm-dd'), 10413, 31841);
insert into rating values (5, TO_DATE('2022-04-04', 'yyyy-mm-dd'), 17201, 36760);
insert into rating values (4, TO_DATE('2018-04-21', 'yyyy-mm-dd'), 12457, 33070);
insert into rating values (1, TO_DATE('2021-12-29', 'yyyy-mm-dd'), 13625, 38941);
insert into rating values (4, TO_DATE('2020-03-02', 'yyyy-mm-dd'), 15421, 39252);
insert into rating values (5, TO_DATE('2022-06-09', 'yyyy-mm-dd'), 19366, 39442);
insert into rating values (4, TO_DATE('2021-12-19', 'yyyy-mm-dd'), 18955, 32593);
insert into rating values (4, TO_DATE('2020-03-24', 'yyyy-mm-dd'), 11927, 31059);
insert into rating values (4, TO_DATE('2019-04-27', 'yyyy-mm-dd'), 15372, 30227);
insert into rating values (1, TO_DATE('2008-08-28', 'yyyy-mm-dd'), 14017, 36471);
insert into rating values (5, TO_DATE('2018-05-25', 'yyyy-mm-dd'), 18115, 37644);
insert into rating values (4, TO_DATE('2021-11-11', 'yyyy-mm-dd'), 12719, 35035);
insert into rating values (3, TO_DATE('2021-03-14', 'yyyy-mm-dd'), 12519, 37754);
insert into rating values (1, TO_DATE('2020-06-09', 'yyyy-mm-dd'), 14851, 39152);
insert into rating values (3, TO_DATE('2022-04-27', 'yyyy-mm-dd'), 11392, 30125);
insert into rating values (5, TO_DATE('2019-07-24', 'yyyy-mm-dd'), 10134, 38122);
insert into rating values (4, TO_DATE('2019-10-23', 'yyyy-mm-dd'), 19366, 37210);
insert into rating values (1, TO_DATE('2020-08-13', 'yyyy-mm-dd'), 19144, 32473);
insert into rating values (4, TO_DATE('2018-05-05', 'yyyy-mm-dd'), 11770, 34029);
insert into rating values (1, TO_DATE('2019-10-28', 'yyyy-mm-dd'), 16889, 33871);
insert into rating values (2, TO_DATE('2021-10-14', 'yyyy-mm-dd'), 11028, 39252);
insert into rating values (2, TO_DATE('2022-10-05', 'yyyy-mm-dd'), 11706, 33024);
insert into rating values (2, TO_DATE('2022-06-22', 'yyyy-mm-dd'), 13656, 30227);
insert into rating values (4, TO_DATE('2020-02-14', 'yyyy-mm-dd'), 19575, 32565);
insert into rating values (2, TO_DATE('2019-08-01', 'yyyy-mm-dd'), 13524, 33366);
insert into rating values (3, TO_DATE('2022-02-19', 'yyyy-mm-dd'), 12721, 34064);
insert into rating values (3, TO_DATE('2018-04-05', 'yyyy-mm-dd'), 10134, 30413);
insert into rating values (5, TO_DATE('2021-01-14', 'yyyy-mm-dd'), 13128, 30157);
insert into rating values (5, TO_DATE('2017-05-13', 'yyyy-mm-dd'), 15117, 33459);
insert into rating values (3, TO_DATE('2021-10-06', 'yyyy-mm-dd'), 16895, 31648);
insert into rating values (2, TO_DATE('2020-12-13', 'yyyy-mm-dd'), 16175, 33480);
insert into rating values (4, TO_DATE('2021-05-23', 'yyyy-mm-dd'), 10413, 35831);
insert into rating values (3, TO_DATE('2022-09-14', 'yyyy-mm-dd'), 12493, 34135);
insert into rating values (2, TO_DATE('2021-04-09', 'yyyy-mm-dd'), 10054, 37282);
insert into rating values (5, TO_DATE('2022-06-08', 'yyyy-mm-dd'), 14908, 39271);
insert into rating values (3, TO_DATE('2019-12-02', 'yyyy-mm-dd'), 15698, 38649);
insert into rating values (3, TO_DATE('2021-12-01', 'yyyy-mm-dd'), 16070, 32150);




-- acadmeyworker
insert into academyworker values (40200,'Colin', 'Dotson', 'Contract', 'ACM Computing Surveys', 60000);
insert into academyworker values (46428,'Jaiden', 'Brewer', 'Contract', 'ACM Transactions on Graphics', 48000);
insert into academyworker values (47134,'Hasan', 'Forster', 'Contract', 'Advances in Computers', 51000);
insert into academyworker values (46225,'Aila', 'Mathews', 'Contract', 'Foundations and Trends in Machine Learning', 64000);
insert into academyworker values (45526,'Aneeka', 'Hoffman', 'Contract', 'IEEE Communications Magazine', 32000);
insert into academyworker values (47753,'Renee', 'Marsh', 'Contract', 'IEEE Computational Intelligence Magazine', 47000);
insert into academyworker values (49604,'Mischa', 'Snow', 'Contract', 'IEEE Internet of Things Journal', 36000);
insert into academyworker values (43876,'Xavier', 'Duncan', 'Contract', 'IEEE Journal on Selected Areas in Communications', 47000);
insert into academyworker values (43042,'Hussein', 'Preece', 'Contract', 'IEEE Transactions on Automatic Control', 35000);
insert into academyworker values (42579,'Maaria', 'Sharpe', 'Contract', 'IEEE Transactions on Evolutionary Computation', 56000);
insert into academyworker values (48099,'Abraham', 'Mcgill', 'Contract', 'IEEE Transactions on Fuzzy Systems', 61000);
insert into academyworker values (49074,'Diana', 'Frye', 'Contract', 'IEEE Transactions on Pattern Analysis and Machine Intelligence', 45000);
insert into academyworker values (48193,'Acacia', 'Talbot', 'Contract', 'IEEE Transactions on Robotics', 58000);
insert into academyworker values (49784,'Anwen', 'Carney', 'Contract', 'IEEE Transactions on Smart Grid', 39000);
insert into academyworker values (43392,'Talhah', 'Dolan', 'Contract', 'IEEE Transactions on Systems, Man, and Cybernetics: Systems', 58000);
insert into academyworker values (47890,'Marisa', 'Marquez', 'Contract', 'IEEE Transactions on Wireless Communications', 52000);
insert into academyworker values (44848,'Kaylum', 'Pennington', 'Contract', 'ISPRS Journal of Photogrammetry and Remote Sensing', 35000);
insert into academyworker values (41130,'Andrea', 'Snider', 'Contract', 'Information Fusion', 41000);
insert into academyworker values (46713,'Alexia', 'Wickens', 'Contract', 'Information Systems Research', 46000);
insert into academyworker values (46542,'Jibril', 'Riley', 'Contract', 'Information and Organization', 57000);
insert into academyworker values (46147,'Stefan', 'Bonner', 'Contract', 'International Journal of Computer Vision', 46000);
insert into academyworker values (43247,'Nancie', 'Peters', 'Contract', 'International Journal of Information Management', 62000);
insert into academyworker values (49302,'Zac', 'Orozco', 'Contract', 'Internet and Higher Education', 59000);
insert into academyworker values (42423,'Harvey-Lee', 'Rollins', 'Contract', 'Journal of Management Information Systems', 60000);
insert into academyworker values (48208,'Dorothy', 'Hunter', 'Contract', 'Journal of Service Research', 58000);
insert into academyworker values (47709,'Tymoteusz', 'Major', 'Contract', 'Journal of Strategic Information Systems', 45000);
insert into academyworker values (41862,'Kamran', 'Floyd', 'Contract', 'MIS Quarterly: Management Information Systems', 58000);
insert into academyworker values (44029,'Lucy', 'Britton', 'Contract', 'Molecular Systems Biology', 39000);
insert into academyworker values (42567,'Jemimah', 'Steele', 'Contract', 'Radiology: Artificial Intelligence', 52000);
insert into academyworker values (47739,'Jago', 'Bradley', 'Contract', 'Wiley Interdisciplinary Reviews: Computational Molecular Science', 63000);
insert into academyworker values (43626,'Abigail', 'Monaghan', 'Contract', 'ACM Computing Surveys', 40000);
insert into academyworker values (46404,'Pawel', 'Mason', 'Sales', 'ACM Transactions on Graphics', 61000);
insert into academyworker values (44877,'Kali', 'Meyer', 'Publisher', 'Advances in Computers', 49000);
insert into academyworker values (47968,'Husna', 'Norris', 'Publisher', 'Foundations and Trends in Machine Learning', 36000);
insert into academyworker values (40828,'Rafferty', 'Peterson', 'Web Management', 'IEEE Communications Magazine', 50000);
insert into academyworker values (47017,'Marianne', 'Sosa', 'Marketing', 'IEEE Computational Intelligence Magazine', 45000);
insert into academyworker values (49455,'Habibah', 'Lu', 'Web Management', 'IEEE Internet of Things Journal', 64000);
insert into academyworker values (44145,'Subhaan', 'Gilbert', 'Sales', 'IEEE Journal on Selected Areas in Communications', 36000);
insert into academyworker values (44856,'Ellise', 'Herbert', 'Contract', 'IEEE Transactions on Automatic Control', 63000);
insert into academyworker values (40132,'Romeo', 'Faulkner', 'Sales', 'IEEE Transactions on Evolutionary Computation', 32000);
insert into academyworker values (40861,'Floyd', 'Pope', 'Sales', 'IEEE Transactions on Fuzzy Systems', 54000);
insert into academyworker values (45432,'Ebrahim', 'Glover', 'Marketing', 'IEEE Transactions on Pattern Analysis and Machine Intelligence', 56000);
insert into academyworker values (48575,'Rachael', 'Terry', 'Publisher', 'IEEE Transactions on Robotics', 54000);
insert into academyworker values (43728,'Tariq', 'Keith', 'Marketing', 'IEEE Transactions on Smart Grid', 38000);
insert into academyworker values (45439,'Emmett', 'Morgan', 'Publisher', 'IEEE Transactions on Systems, Man, and Cybernetics: Systems', 51000);
insert into academyworker values (40966,'Drake', 'Blanchard', 'Marketing', 'IEEE Transactions on Wireless Communications', 48000);
insert into academyworker values (41427,'Kendal', 'Hess', 'Web Management', 'ISPRS Journal of Photogrammetry and Remote Sensing', 41000);
insert into academyworker values (40776,'Inez', 'Richard', 'Publisher', 'Information Fusion', 43000);
insert into academyworker values (40718,'Christina', 'Williams', 'Marketing', 'Information Systems Research', 30000);
insert into academyworker values (47384,'Elize', 'Page', 'Sales', 'Information and Organization', 48000);
insert into academyworker values (43815,'Renesmae', 'Wise', 'Web Management', 'International Journal of Computer Vision', 42000);
insert into academyworker values (44524,'Ann', 'Reader', 'Sales', 'International Journal of Information Management', 58000);
insert into academyworker values (47131,'Laaibah', 'Mcmahon', 'Web Management', 'Internet and Higher Education', 40000);
insert into academyworker values (41806,'Kristy', 'Melton', 'Marketing', 'Journal of Management Information Systems', 45000);
insert into academyworker values (48762,'Sanya', 'Rich', 'Contract', 'Journal of Service Research', 32000);
insert into academyworker values (45908,'Pola', 'Huerta', 'Contract', 'Journal of Strategic Information Systems', 33000);
insert into academyworker values (41780,'Sasha', 'Douglas', 'Publisher', 'MIS Quarterly: Management Information Systems', 59000);
insert into academyworker values (49509,'Indigo', 'Greenaway', 'Financial', 'Molecular Systems Biology', 54000);
insert into academyworker values (45127,'Kaylen', 'Morrison', 'Contract', 'Radiology: Artificial Intelligence', 60000);
insert into academyworker values (43511,'Zeynep', 'Mcguire', 'Contract', 'Wiley Interdisciplinary Reviews: Computational Molecular Science', 42000);
insert into academyworker values (41714,'Libbie', 'Webster', 'Sales', 'ACM Computing Surveys', 33000);
insert into academyworker values (41429,'Teri', 'Chamberlain', 'Web Management', 'ACM Transactions on Graphics', 33000);
insert into academyworker values (44527,'Marwa', 'Farrington', 'Marketing', 'Advances in Computers', 43000);
insert into academyworker values (43992,'Korben', 'Schroeder', 'Publisher', 'Foundations and Trends in Machine Learning', 53000);
insert into academyworker values (46248,'Margaret', 'Taylor', 'Publisher', 'IEEE Communications Magazine', 39000);
insert into academyworker values (46242,'Ozan', 'Dorsey', 'Web Management', 'IEEE Computational Intelligence Magazine', 61000);
insert into academyworker values (49237,'Aadil', 'Sims', 'Contract', 'IEEE Internet of Things Journal', 62000);
insert into academyworker values (49880,'Effie', 'Gunn', 'Financial', 'IEEE Journal on Selected Areas in Communications', 46000);
insert into academyworker values (43040,'Martin', 'Deacon', 'Sales', 'IEEE Transactions on Automatic Control', 32000);
insert into academyworker values (45274,'Ruari', 'Nguyen', 'Sales', 'IEEE Transactions on Evolutionary Computation', 41000);
insert into academyworker values (43613,'Natan', 'Daniels', 'Contract', 'IEEE Transactions on Fuzzy Systems', 33000);
insert into academyworker values (44411,'Tilly-Mae', 'Bains', 'Sales', 'IEEE Transactions on Pattern Analysis and Machine Intelligence', 33000);
insert into academyworker values (43549,'Ranveer', 'Milner', 'Sales', 'IEEE Transactions on Robotics', 62000);
insert into academyworker values (42914,'Alyssa', 'William', 'Publisher', 'IEEE Transactions on Smart Grid', 43000);
insert into academyworker values (44424,'Atlanta', 'Humphrey', 'Web Management', 'IEEE Transactions on Systems, Man, and Cybernetics: Systems', 33000);
insert into academyworker values (47808,'Mitchell', 'Baird', 'Contract', 'IEEE Transactions on Wireless Communications', 42000);
insert into academyworker values (47392,'Taha', 'Gaines', 'Sales', 'ISPRS Journal of Photogrammetry and Remote Sensing', 64000);
insert into academyworker values (44695,'Minahil', 'Simon', 'Contract', 'Information Fusion', 63000);
insert into academyworker values (45401,'Iram', 'Walter', 'Web Management', 'Information Systems Research', 40000);
insert into academyworker values (42491,'Rohaan', 'Khan', 'Financial', 'Information and Organization', 42000);
insert into academyworker values (48411,'Bobbi', 'Perkins', 'Marketing', 'International Journal of Computer Vision', 53000);
insert into academyworker values (47583,'Mohamad', 'Riggs', 'Publisher', 'International Journal of Information Management', 30000);
insert into academyworker values (49103,'Rex', 'Dunn', 'Marketing', 'Internet and Higher Education', 53000);
insert into academyworker values (49191,'Huseyin', 'Nichols', 'Marketing', 'Journal of Management Information Systems', 44000);
insert into academyworker values (49431,'Peggy', 'Herring', 'Publisher', 'Journal of Service Research', 38000);
insert into academyworker values (47401,'Jana', 'Sharples', 'Marketing', 'Journal of Strategic Information Systems', 34000);
insert into academyworker values (48216,'Louisa', 'Farrell', 'Publisher', 'MIS Quarterly: Management Information Systems', 48000);
insert into academyworker values (46656,'Sarah', 'Keenan', 'Sales', 'Molecular Systems Biology', 62000);
insert into academyworker values (41656,'Mary', 'Bauer', 'Web Management', 'Radiology: Artificial Intelligence', 42000);
insert into academyworker values (47538,'Wiktor', 'Sparrow', 'Marketing', 'Wiley Interdisciplinary Reviews: Computational Molecular Science', 39000);
insert into academyworker values (41207,'Miguel', 'Coleman', 'Web Management', 'ACM Computing Surveys', 45000);
insert into academyworker values (45930,'Margaux', 'Allan', 'Marketing', 'ACM Transactions on Graphics', 64000);
insert into academyworker values (45136,'Eiliyah', 'Travis', 'Contract', 'Advances in Computers', 60000);
insert into academyworker values (49865,'Mitchel', 'Bolton', 'Web Management', 'Foundations and Trends in Machine Learning', 51000);
insert into academyworker values (48446,'Adem', 'Nicholls', 'Financial', 'IEEE Communications Magazine', 59000);
insert into academyworker values (46375,'Taya', 'Welch', 'Publisher', 'IEEE Computational Intelligence Magazine', 31000);
insert into academyworker values (40233,'Mina', 'Berry', 'Web Management', 'IEEE Internet of Things Journal', 40000);
insert into academyworker values (49868,'Tj', 'Osborn', 'Financial', 'IEEE Journal on Selected Areas in Communications', 64000);
insert into academyworker values (49941,'Anastasia', 'Ahmad', 'Contract', 'IEEE Transactions on Automatic Control', 47000);
insert into academyworker values (45780,'Count', 'cannot', 'Marketing', 'IEEE Transactions on Evolutionary Computation', 39000);
insert into academyworker values (41897,'Montel', 'Bateman', 'Web Management', 'IEEE Transactions on Fuzzy Systems', 47000);
insert into academyworker values (41320,'Yasemin', 'Olsen', 'Publisher', 'IEEE Transactions on Pattern Analysis and Machine Intelligence', 59000);
insert into academyworker values (41741,'Kajol', 'Odling', 'Contract', 'IEEE Transactions on Robotics', 32000);
insert into academyworker values (47322,'Zayna', 'Connelly', 'Financial', 'IEEE Transactions on Smart Grid', 52000);
insert into academyworker values (45524,'Sanaa', 'Ramirez', 'Sales', 'IEEE Transactions on Systems, Man, and Cybernetics: Systems', 41000);
insert into academyworker values (45382,'Yvette', 'Britt', 'Publisher', 'IEEE Transactions on Wireless Communications', 60000);
insert into academyworker values (43086,'Darin', 'Parks', 'Sales', 'ISPRS Journal of Photogrammetry and Remote Sensing', 60000);
insert into academyworker values (41035,'Darci', 'Walter', 'Publisher', 'Information Fusion', 52000);
insert into academyworker values (45995,'Neriah', 'Blankenship', 'Financial', 'Information Systems Research', 40000);
insert into academyworker values (49144,'Jerry', 'Bailey', 'Publisher', 'Information and Organization', 57000);
insert into academyworker values (45918,'Kaleb', 'Ashley', 'Financial', 'International Journal of Computer Vision', 46000);
insert into academyworker values (44600,'Vivek', 'Calhoun', 'Financial', 'International Journal of Information Management', 62000);
insert into academyworker values (42701,'Sabrina', 'Roman', 'Publisher', 'Internet and Higher Education', 54000);
insert into academyworker values (46497,'Myles', 'Hays', 'Sales', 'Journal of Management Information Systems', 49000);
insert into academyworker values (45653,'Phillipa', 'Mcconnell', 'Publisher', 'Journal of Service Research', 34000);
insert into academyworker values (44717,'Jai', 'Crowther', 'Publisher', 'Journal of Strategic Information Systems', 32000);
insert into academyworker values (44446,'Jaimee', 'Bellamy', 'Marketing', 'MIS Quarterly: Management Information Systems', 47000);
insert into academyworker values (40295,'Rosalind', 'Wall', 'Marketing', 'Molecular Systems Biology', 52000);
insert into academyworker values (44833,'Charlton', 'Shelton', 'Marketing', 'Radiology: Artificial Intelligence', 49000);
insert into academyworker values (49982,'Alys', 'Delacruz', 'Marketing', 'Wiley Interdisciplinary Reviews: Computational Molecular Science', 58000);
insert into academyworker values (44517,'Conor', 'Shepherd', 'Sales', 'ACM Computing Surveys', 39000);
insert into academyworker values (42854,'Manahil', 'Griffin', 'Financial', 'ACM Transactions on Graphics', 33000);
insert into academyworker values (47424,'Cheyanne', 'Irwin', 'Publisher', 'Advances in Computers', 36000);
insert into academyworker values (41150,'Franky', 'King', 'Publisher', 'Foundations and Trends in Machine Learning', 55000);
insert into academyworker values (49583,'Isabella-Rose', 'Valdez', 'Publisher', 'IEEE Communications Magazine', 32000);
insert into academyworker values (40868,'Aaminah', 'Scott', 'Contract', 'IEEE Computational Intelligence Magazine', 41000);
insert into academyworker values (46819,'Tai', 'Larson', 'Marketing', 'IEEE Internet of Things Journal', 63000);
insert into academyworker values (42220,'Taine', 'Fernandez', 'Marketing', 'IEEE Journal on Selected Areas in Communications', 46000);
insert into academyworker values (48614,'Kean', 'Day', 'Web Management', 'IEEE Transactions on Automatic Control', 31000);
insert into academyworker values (44513,'Nisha', 'Hart', 'Sales', 'IEEE Transactions on Evolutionary Computation', 55000);
insert into academyworker values (46432,'Noa', 'Bevan', 'Marketing', 'IEEE Transactions on Fuzzy Systems', 37000);
insert into academyworker values (48232,'Shayna', 'Schroeder', 'Marketing', 'IEEE Transactions on Pattern Analysis and Machine Intelligence', 47000);
insert into academyworker values (42897,'Geraldine', 'Hough', 'Marketing', 'IEEE Transactions on Robotics', 35000);
insert into academyworker values (44888,'Tevin', 'Mcdaniel', 'Contract', 'IEEE Transactions on Smart Grid', 52000);
insert into academyworker values (42137,'Adeline', 'Singh', 'Publisher', 'IEEE Transactions on Systems, Man, and Cybernetics: Systems', 53000);
insert into academyworker values (41885,'Neal', 'Donnelly', 'Publisher', 'IEEE Transactions on Wireless Communications', 53000);
insert into academyworker values (40907,'Simran', 'Albert', 'Sales', 'ISPRS Journal of Photogrammetry and Remote Sensing', 38000);
insert into academyworker values (40186,'Britney', 'Reeves', 'Financial', 'Information Fusion', 36000);
insert into academyworker values (43122,'Saba', 'Cowan', 'Sales', 'Information Systems Research', 32000);
insert into academyworker values (47297,'Vivien', 'Underwood', 'Publisher', 'Information and Organization', 33000);
insert into academyworker values (48904,'Bruno', 'Redman', 'Financial', 'International Journal of Computer Vision', 62000);
insert into academyworker values (45593,'Jimmy', 'Mcneil', 'Financial', 'International Journal of Information Management', 60000);
insert into academyworker values (48359,'Sumaiya', 'Spears', 'Web Management', 'Internet and Higher Education', 54000);
insert into academyworker values (41367,'Maliha', 'Cochran', 'Contract', 'Journal of Management Information Systems', 57000);
insert into academyworker values (42861,'Tegan', 'Mair', 'Sales', 'Journal of Service Research', 57000);
insert into academyworker values (49805,'Katherine', 'Monaghan', 'Contract', 'Journal of Strategic Information Systems', 34000);
insert into academyworker values (43960,'Blane', 'Mcdermott', 'Sales', 'MIS Quarterly: Management Information Systems', 52000);
insert into academyworker values (49282,'Precious', 'Adkins', 'Sales', 'Molecular Systems Biology', 49000);
insert into academyworker values (45556,'Harleigh', 'Marshall', 'Marketing', 'Radiology: Artificial Intelligence', 34000);
insert into academyworker values (45448,'Jasleen', 'Mccallum', 'Contract', 'Wiley Interdisciplinary Reviews: Computational Molecular Science', 51000);
insert into academyworker values (41801,'Mared', 'Herrera', 'Financial', 'ACM Computing Surveys', 58000);
insert into academyworker values (48961,'Lowri', 'Bowers', 'Sales', 'ACM Transactions on Graphics', 51000);
insert into academyworker values (47378,'Arif', 'Jordan', 'Web Management', 'Advances in Computers', 48000);
insert into academyworker values (42130,'Roland', 'Allen', 'Financial', 'Foundations and Trends in Machine Learning', 40000);
insert into academyworker values (41619,'Brittany', 'Le', 'Marketing', 'IEEE Communications Magazine', 61000);
insert into academyworker values (48930,'Darragh', 'Laing', 'Financial', 'IEEE Computational Intelligence Magazine', 37000);
insert into academyworker values (40090,'Bianka', 'Guthrie', 'Marketing', 'IEEE Internet of Things Journal', 39000);
insert into academyworker values (44365,'Virginia', 'Cooke', 'Web Management', 'IEEE Journal on Selected Areas in Communications', 59000);
insert into academyworker values (41547,'Bear', 'Walmsley', 'Publisher', 'IEEE Transactions on Automatic Control', 38000);
insert into academyworker values (41443,'Shay', 'Martinez', 'Web Management', 'IEEE Transactions on Evolutionary Computation', 60000);
insert into academyworker values (43063,'Kieron', 'OQuinn', 'Web Management', 'IEEE Transactions on Fuzzy Systems', 40000);
insert into academyworker values (46521,'Jamaal', 'Thatcher', 'Web Management', 'IEEE Transactions on Pattern Analysis and Machine Intelligence', 64000);
insert into academyworker values (44861,'Isla-Rose', 'Munoz', 'Contract', 'IEEE Transactions on Robotics', 51000);
insert into academyworker values (43111,'Willie', 'Trujillo', 'Publisher', 'IEEE Transactions on Smart Grid', 45000);
insert into academyworker values (44071,'Marissa', 'Russo', 'Financial', 'IEEE Transactions on Systems, Man, and Cybernetics: Systems', 42000);
insert into academyworker values (40203,'Elsie', 'Amos', 'Sales', 'IEEE Transactions on Wireless Communications', 33000);
insert into academyworker values (44466,'Menachem', 'West', 'Sales', 'ISPRS Journal of Photogrammetry and Remote Sensing', 46000);
insert into academyworker values (46337,'Chanelle', 'Duarte', 'Publisher', 'Information Fusion', 60000);
insert into academyworker values (47133,'Adnaan', 'Morley', 'Web Management', 'Information Systems Research', 46000);
insert into academyworker values (48147,'Sorcha', 'Burn', 'Financial', 'Information and Organization', 54000);
insert into academyworker values (43631,'Shereen', 'Ponce', 'Financial', 'International Journal of Computer Vision', 42000);
insert into academyworker values (43901,'Torin', 'Duncan', 'Contract', 'International Journal of Information Management', 38000);
insert into academyworker values (42894,'Rylee', 'Escobar', 'Contract', 'Internet and Higher Education', 39000);
insert into academyworker values (46510,'Olivia', 'Pitts', 'Sales', 'Journal of Management Information Systems', 56000);
insert into academyworker values (40541,'Trystan', 'Gilbert', 'Financial', 'Journal of Service Research', 55000);
insert into academyworker values (40045,'Bryce', 'Mayer', 'Publisher', 'Journal of Strategic Information Systems', 56000);
insert into academyworker values (49362,'Ariel', 'Campos', 'Financial', 'MIS Quarterly: Management Information Systems', 42000);
insert into academyworker values (46091,'Nana', 'Cook', 'Publisher', 'Molecular Systems Biology', 50000);
insert into academyworker values (49972,'Ravi', 'Bullock', 'Marketing', 'Radiology: Artificial Intelligence', 59000);
insert into academyworker values (40153,'Izabella', 'Finnegan', 'Marketing', 'Wiley Interdisciplinary Reviews: Computational Molecular Science', 55000);
insert into academyworker values (44190,'Jem', 'Guevara', 'Web Management', 'ACM Computing Surveys', 60000);
insert into academyworker values (41545,'Reid', 'Zavala', 'Contract', 'ACM Transactions on Graphics', 63000);
insert into academyworker values (41247,'Shania', 'Boyle', 'Publisher', 'Advances in Computers', 50000);
insert into academyworker values (43781,'Dougie', 'Sweeney', 'Publisher', 'Foundations and Trends in Machine Learning', 48000);
insert into academyworker values (45104,'Umar', 'Sutherland', 'Contract', 'IEEE Communications Magazine', 40000);
insert into academyworker values (40638,'Cassandra', 'Rivera', 'Web Management', 'IEEE Computational Intelligence Magazine', 33000);
insert into academyworker values (44989,'Ivy', 'Cleveland', 'Financial', 'IEEE Internet of Things Journal', 37000);
insert into academyworker values (45504,'Rikesh', 'Cooper', 'Sales', 'IEEE Journal on Selected Areas in Communications', 34000);
insert into academyworker values (44159,'Hina', 'Raymond', 'Publisher', 'IEEE Transactions on Automatic Control', 46000);
insert into academyworker values (47114,'Jun', 'Mansell', 'Contract', 'IEEE Transactions on Evolutionary Computation', 44000);
insert into academyworker values (43202,'Melanie', 'Bowman', 'Web Management', 'IEEE Transactions on Fuzzy Systems', 64000);
insert into academyworker values (46824,'Sana', 'Mccann', 'Contract', 'IEEE Transactions on Pattern Analysis and Machine Intelligence', 62000);
insert into academyworker values (45202,'Clementine', 'Hall', 'Contract', 'IEEE Transactions on Robotics', 39000);
insert into academyworker values (45392,'Addie', 'Fraser', 'Contract', 'IEEE Transactions on Smart Grid', 33000);
insert into academyworker values (47985,'Hester', 'Huber', 'Financial', 'IEEE Transactions on Systems, Man, and Cybernetics: Systems', 62000);
insert into academyworker values (42521,'Anisha', 'Hess', 'Contract', 'IEEE Transactions on Wireless Communications', 54000);
insert into academyworker values (47801,'Iman', 'Magana', 'Financial', 'ISPRS Journal of Photogrammetry and Remote Sensing', 51000);
insert into academyworker values (40796,'Quinn', 'Cannon', 'Publisher', 'Information Fusion', 41000);
insert into academyworker values (49097,'Count', 'cannot', 'Sales', 'Information Systems Research', 63000);
insert into academyworker values (47818,'Jake', 'James', 'Sales', 'Information and Organization', 58000);
insert into academyworker values (43984,'Maizie', 'Hussain', 'Sales', 'International Journal of Computer Vision', 63000);
insert into academyworker values (40701,'Dione', 'Mellor', 'Publisher', 'International Journal of Information Management', 42000);
insert into academyworker values (40191,'Harley', 'Roche', 'Contract', 'Internet and Higher Education', 56000);
insert into academyworker values (47657,'Henri', 'Conroy', 'Publisher', 'Journal of Management Information Systems', 45000);
insert into academyworker values (48196,'Malaikah', 'Johns', 'Marketing', 'Journal of Service Research', 56000);
insert into academyworker values (43681,'Cohen', 'Parkinson', 'Contract', 'Journal of Strategic Information Systems', 47000);
insert into academyworker values (46555,'Kylie', 'Wheeler', 'Sales', 'MIS Quarterly: Management Information Systems', 59000);
insert into academyworker values (46192,'Jaxon', 'Steadman', 'Publisher', 'Molecular Systems Biology', 46000);
insert into academyworker values (42901,'Cataleya', 'Le', 'Web Management', 'Radiology: Artificial Intelligence', 53000);
insert into academyworker values (47441,'Amaya', 'Quinn', 'Contract', 'Wiley Interdisciplinary Reviews: Computational Molecular Science', 50000);
insert into academyworker values (42147,'Karl', 'Haley', 'Contract', 'ACM Computing Surveys', 34000);
insert into academyworker values (41170,'Aminah', 'Rosas', 'Web Management', 'ACM Transactions on Graphics', 61000);
insert into academyworker values (46568,'Emil', 'Riddle', 'Web Management', 'Advances in Computers', 45000);
insert into academyworker values (47192,'Ashleigh', 'Williamson', 'Web Management', 'Foundations and Trends in Machine Learning', 41000);
insert into academyworker values (46367,'Katey', 'Goldsmith', 'Sales', 'IEEE Communications Magazine', 43000);
insert into academyworker values (41105,'Elsie-Rose', 'Harmon', 'Web Management', 'IEEE Computational Intelligence Magazine', 61000);
insert into academyworker values (49140,'Iris', 'Wyatt', 'Web Management', 'IEEE Internet of Things Journal', 64000);
insert into academyworker values (42816,'Arabella', 'Wilson', 'Web Management', 'IEEE Journal on Selected Areas in Communications', 44000);
insert into academyworker values (44362,'Isis', 'Hamer', 'Publisher', 'IEEE Transactions on Automatic Control', 41000);
insert into academyworker values (48120,'Penny', 'Macgregor', 'Contract', 'IEEE Transactions on Evolutionary Computation', 46000);
insert into academyworker values (40165,'Emmie', 'Barry', 'Contract', 'IEEE Transactions on Fuzzy Systems', 58000);
insert into academyworker values (40175,'Kaira', 'Rodriguez', 'Sales', 'IEEE Transactions on Pattern Analysis and Machine Intelligence', 38000);
insert into academyworker values (43758,'Riyad', 'Dunne', 'Publisher', 'IEEE Transactions on Robotics', 34000);
insert into academyworker values (47179,'Regina', 'Mccarty', 'Financial', 'IEEE Transactions on Smart Grid', 57000);
insert into academyworker values (48761,'Mateusz', 'Mercado', 'Contract', 'IEEE Transactions on Systems, Man, and Cybernetics: Systems', 44000);
insert into academyworker values (41572,'Ariah', 'Kay', 'Contract', 'IEEE Transactions on Wireless Communications', 56000);
insert into academyworker values (43398,'Zackery', 'Atkins', 'Contract', 'ISPRS Journal of Photogrammetry and Remote Sensing', 53000);
insert into academyworker values (44851,'Miguel', 'Hopkins', 'Financial', 'Information Fusion', 58000);
insert into academyworker values (49187,'Jeevan', 'Wang', 'Web Management', 'Information Systems Research', 53000);
insert into academyworker values (42286,'Hamid', 'Kline', 'Contract', 'Information and Organization', 64000);
insert into academyworker values (40402,'Tobi', 'Rahman', 'Marketing', 'International Journal of Computer Vision', 31000);
insert into academyworker values (40992,'Aya', 'Slater', 'Sales', 'International Journal of Information Management', 63000);
insert into academyworker values (44799,'Maureen', 'Lowery', 'Sales', 'Internet and Higher Education', 39000);
insert into academyworker values (49456,'Vinay', 'Kenny', 'Financial', 'Journal of Management Information Systems', 58000);
insert into academyworker values (49075,'Yasin', 'Collins', 'Marketing', 'Journal of Service Research', 59000);
insert into academyworker values (40547,'Maxwell', 'Berger', 'Financial', 'Journal of Strategic Information Systems', 55000);
insert into academyworker values (42099,'Kierran', 'Cross', 'Publisher', 'MIS Quarterly: Management Information Systems', 52000);
insert into academyworker values (42851,'Husna', 'Timms', 'Marketing', 'Molecular Systems Biology', 37000);
insert into academyworker values (41001,'Savannah', 'Schwartz', 'Contract', 'Radiology: Artificial Intelligence', 32000);
insert into academyworker values (42489,'Komal', 'Farrell', 'Marketing', 'Wiley Interdisciplinary Reviews: Computational Molecular Science', 31000);
insert into academyworker values (49590,'Hettie', 'OSullivan', 'Contract', 'ACM Computing Surveys', 53000);
insert into academyworker values (43611,'Lillie', 'Bloom', 'Web Management', 'ACM Transactions on Graphics', 37000);
insert into academyworker values (49085,'Ashlea', 'Penn', 'Sales', 'Advances in Computers', 48000);
insert into academyworker values (40097,'Eamonn', 'Stamp', 'Financial', 'Foundations and Trends in Machine Learning', 33000);
insert into academyworker values (46820,'Hira', 'Quintana', 'Contract', 'IEEE Communications Magazine', 30000);
insert into academyworker values (42900,'Elize', 'Hawes', 'Publisher', 'IEEE Computational Intelligence Magazine', 49000);
insert into academyworker values (42759,'Carmen', 'Hines', 'Publisher', 'IEEE Internet of Things Journal', 45000);
insert into academyworker values (48266,'Amira', 'Brandt', 'Contract', 'IEEE Journal on Selected Areas in Communications', 53000);
insert into academyworker values (46528,'Riccardo', 'Lindsey', 'Contract', 'IEEE Transactions on Automatic Control', 56000);
insert into academyworker values (44433,'Riley-Jay', 'Cartwright', 'Marketing', 'IEEE Transactions on Evolutionary Computation', 41000);
insert into academyworker values (42703,'Silas', 'Hagan', 'Financial', 'IEEE Transactions on Fuzzy Systems', 38000);
insert into academyworker values (49260,'Fahmida', 'Cherry', 'Publisher', 'IEEE Transactions on Pattern Analysis and Machine Intelligence', 33000);
insert into academyworker values (43866,'Melinda', 'Olsen', 'Publisher', 'IEEE Transactions on Robotics', 47000);
insert into academyworker values (43230,'Fabian', 'Mendez', 'Publisher', 'IEEE Transactions on Smart Grid', 55000);
insert into academyworker values (43946,'Fynley', 'Duke', 'Financial', 'IEEE Transactions on Systems, Man, and Cybernetics: Systems', 51000);
insert into academyworker values (46381,'Taliah', 'Livingston', 'Marketing', 'IEEE Transactions on Wireless Communications', 63000);
insert into academyworker values (48737,'Darren', 'Hodson', 'Web Management', 'ISPRS Journal of Photogrammetry and Remote Sensing', 33000);
insert into academyworker values (42652,'Kaydon', 'Driscoll', 'Contract', 'Information Fusion', 35000);
insert into academyworker values (48150,'Tanner', 'Matthews', 'Marketing', 'Information Systems Research', 55000);
insert into academyworker values (46255,'Alessandro', 'Alvarez', 'Financial', 'Information and Organization', 42000);
insert into academyworker values (47650,'Jethro', 'Carney', 'Contract', 'International Journal of Computer Vision', 44000);
insert into academyworker values (47070,'Kane', 'Bright', 'Publisher', 'International Journal of Information Management', 36000);
insert into academyworker values (49468,'Atlas', 'Whyte', 'Sales', 'Internet and Higher Education', 54000);
insert into academyworker values (42358,'Vincent', 'Strong', 'Contract', 'Journal of Management Information Systems', 36000);
insert into academyworker values (42731,'Finnley', 'Pitt', 'Financial', 'Journal of Service Research', 62000);
insert into academyworker values (48621,'Tre', 'Martins', 'Publisher', 'Journal of Strategic Information Systems', 32000);
insert into academyworker values (42658,'Sana', 'Frame', 'Web Management', 'MIS Quarterly: Management Information Systems', 61000);
insert into academyworker values (41067,'Scott', 'Sanchez', 'Web Management', 'Molecular Systems Biology', 41000);
insert into academyworker values (44299,'Selena', 'Medrano', 'Web Management', 'Radiology: Artificial Intelligence', 30000);
insert into academyworker values (46804,'Random', 'Names', 'Marketing', 'Wiley Interdisciplinary Reviews: Computational Molecular Science', 37000);
insert into academyworker values (46403,'Craig', 'Blanchard', 'Sales', 'ACM Computing Surveys', 42000);
insert into academyworker values (46268,'Korben', 'Appleton', 'Financial', 'ACM Transactions on Graphics', 48000);
insert into academyworker values (40674,'Abubakr', 'Curry', 'Financial', 'Advances in Computers', 45000);
insert into academyworker values (45248,'Reo', 'Alston', 'Web Management', 'Foundations and Trends in Machine Learning', 54000);
insert into academyworker values (44247,'Maha', 'Greenwood', 'Contract', 'IEEE Communications Magazine', 50000);
insert into academyworker values (43829,'Sarina', 'Mcgill', 'Publisher', 'IEEE Computational Intelligence Magazine', 38000);
insert into academyworker values (44274,'Tayler', 'Mair', 'Financial', 'IEEE Internet of Things Journal', 43000);
insert into academyworker values (42693,'Nevaeh', 'Lin', 'Publisher', 'IEEE Journal on Selected Areas in Communications', 62000);
insert into academyworker values (45968,'Tommy', 'Mcphee', 'Financial', 'IEEE Transactions on Automatic Control', 43000);
insert into academyworker values (40895,'Bogdan', 'Nairn', 'Web Management', 'IEEE Transactions on Evolutionary Computation', 57000);
insert into academyworker values (41951,'Fahmida', 'Wilson', 'Sales', 'IEEE Transactions on Fuzzy Systems', 39000);
insert into academyworker values (46908,'Kristina', 'Patterson', 'Sales', 'IEEE Transactions on Pattern Analysis and Machine Intelligence', 30000);
insert into academyworker values (46400,'Jaxson', 'Dickinson', 'Publisher', 'IEEE Transactions on Robotics', 40000);
insert into academyworker values (44866,'Paddy', 'Scott', 'Web Management', 'IEEE Transactions on Smart Grid', 51000);
insert into academyworker values (44780,'Edison', 'Holman', 'Marketing', 'IEEE Transactions on Systems, Man, and Cybernetics: Systems', 40000);
insert into academyworker values (47076,'Ansh', 'Ponce', 'Web Management', 'IEEE Transactions on Wireless Communications', 49000);
insert into academyworker values (40917,'Ira', 'Bob', 'Marketing', 'ISPRS Journal of Photogrammetry and Remote Sensing', 39000);
insert into academyworker values (44296,'Jean-Luc', 'James', 'Marketing', 'Information Fusion', 56000);
insert into academyworker values (40032,'Roseanna', 'Marsden', 'Sales', 'Information Systems Research', 32000);
insert into academyworker values (47619,'Ricky', 'Roth', 'Publisher', 'Information and Organization', 56000);
insert into academyworker values (48006,'Kennedy', 'Taylor', 'Marketing', 'International Journal of Computer Vision', 55000);
insert into academyworker values (49884,'Zidane', 'Mccann', 'Financial', 'International Journal of Information Management', 51000);
insert into academyworker values (47613,'Dane', 'Hibbert', 'Web Management', 'Internet and Higher Education', 49000);
insert into academyworker values (48143,'Ruth', 'Knott', 'Sales', 'Journal of Management Information Systems', 61000);
insert into academyworker values (40640,'Kobi', 'Roberson', 'Sales', 'Journal of Service Research', 35000);
insert into academyworker values (42430,'Ilayda', 'Moreno', 'Web Management', 'Journal of Strategic Information Systems', 47000);
insert into academyworker values (43849,'Jesus', 'Mcfarlane', 'Marketing', 'MIS Quarterly: Management Information Systems', 33000);
insert into academyworker values (44413,'Ravi', 'Avalos', 'Marketing', 'Molecular Systems Biology', 30000);
insert into academyworker values (40127,'Tonisha', 'Findlay', 'Financial', 'Radiology: Artificial Intelligence', 49000);
insert into academyworker values (41203,'Lori', 'Mcdowell', 'Sales', 'Wiley Interdisciplinary Reviews: Computational Molecular Science', 47000);
insert into academyworker values (44008,'Graham', 'Richard', 'Publisher', 'ACM Computing Surveys', 44000);
insert into academyworker values (43489,'Leona', 'Fields', 'Marketing', 'ACM Transactions on Graphics', 53000);
insert into academyworker values (41497,'Izabela', 'Pearson', 'Marketing', 'Advances in Computers', 47000);
insert into academyworker values (41995,'Brooke', 'Croft', 'Publisher', 'Foundations and Trends in Machine Learning', 64000);
insert into academyworker values (48039,'Nadeem', 'Middleton', 'Contract', 'IEEE Communications Magazine', 58000);
insert into academyworker values (49206,'Luther', 'Wheatley', 'Publisher', 'IEEE Computational Intelligence Magazine', 64000);
insert into academyworker values (45642,'Montell', 'Hammond', 'Marketing', 'IEEE Internet of Things Journal', 52000);
insert into academyworker values (40157,'Freyja', 'Bostock', 'Marketing', 'IEEE Journal on Selected Areas in Communications', 45000);
insert into academyworker values (49650,'Gabija', 'Prosser', 'Publisher', 'IEEE Transactions on Automatic Control', 62000);
insert into academyworker values (46664,'Falak', 'Watts', 'Publisher', 'IEEE Transactions on Evolutionary Computation', 45000);
insert into academyworker values (47836,'Tanya', 'Pate', 'Publisher', 'IEEE Transactions on Fuzzy Systems', 63000);
insert into academyworker values (41506,'Clarissa', 'Trujillo', 'Sales', 'IEEE Transactions on Pattern Analysis and Machine Intelligence', 64000);
insert into academyworker values (47296,'Alaw', 'Mcleod', 'Contract', 'IEEE Transactions on Robotics', 48000);
insert into academyworker values (45148,'Oluwatobiloba', 'Santos', 'Publisher', 'IEEE Transactions on Smart Grid', 41000);
insert into academyworker values (49744,'Mustafa', 'Fowler', 'Web Management', 'IEEE Transactions on Systems, Man, and Cybernetics: Systems', 59000);
insert into academyworker values (45233,'Rikesh', 'Cobb', 'Publisher', 'IEEE Transactions on Wireless Communications', 54000);
insert into academyworker values (40724,'Zander', 'Dotson', 'Contract', 'ISPRS Journal of Photogrammetry and Remote Sensing', 56000);
insert into academyworker values (47624,'Nabilah', 'Frame', 'Contract', 'Information Fusion', 49000);
insert into academyworker values (40251,'Deon', 'Chaney', 'Publisher', 'Information Systems Research', 30000);
insert into academyworker values (47630,'Lillian', 'Curran', 'Publisher', 'Information and Organization', 44000);
insert into academyworker values (49831,'Gracie', 'Holmes', 'Contract', 'International Journal of Computer Vision', 46000);
insert into academyworker values (44630,'Mike', 'Trevino', 'Marketing', 'International Journal of Information Management', 57000);
insert into academyworker values (47028,'Kendall', 'Wyatt', 'Marketing', 'Internet and Higher Education', 43000);
insert into academyworker values (42206,'Isla-Mae', 'Cullen', 'Publisher', 'Journal of Management Information Systems', 58000);
insert into academyworker values (44673,'Jannah', 'Hendrix', 'Financial', 'Journal of Service Research', 63000);
insert into academyworker values (43240,'Muhamed', 'Byrd', 'Marketing', 'Journal of Strategic Information Systems', 44000);
insert into academyworker values (46789,'Izaan', 'George', 'Publisher', 'MIS Quarterly: Management Information Systems', 61000);
insert into academyworker values (42672,'Cecilia', 'Carroll', 'Contract', 'Molecular Systems Biology', 53000);
insert into academyworker values (46458,'Bethany', 'Avery', 'Web Management', 'Radiology: Artificial Intelligence', 30000);
insert into academyworker values (42352,'Zahara', 'Hernandez', 'Publisher', 'Wiley Interdisciplinary Reviews: Computational Molecular Science', 50000);
insert into academyworker values (45097,'Jimmy', 'Holcomb', 'Web Management', 'ACM Computing Surveys', 46000);
insert into academyworker values (46750,'Dougie', 'Harrell', 'Financial', 'ACM Transactions on Graphics', 55000);
insert into academyworker values (47860,'Cobie', 'Goldsmith', 'Marketing', 'Advances in Computers', 44000);
insert into academyworker values (48416,'Courteney', 'Ali', 'Marketing', 'Foundations and Trends in Machine Learning', 39000);
insert into academyworker values (41183,'Ezmae', 'Connolly', 'Web Management', 'IEEE Communications Magazine', 40000);
insert into academyworker values (40478,'Sahara', 'Hodges', 'Publisher', 'IEEE Computational Intelligence Magazine', 56000);
insert into academyworker values (48474,'Oriana', 'Singh', 'Sales', 'IEEE Internet of Things Journal', 60000);
insert into academyworker values (49422,'Zaara', 'Gould', 'Marketing', 'IEEE Journal on Selected Areas in Communications', 39000);
insert into academyworker values (42957,'Shay', 'Robins', 'Contract', 'IEEE Transactions on Automatic Control', 32000);
insert into academyworker values (40860,'Ephraim', 'Andrade', 'Web Management', 'IEEE Transactions on Evolutionary Computation', 33000);
insert into academyworker values (42589,'Caolan', 'Mclean', 'Web Management', 'IEEE Transactions on Fuzzy Systems', 42000);
insert into academyworker values (45039,'Joey', 'Hills', 'Sales', 'IEEE Transactions on Pattern Analysis and Machine Intelligence', 45000);
insert into academyworker values (47910,'Rafael', 'Potts', 'Sales', 'IEEE Transactions on Robotics', 46000);
insert into academyworker values (41887,'Sadiyah', 'Mora', 'Financial', 'IEEE Transactions on Smart Grid', 53000);
insert into academyworker values (48920,'Conna', 'Booker', 'Web Management', 'IEEE Transactions on Systems, Man, and Cybernetics: Systems', 50000);
insert into academyworker values (43502,'Angelica', 'Ahmad', 'Marketing', 'IEEE Transactions on Wireless Communications', 35000);
insert into academyworker values (44316,'Rehan', 'Green', 'Financial', 'ISPRS Journal of Photogrammetry and Remote Sensing', 36000);
insert into academyworker values (48146,'Marcus', 'Workman', 'Publisher', 'Information Fusion', 39000);
insert into academyworker values (40681,'Elsie', 'Hardin', 'Web Management', 'Information Systems Research', 53000);
insert into academyworker values (40410,'Alessandro', 'Lees', 'Contract', 'Information and Organization', 47000);
insert into academyworker values (40588,'Aneurin', 'Irwin', 'Contract', 'International Journal of Computer Vision', 50000);
insert into academyworker values (49508,'Princess', 'Walton', 'Contract', 'International Journal of Information Management', 37000);
insert into academyworker values (45576,'Murat', 'Faulkner', 'Financial', 'Internet and Higher Education', 39000);
insert into academyworker values (44026,'Malachy', 'Dudley', 'Web Management', 'Journal of Management Information Systems', 31000);
insert into academyworker values (43458,'Elana', 'Sanders', 'Sales', 'Journal of Service Research', 58000);
insert into academyworker values (43687,'Brittany', 'Mcfarland', 'Publisher', 'Journal of Strategic Information Systems', 57000);
insert into academyworker values (43070,'Autumn', 'Abbott', 'Marketing', 'MIS Quarterly: Management Information Systems', 60000);
insert into academyworker values (43537,'Eleasha', 'Whittle', 'Web Management', 'Molecular Systems Biology', 64000);
insert into academyworker values (43904,'Saira', 'Dodson', 'Marketing', 'Radiology: Artificial Intelligence', 63000);
insert into academyworker values (42294,'Raveena', 'Hogan', 'Marketing', 'Wiley Interdisciplinary Reviews: Computational Molecular Science', 36000);
insert into academyworker values (41595,'Laurence', 'Johnston', 'Contract', 'ACM Computing Surveys', 43000);
insert into academyworker values (44402,'Aine', 'Hulme', 'Contract', 'ACM Transactions on Graphics', 40000);
insert into academyworker values (44502,'Callen', 'Krause', 'Marketing', 'Advances in Computers', 56000);
insert into academyworker values (49723,'Abdallah', 'Hope', 'Marketing', 'Foundations and Trends in Machine Learning', 41000);
insert into academyworker values (46444,'Esmae', 'Gentry', 'Marketing', 'IEEE Communications Magazine', 49000);
insert into academyworker values (43500,'Leon', 'Hoover', 'Marketing', 'IEEE Computational Intelligence Magazine', 64000);
insert into academyworker values (46514,'Coen', 'Floyd', 'Web Management', 'IEEE Internet of Things Journal', 36000);
insert into academyworker values (43861,'Lorelei', 'Terry', 'Web Management', 'IEEE Journal on Selected Areas in Communications', 35000);
insert into academyworker values (42660,'Miah', 'Cherry', 'Contract', 'IEEE Transactions on Automatic Control', 39000);
insert into academyworker values (41188,'Maciej', 'Adkins', 'Contract', 'IEEE Transactions on Evolutionary Computation', 36000);
insert into academyworker values (46414,'Penelope', 'Lopez', 'Contract', 'IEEE Transactions on Fuzzy Systems', 38000);
insert into academyworker values (41462,'Corey', 'Holcomb', 'Sales', 'IEEE Transactions on Pattern Analysis and Machine Intelligence', 64000);
insert into academyworker values (42612,'Burhan', 'Barker', 'Publisher', 'IEEE Transactions on Robotics', 46000);
insert into academyworker values (46805,'Eoghan', 'Kline', 'Financial', 'IEEE Transactions on Smart Grid', 53000);
insert into academyworker values (48059,'Mert', 'Moore', 'Publisher', 'IEEE Transactions on Systems, Man, and Cybernetics: Systems', 58000);
insert into academyworker values (41753,'Avleen', 'Hunt', 'Contract', 'IEEE Transactions on Wireless Communications', 48000);
insert into academyworker values (48155,'Juno', 'Webber', 'Marketing', 'ISPRS Journal of Photogrammetry and Remote Sensing', 31000);
insert into academyworker values (42919,'Joseph', 'Cummings', 'Web Management', 'Information Fusion', 34000);
insert into academyworker values (42116,'Pooja', 'Corbett', 'Financial', 'Information Systems Research', 58000);
insert into academyworker values (49212,'Anabelle', 'Brennan', 'Sales', 'Information and Organization', 43000);
insert into academyworker values (41604,'Ilayda', 'Medrano', 'Sales', 'International Journal of Computer Vision', 48000);
insert into academyworker values (44685,'Flora', 'Calhoun', 'Marketing', 'International Journal of Information Management', 64000);
insert into academyworker values (47806,'Aditi', 'Hartman', 'Publisher', 'Internet and Higher Education', 60000);
insert into academyworker values (43034,'Valentino', 'Whitney', 'Web Management', 'Journal of Management Information Systems', 58000);
insert into academyworker values (40421,'Alishia', 'Drew', 'Sales', 'Journal of Service Research', 44000);
insert into academyworker values (43188,'Norah', 'Crane', 'Financial', 'Journal of Strategic Information Systems', 50000);
insert into academyworker values (43129,'Kyla', 'Austin', 'Contract', 'MIS Quarterly: Management Information Systems', 33000);
insert into academyworker values (42796,'Yasmine', 'Oliver', 'Web Management', 'Molecular Systems Biology', 61000);
insert into academyworker values (40657,'Izaac', 'Chang', 'Marketing', 'Radiology: Artificial Intelligence', 48000);
insert into academyworker values (40140,'Keyan', 'Sparrow', 'Contract', 'Wiley Interdisciplinary Reviews: Computational Molecular Science', 62000);
insert into academyworker values (44358,'Maya', 'Juarez', 'Sales', 'ACM Computing Surveys', 63000);
insert into academyworker values (49680,'Mahad', 'Parkes', 'Financial', 'ACM Transactions on Graphics', 50000);
insert into academyworker values (48412,'Robert', 'Dalby', 'Web Management', 'Advances in Computers', 36000);
insert into academyworker values (44143,'Joanne', 'Li', 'Publisher', 'Foundations and Trends in Machine Learning', 33000);
insert into academyworker values (47700,'Bert', 'Kennedy', 'Sales', 'IEEE Communications Magazine', 34000);
insert into academyworker values (44706,'Linzi', 'Tomlinson', 'Publisher', 'IEEE Computational Intelligence Magazine', 39000);
insert into academyworker values (47513,'Nial', 'Huffman', 'Publisher', 'IEEE Internet of Things Journal', 48000);
insert into academyworker values (43462,'Kamila', 'Mckee', 'Publisher', 'IEEE Journal on Selected Areas in Communications', 34000);
insert into academyworker values (41439,'Kelis', 'Andrew', 'Marketing', 'IEEE Transactions on Automatic Control', 55000);
insert into academyworker values (41683,'Dania', 'Dunlap', 'Financial', 'IEEE Transactions on Evolutionary Computation', 57000);




-- author
insert into author values (56120, 'Ashraf', 'Blake');
insert into degree values (56120, 'B.S. Shanghai Jiao Tong University');
insert into degree values (56120, 'M.S. Shanghai Jiao Tong University');
insert into degree values (56120, 'Ph.D. Shanghai Jiao Tong University');
insert into author values (59904, 'Marwah', 'Dixon');
insert into degree values (59904, 'B.S. University of California, Los Angeles (UCLA)');
insert into degree values (59904, 'M.S. University of Tokyo');
insert into degree values (59904, 'Ph.D. University of British Columbia');
insert into author values (58372, 'Kinga', 'Snyder');
insert into degree values (58372, 'B.S. Brown University');
insert into degree values (58372, 'M.S. Princeton University');
insert into degree values (58372, 'Ph.D. Tsinghua University');
insert into author values (59853, 'Eleasha', 'Chase');
insert into degree values (59853, 'B.S. University of Auckland');
insert into degree values (59853, 'M.S. University of Auckland');
insert into degree values (59853, 'Ph.D. University of Auckland');
insert into author values (55657, 'Vanessa', 'Wood');
insert into degree values (55657, 'B.S. University of Wisconsin-Madison');
insert into degree values (55657, 'M.S. University of Wisconsin-Madison');
insert into author values (51858, 'Harvie', 'Ingram');
insert into degree values (51858, 'B.S. Hong Kong Polytechnic University');
insert into degree values (51858, 'M.S. Hong Kong Polytechnic University');
insert into author values (54620, 'Zahrah', 'Dillon');
insert into degree values (54620, 'B.S. Massachusetts Institute of Technology (MIT)');
insert into degree values (54620, 'M.S. Massachusetts Institute of Technology (MIT)');
insert into author values (55732, 'Ceri', 'Hoover');
insert into degree values (55732, 'B.S. University of Illinois at Urbana-Champaign');
insert into degree values (55732, 'M.S. KAIST - Korea Advanced Institute of Science and Technology');
insert into degree values (55732, 'Ph.D. University of Illinois at Urbana-Champaign');
insert into author values (56638, 'Juliette', 'Harrison');
insert into degree values (56638, 'B.S. Monash University');
insert into author values (52573, 'Liyah', 'Thornton');
insert into degree values (52573, 'B.S. University of Edinburgh');
insert into degree values (52573, 'M.S. Massachusetts Institute of Technology (MIT)');
insert into degree values (52573, 'Ph.D. Hong Kong University of Science and Technology (HKUST)');
insert into author values (52658, 'Rylan', 'Reilly');
insert into degree values (52658, 'B.S. Hong Kong University of Science and Technology (HKUST)');
insert into degree values (52658, 'M.S. Institut Polytechnique de Paris');
insert into degree values (52658, 'Ph.D. University of Chicago');
insert into author values (52364, 'Zoha', 'Esparza');
insert into degree values (52364, 'B.S. University of Bristol');
insert into degree values (52364, 'M.S. University of Bristol');
insert into author values (58823, 'Ayat', 'Whitehead');
insert into degree values (58823, 'B.S. McGill University');
insert into degree values (58823, 'M.S. University of Texas at Austin');
insert into author values (51121, 'Haley', 'Buckley');
insert into degree values (51121, 'B.S. University of Cambridge');
insert into author values (53981, 'Sacha', 'Dickerson');
insert into degree values (53981, 'B.S. Massachusetts Institute of Technology (MIT)');
insert into degree values (53981, 'M.S. Massachusetts Institute of Technology (MIT)');
insert into author values (51950, 'Cleveland', 'Price');
insert into degree values (51950, 'B.S. University of Science and Technology of China');
insert into degree values (51950, 'M.S. Yonsei University');
insert into author values (52110, 'Lynda', 'Morgan');
insert into degree values (52110, 'B.S. Carnegie Mellon University');
insert into author values (55630, 'Marisa', 'Mclean');
insert into degree values (55630, 'B.S. Korea University');
insert into degree values (55630, 'M.S. University of Copenhagen');
insert into author values (54981, 'Kellan', 'Patrick');
insert into degree values (54981, 'B.S. Ludwig-Maximilians-Universität München');
insert into author values (50588, 'Taio', 'Schroeder');
insert into degree values (50588, 'B.S. National University of Singapore (NUS)');
insert into degree values (50588, 'M.S. National University of Singapore (NUS)');
insert into degree values (50588, 'Ph.D. National University of Singapore (NUS)');
insert into author values (57484, 'Declan', 'Beard');
insert into degree values (57484, 'B.S. Peking University');
insert into degree values (57484, 'M.S. University of British Columbia');
insert into author values (50581, 'Kamile', 'Ridley');
insert into degree values (50581, 'B.S. Seoul National University');
insert into degree values (50581, 'M.S. Seoul National University');
insert into author values (54470, 'Elisa', 'Finch');
insert into degree values (54470, 'B.S. University of British Columbia');
insert into author values (54767, 'Meg', 'Hayden');
insert into degree values (54767, 'B.S. Lund University');
insert into author values (56220, 'Sophie', 'Vega');
insert into degree values (56220, 'B.S. Princeton University');
insert into author values (58697, 'Magdalena', 'Morton');
insert into degree values (58697, 'B.S. University of Queensland');
insert into degree values (58697, 'M.S. University of Queensland');
insert into author values (57133, 'Millie-Rose', 'Reader');
insert into degree values (57133, 'B.S. University of Tokyo');
insert into degree values (57133, 'M.S. Georgia Institute of Technology');
insert into author values (58576, 'Danish', 'Gentry');
insert into degree values (58576, 'B.S. Australian National University');
insert into degree values (58576, 'M.S. Universidad de Buenos Aires (UBA)');
insert into author values (51539, 'Count', 'cannot');
insert into degree values (51539, 'B.S. Pennsylvania State University');
insert into degree values (51539, 'M.S. University of Southampton');
insert into degree values (51539, 'Ph.D. Shanghai Jiao Tong University');
insert into author values (52653, 'Maisha', 'Bate');
insert into degree values (52653, 'B.S. Seoul National University');
insert into author values (55193, 'Guto', 'Avery');
insert into degree values (55193, 'B.S. University of Copenhagen');
insert into author values (56330, 'Fay', 'Wilde');
insert into degree values (56330, 'B.S. Pohang University of Science and Technology (POSTECH)');
insert into degree values (56330, 'M.S. Pohang University of Science and Technology (POSTECH)');
insert into degree values (56330, 'Ph.D. Pohang University of Science and Technology (POSTECH)');
insert into author values (51046, 'Ellie-Mae', 'Todd');
insert into degree values (51046, 'B.S. KAIST - Korea Advanced Institute of Science and Technology');
insert into degree values (51046, 'M.S. University of Warwick');
insert into author values (57788, 'Yehuda', 'Lowery');
insert into degree values (57788, 'B.S. University of Amsterdam');
insert into degree values (57788, 'M.S. Duke University');
insert into degree values (57788, 'Ph.D. University of Copenhagen');
insert into author values (53178, 'Ayisha', 'Croft');
insert into degree values (53178, 'B.S. City University of Hong Kong');
insert into degree values (53178, 'M.S. University of Wisconsin-Madison');
insert into author values (59140, 'Sofia', 'Hurley');
insert into degree values (59140, 'B.S. Fudan University');
insert into degree values (59140, 'M.S. Pennsylvania State University');
insert into degree values (59140, 'Ph.D. University of New South Wales (UNSW Sydney)');
insert into author values (51345, 'Isa', 'Couch');
insert into degree values (51345, 'B.S. University of New South Wales (UNSW Sydney)');
insert into degree values (51345, 'M.S. Lund University');
insert into author values (58272, 'Natalie', 'Head');
insert into degree values (58272, 'B.S. University of Wisconsin-Madison');
insert into author values (57356, 'Zahid', 'Mcdowell');
insert into degree values (57356, 'B.S. Pennsylvania State University');
insert into author values (54809, 'Jadon', 'Velez');
insert into degree values (54809, 'B.S. Massachusetts Institute of Technology (MIT)');
insert into degree values (54809, 'M.S. University of California, Berkeley (UCB)');
insert into author values (53097, 'Thomas', 'Dowling');
insert into degree values (53097, 'B.S. Brown University');
insert into author values (58340, 'Sioned', 'Pennington');
insert into degree values (58340, 'B.S. University of Chicago');
insert into degree values (58340, 'M.S. Carnegie Mellon University');
insert into author values (54817, 'Humayra', 'Mcfadden');
insert into degree values (54817, 'B.S. Princeton University');
insert into degree values (54817, 'M.S. Princeton University');
insert into degree values (54817, 'Ph.D. Princeton University');
insert into author values (56581, 'Arwa', 'Arellano');
insert into degree values (56581, 'B.S. University of Sheffield');
insert into degree values (56581, 'M.S. University of Sheffield');
insert into author values (56464, 'Martyna', 'Barber');
insert into degree values (56464, 'B.S. University of Chicago');
insert into author values (59541, 'Jethro', 'Riggs');
insert into degree values (59541, 'B.S. University of Melbourne');
insert into degree values (59541, 'M.S. London School of Economics and Political Science (LSE)');
insert into degree values (59541, 'Ph.D. University of Cambridge');
insert into author values (52131, 'Kaden', 'Stevens');
insert into degree values (52131, 'B.S. Universidad de Buenos Aires (UBA)');
insert into degree values (52131, 'M.S. Duke University');
insert into author values (54699, 'Sharmin', 'ONeill');
insert into degree values (54699, 'B.S. KTH Royal Institute of Technology');
insert into degree values (54699, 'M.S. Georgia Institute of Technology');
insert into author values (54603, 'Shayne', 'Preston');
insert into degree values (54603, 'B.S. Georgia Institute of Technology');
insert into degree values (54603, 'M.S. California Institute of Technology (Caltech)');
insert into degree values (54603, 'Ph.D. Yonsei University');
insert into author values (52209, 'Elinor', 'Skinner');
insert into degree values (52209, 'B.S. University of St Andrews');
insert into degree values (52209, 'M.S. Universite PSL');
insert into author values (58038, 'Maurice', 'Duran');
insert into degree values (58038, 'B.S. University of Birmingham');
insert into degree values (58038, 'M.S. Sorbonne University');
insert into author values (59379, 'Kali', 'Bradshaw');
insert into degree values (59379, 'B.S. Zhejiang University');
insert into degree values (59379, 'M.S. University of Toronto');
insert into degree values (59379, 'Ph.D. Fudan University');
insert into author values (59700, 'Sheena', 'Garrison');
insert into degree values (59700, 'B.S. Brown University');
insert into degree values (59700, 'M.S. University of Toronto');
insert into degree values (59700, 'Ph.D. Ruprecht-Karls-Universitat Heidelberg');
insert into author values (56480, 'Tiernan', 'Ireland');
insert into degree values (56480, 'B.S. Nanyang Technological University, Singapore (NTU)');
insert into degree values (56480, 'M.S. Princeton University');
insert into degree values (56480, 'Ph.D. University of Wisconsin-Madison');
insert into author values (56705, 'Breanna', 'Villalobos');
insert into degree values (56705, 'B.S. Nanyang Technological University, Singapore (NTU)');
insert into author values (52760, 'Blade', 'Dalton');
insert into degree values (52760, 'B.S. University of Hong Kong (UKU)');
insert into degree values (52760, 'M.S. Osaka University');
insert into degree values (52760, 'Ph.D. University of Western Australia');
insert into author values (54277, 'Tomi', 'Monroe');
insert into degree values (54277, 'B.S. University of British Columbia');
insert into degree values (54277, 'M.S. University of British Columbia');
insert into degree values (54277, 'Ph.D. University of British Columbia');
insert into author values (51043, 'Zohaib', 'Rosales');
insert into degree values (51043, 'B.S. University of Birmingham');
insert into author values (53777, 'Macauley', 'Craig');
insert into degree values (53777, 'B.S. University of Melbourne');
insert into degree values (53777, 'M.S. University of California, San Diego (UCSD)');
insert into degree values (53777, 'Ph.D. University of Illinois at Urbana-Champaign');
insert into author values (53115, 'Beau', 'Dodson');
insert into degree values (53115, 'B.S. University of Melbourne');
insert into degree values (53115, 'M.S. University of Melbourne');
insert into degree values (53115, 'Ph.D. University of Melbourne');
insert into author values (59579, 'Stefania', 'Summers');
insert into degree values (59579, 'B.S. University of Washington');
insert into degree values (59579, 'M.S. University of Washington');
insert into author values (55192, 'Ruth', 'Wolfe');
insert into degree values (55192, 'B.S. Tsinghua University');
insert into degree values (55192, 'M.S. University of British Columbia');
insert into author values (50499, 'Oscar', 'Beech');
insert into degree values (50499, 'B.S. Ruprecht-Karls-Universitat Heidelberg');
insert into degree values (50499, 'M.S. Lund University');
insert into degree values (50499, 'Ph.D. Universidad de Buenos Aires (UBA)');
insert into author values (55795, 'Izabel', 'Melia');
insert into degree values (55795, 'B.S. Cornell University');
insert into degree values (55795, 'M.S. Cornell University');
insert into degree values (55795, 'Ph.D. Cornell University');
insert into author values (51598, 'Chay', 'Amos');
insert into degree values (51598, 'B.S. Osaka University');
insert into degree values (51598, 'M.S. Osaka University');
insert into degree values (51598, 'Ph.D. Osaka University');
insert into author values (57763, 'Ignacy', 'Flower');
insert into degree values (57763, 'B.S. Institut Polytechnique de Paris');
insert into degree values (57763, 'M.S. Institut Polytechnique de Paris');
insert into degree values (57763, 'Ph.D. Institut Polytechnique de Paris');
insert into author values (50839, 'Jodi', 'Cohen');
insert into degree values (50839, 'B.S. University of Glasgow');
insert into author values (54320, 'Nour', 'Malone');
insert into degree values (54320, 'B.S. Technical University of Munich');
insert into author values (51213, 'Rohit', 'Wilks');
insert into degree values (51213, 'B.S. Sorbonne University');
insert into degree values (51213, 'M.S. Sorbonne University');
insert into author values (53745, 'Hira', 'Thorpe');
insert into degree values (53745, 'B.S. University of Pennsylvania');
insert into author values (58417, 'Talhah', 'Greig');
insert into degree values (58417, 'B.S. London School of Economics and Political Science (LSE)');
insert into degree values (58417, 'M.S. UCL (University College London)');
insert into author values (56640, 'Kia', 'Hussain');
insert into degree values (56640, 'B.S. Korea University');
insert into degree values (56640, 'M.S. Osaka University');
insert into author values (56434, 'Kenny', 'Bailey');
insert into degree values (56434, 'B.S. ETH Zurich (Swiss Federal Institute of Technology)');
insert into degree values (56434, 'M.S. ETH Zurich (Swiss Federal Institute of Technology)');
insert into degree values (56434, 'Ph.D. ETH Zurich (Swiss Federal Institute of Technology)');
insert into author values (54833, 'Fatimah', 'Aguilar');
insert into degree values (54833, 'B.S. University of Sydney');
insert into degree values (54833, 'M.S. University of Sydney');
insert into degree values (54833, 'Ph.D. University of Sydney');
insert into author values (57129, 'Eleanor', 'White');
insert into degree values (57129, 'B.S. California Institute of Technology (Caltech)');
insert into degree values (57129, 'M.S. California Institute of Technology (Caltech)');
insert into degree values (57129, 'Ph.D. California Institute of Technology (Caltech)');
insert into author values (56242, 'Azaan', 'Ramirez');
insert into degree values (56242, 'B.S. University of California, San Diego (UCSD)');
insert into author values (52872, 'Spike', 'Whitaker');
insert into degree values (52872, 'B.S. Tokyo Institute of Technology');
insert into degree values (52872, 'M.S. Tokyo Institute of Technology');
insert into author values (54572, 'Milli', 'Travers');
insert into degree values (54572, 'B.S. Johns Hopkins University');
insert into author values (51381, 'Sian', 'Stokes');
insert into degree values (51381, 'B.S. National Taiwan University (NTU)');
insert into author values (50705, 'Amiyah', 'Brett');
insert into degree values (50705, 'B.S. Johns Hopkins University');
insert into degree values (50705, 'M.S. Johns Hopkins University');
insert into author values (53534, 'Martin', 'Franco');
insert into degree values (53534, 'B.S. University of Pennsylvania');
insert into degree values (53534, 'M.S. University of New South Wales (UNSW Sydney)');
insert into degree values (53534, 'Ph.D. University of Auckland');
insert into author values (50279, 'Beatrix', 'Madden');
insert into degree values (50279, 'B.S. California Institute of Technology (Caltech)');
insert into degree values (50279, 'M.S. Fudan University');
insert into author values (53589, 'Juan', 'Hughes');
insert into degree values (53589, 'B.S. Delft University of Technology');
insert into degree values (53589, 'M.S. Delft University of Technology');
insert into degree values (53589, 'Ph.D. Delft University of Technology');
insert into author values (50409, 'Harpreet', 'Burch');
insert into degree values (50409, 'B.S. University of California, San Diego (UCSD)');
insert into degree values (50409, 'M.S. National Taiwan University (NTU)');
insert into author values (50620, 'Alima', 'OBrien');
insert into degree values (50620, 'B.S. Princeton University');
insert into author values (50718, 'Ted', 'Shelton');
insert into degree values (50718, 'B.S. Ludwig-Maximilians-Universität München');
insert into degree values (50718, 'M.S. Ludwig-Maximilians-Universität München');
insert into author values (50456, 'Iona', 'Liu');
insert into degree values (50456, 'B.S. University of Hong Kong (UKU)');
insert into degree values (50456, 'M.S. University of Hong Kong (UKU)');
insert into author values (50813, 'Henrietta', 'Leonard');
insert into degree values (50813, 'B.S. Tohoku University');
insert into degree values (50813, 'M.S. Tokyo Institute of Technology');
insert into author values (56949, 'Tanya', 'Simons');
insert into degree values (56949, 'B.S. Universiti Malaya (UM)');
insert into degree values (56949, 'M.S. Tokyo Institute of Technology');
insert into degree values (56949, 'Ph.D. Australian National University');
insert into author values (55409, 'Campbell', 'Mccullough');
insert into degree values (55409, 'B.S. Osaka University');
insert into degree values (55409, 'M.S. University of Manchester');
insert into author values (59723, 'Anastazja', 'Roth');
insert into degree values (59723, 'B.S. Carnegie Mellon University');
insert into author values (53979, 'Fenella', 'Short');
insert into degree values (53979, 'B.S. University of Copenhagen');
insert into degree values (53979, 'M.S. University of Copenhagen');
insert into author values (54511, 'Everly', 'Hyde');
insert into degree values (54511, 'B.S. University of Oxford');
insert into degree values (54511, 'M.S. Pennsylvania State University');
insert into degree values (54511, 'Ph.D. Chinese University of Hong Kong (CUHK)');
insert into author values (53153, 'Finn', 'Elliott');
insert into degree values (53153, 'B.S. Imperial College London');
insert into degree values (53153, 'M.S. Monash University');
insert into author values (50202, 'Evie-Rose', 'Gonzalez');
insert into degree values (50202, 'B.S. University of Oxford');
insert into degree values (50202, 'M.S. California Institute of Technology (Caltech)');
insert into degree values (50202, 'Ph.D. University of Science and Technology of China');
insert into author values (56468, 'Lawrence', 'Kaiser');
insert into degree values (56468, 'B.S. Brown University');
insert into degree values (56468, 'M.S. Brown University');
insert into degree values (56468, 'Ph.D. Brown University');
insert into author values (53924, 'Ebrahim', 'Joyce');
insert into degree values (53924, 'B.S. University of Michigan-Ann Arbor');
insert into degree values (53924, 'M.S. University of Oxford');
insert into author values (59837, 'Marcie', 'Jenkins');
insert into degree values (59837, 'B.S. Georgia Institute of Technology');
insert into degree values (59837, 'M.S. Georgia Institute of Technology');
insert into author values (53094, 'Micah', 'Battle');
insert into degree values (53094, 'B.S. University of Tokyo');
insert into author values (51344, 'Corrina', 'Keeling');
insert into degree values (51344, 'B.S. Duke University');
insert into degree values (51344, 'M.S. Ludwig-Maximilians-Universität München');
insert into degree values (51344, 'Ph.D. University of Manchester');
insert into author values (55779, 'Romana', 'Greenaway');
insert into degree values (55779, 'B.S. City University of Hong Kong');
insert into author values (58662, 'Kianna', 'Cochran');
insert into degree values (58662, 'B.S. Nanyang Technological University, Singapore (NTU)');
insert into degree values (58662, 'M.S. City University of Hong Kong');
insert into degree values (58662, 'Ph.D. University of Queensland');
insert into author values (52366, 'Uzair', 'Sparks');
insert into degree values (52366, 'B.S. Australian National University');
insert into degree values (52366, 'M.S. Universiti Malaya (UM)');
insert into degree values (52366, 'Ph.D. Yale University');
insert into author values (53213, 'Azra', 'Perry');
insert into degree values (53213, 'B.S. University of Glasgow');
insert into degree values (53213, 'M.S. Kyoto University');
insert into author values (56263, 'Leon', 'Lloyd');
insert into degree values (56263, 'B.S. Shanghai Jiao Tong University');
insert into degree values (56263, 'M.S. Shanghai Jiao Tong University');
insert into degree values (56263, 'Ph.D. Shanghai Jiao Tong University');
insert into author values (52594, 'Kady', 'Collier');
insert into degree values (52594, 'B.S. Universidad de Buenos Aires (UBA)');
insert into degree values (52594, 'M.S. Delft University of Technology');
insert into degree values (52594, 'Ph.D. Yonsei University');
insert into author values (55088, 'Ishika', 'Mcnally');
insert into degree values (55088, 'B.S. Zhejiang University');
insert into degree values (55088, 'M.S. Zhejiang University');
insert into author values (53390, 'Tara', 'Morse');
insert into degree values (53390, 'B.S. Nanyang Technological University, Singapore (NTU)');
insert into author values (56465, 'Yolanda', 'Walmsley');
insert into degree values (56465, 'B.S. University of Washington');
insert into degree values (56465, 'M.S. University of Washington');
insert into author values (59322, 'August', 'Blankenship');
insert into degree values (59322, 'B.S. City University of Hong Kong');
insert into degree values (59322, 'M.S. Tokyo Institute of Technology');
insert into degree values (59322, 'Ph.D. McGill University');
insert into author values (54393, 'Marni', 'Hawkins');
insert into degree values (54393, 'B.S. McGill University');
insert into degree values (54393, 'M.S. Universit Paris-Saclay');
insert into degree values (54393, 'Ph.D. Chinese University of Hong Kong (CUHK)');
insert into author values (57111, 'Annalise', 'Leblanc');
insert into degree values (57111, 'B.S. Duke University');
insert into author values (53214, 'Eliot', 'Rogers');
insert into degree values (53214, 'B.S. Massachusetts Institute of Technology (MIT)');
insert into author values (52937, 'Fionn', 'Cantrell');
insert into degree values (52937, 'B.S. London School of Economics and Political Science (LSE)');
insert into degree values (52937, 'M.S. University of Melbourne');
insert into author values (51282, 'Cataleya', 'Ventura');
insert into degree values (51282, 'B.S. University of Copenhagen');
insert into degree values (51282, 'M.S. Durham University');
insert into author values (52556, 'Cavan', 'Camacho');
insert into degree values (52556, 'B.S. University of Auckland');
insert into degree values (52556, 'M.S. University of Auckland');
insert into author values (55375, 'Elyas', 'Davison');
insert into degree values (55375, 'B.S. Northwestern University');
insert into degree values (55375, 'M.S. Northwestern University');
insert into degree values (55375, 'Ph.D. Northwestern University');
insert into author values (59421, 'Jay-Jay', 'Mccarty');
insert into degree values (59421, 'B.S. University of Illinois at Urbana-Champaign');
insert into degree values (59421, 'M.S. University of Illinois at Urbana-Champaign');
insert into degree values (59421, 'Ph.D. University of Illinois at Urbana-Champaign');
insert into author values (51351, 'Jena', 'Boyd');
insert into degree values (51351, 'B.S. Kings College London');
insert into author values (52040, 'Sinead', 'Sumner');
insert into degree values (52040, 'B.S. Harvard University');
insert into degree values (52040, 'M.S. KTH Royal Institute of Technology');
insert into degree values (52040, 'Ph.D. Delft University of Technology');
insert into author values (54469, 'Ronaldo', 'Farrington');
insert into degree values (54469, 'B.S. Hong Kong University of Science and Technology (HKUST)');
insert into degree values (54469, 'M.S. Hong Kong University of Science and Technology (HKUST)');
insert into author values (54533, 'Cecily', 'Esparza');
insert into degree values (54533, 'B.S. Pennsylvania State University');
insert into author values (58467, 'Wilfred', 'Fenton');
insert into degree values (58467, 'B.S. University of Queensland');
insert into author values (55229, 'Aaisha', 'Eastwood');
insert into degree values (55229, 'B.S. Princeton University');
insert into degree values (55229, 'M.S. Princeton University');
insert into author values (59210, 'Beauden', 'Irving');
insert into degree values (59210, 'B.S. Universit Paris-Saclay');
insert into degree values (59210, 'M.S. Universit Paris-Saclay');
insert into author values (52946, 'Cassius', 'Cooke');
insert into degree values (52946, 'B.S. University of Pennsylvania');
insert into author values (50793, 'Kaylum', 'Chandler');
insert into degree values (50793, 'B.S. Ecole Polytechnique Fédérale de Lausanne (EPFL)');
insert into degree values (50793, 'M.S. Ecole Polytechnique Fédérale de Lausanne (EPFL)');
insert into author values (59180, 'Count', 'cannot');
insert into degree values (59180, 'B.S. Kyoto University');
insert into degree values (59180, 'M.S. ETH Zurich (Swiss Federal Institute of Technology)');
insert into author values (56442, 'Aadil', 'Sheppard');
insert into degree values (56442, 'B.S. Universite PSL');
insert into degree values (56442, 'M.S. University of Western Australia');
insert into degree values (56442, 'Ph.D. University of Glasgow');
insert into author values (50735, 'Rick', 'Alfaro');
insert into degree values (50735, 'B.S. University of Birmingham');
insert into degree values (50735, 'M.S. Australian National University');
insert into author values (58552, 'Maysa', 'Salter');
insert into degree values (58552, 'B.S. New York University (NYU)');
insert into degree values (58552, 'M.S. University of Toronto');
insert into author values (56517, 'Leonardo', 'Phan');
insert into degree values (56517, 'B.S. University of Copenhagen');
insert into degree values (56517, 'M.S. University of Copenhagen');
insert into degree values (56517, 'Ph.D. University of Copenhagen');
insert into author values (56413, 'Larry', 'Gomez');
insert into degree values (56413, 'B.S. Osaka University');
insert into author values (53269, 'Aydin', 'Lindsay');
insert into degree values (53269, 'B.S. Universidad de Buenos Aires (UBA)');
insert into degree values (53269, 'M.S. University of Illinois at Urbana-Champaign');
insert into degree values (53269, 'Ph.D. University of Amsterdam');
insert into author values (54305, 'Jeevan', 'Pennington');
insert into degree values (54305, 'B.S. University of Manchester');
insert into degree values (54305, 'M.S. University of Zurich');
insert into degree values (54305, 'Ph.D. University of Melbourne');
insert into author values (55398, 'Lyla-Rose', 'Frame');
insert into degree values (55398, 'B.S. Brown University');
insert into degree values (55398, 'M.S. University of Southampton');
insert into degree values (55398, 'Ph.D. University of Birmingham');
insert into author values (52046, 'Blessing', 'Bowen');
insert into degree values (52046, 'B.S. University of California, Berkeley (UCB)');
insert into degree values (52046, 'M.S. University of California, Berkeley (UCB)');
insert into author values (56439, 'Israr', 'Stout');
insert into degree values (56439, 'B.S. University of Bristol');
insert into author values (57903, 'Sofie', 'Storey');
insert into degree values (57903, 'B.S. University of Tokyo');
insert into degree values (57903, 'M.S. Northwestern University');
insert into degree values (57903, 'Ph.D. Universidad de Buenos Aires (UBA)');
insert into author values (50828, 'Shamas', 'Hardin');
insert into degree values (50828, 'B.S. California Institute of Technology (Caltech)');
insert into degree values (50828, 'M.S. California Institute of Technology (Caltech)');
insert into degree values (50828, 'Ph.D. California Institute of Technology (Caltech)');
insert into author values (59131, 'Addison', 'Holden');
insert into degree values (59131, 'B.S. UCL (University College London)');
insert into degree values (59131, 'M.S. Ruprecht-Karls-Universitat Heidelberg');
insert into author values (50146, 'Dorothy', 'Elliott');
insert into degree values (50146, 'B.S. University of California, Los Angeles (UCLA)');
insert into author values (51603, 'Jaydon', 'Giles');
insert into degree values (51603, 'B.S. Cornell University');
insert into degree values (51603, 'M.S. Kings College London');
insert into degree values (51603, 'Ph.D. Princeton University');
insert into author values (52220, 'Pawel', 'Valenzuela');
insert into degree values (52220, 'B.S. University of Sheffield');
insert into degree values (52220, 'M.S. University of Science and Technology of China');
insert into degree values (52220, 'Ph.D. University of Copenhagen');
insert into author values (54064, 'Grady', 'Kerr');
insert into degree values (54064, 'B.S. Georgia Institute of Technology');
insert into degree values (54064, 'M.S. University of St Andrews');
insert into author values (53859, 'Ruairidh', 'Huffman');
insert into degree values (53859, 'B.S. California Institute of Technology (Caltech)');
insert into author values (50147, 'Amanpreet', 'Swanson');
insert into degree values (50147, 'B.S. New York University (NYU)');
insert into degree values (50147, 'M.S. Ludwig-Maximilians-Universität München');
insert into author values (53598, 'Zakaria', 'Montgomery');
insert into degree values (53598, 'B.S. Shanghai Jiao Tong University');
insert into degree values (53598, 'M.S. Shanghai Jiao Tong University');
insert into author values (58822, 'Alexandru', 'Burris');
insert into degree values (58822, 'B.S. Stanford University');
insert into degree values (58822, 'M.S. Stanford University');
insert into degree values (58822, 'Ph.D. Stanford University');
insert into author values (56938, 'Connie', 'Maddox');
insert into degree values (56938, 'B.S. Peking University');
insert into degree values (56938, 'M.S. Cornell University');
insert into author values (53382, 'Lexi', 'Brown');
insert into degree values (53382, 'B.S. Tsinghua University');
insert into degree values (53382, 'M.S. Institut Polytechnique de Paris');
insert into degree values (53382, 'Ph.D. Lund University');
insert into author values (59623, 'Orson', 'Whitmore');
insert into degree values (59623, 'B.S. University of New South Wales (UNSW Sydney)');
insert into degree values (59623, 'M.S. National University of Singapore (NUS)');
insert into author values (54867, 'Shanice', 'Mooney');
insert into degree values (54867, 'B.S. University of Auckland');
insert into degree values (54867, 'M.S. Universit Paris-Saclay');
insert into degree values (54867, 'Ph.D. Universite PSL');
insert into author values (59947, 'Michalina', 'Espinosa');
insert into degree values (59947, 'B.S. University of Western Australia');
insert into degree values (59947, 'M.S. Johns Hopkins University');
insert into author values (50872, 'Issa', 'Holcomb');
insert into degree values (50872, 'B.S. Lund University');
insert into degree values (50872, 'M.S. University of Southampton');
insert into degree values (50872, 'Ph.D. Columbia University');
insert into author values (51451, 'Saara', 'Hoffman');
insert into degree values (51451, 'B.S. Tohoku University');
insert into degree values (51451, 'M.S. University of California, San Diego (UCSD)');
insert into author values (55372, 'Layla-Mae', 'Escobar');
insert into degree values (55372, 'B.S. University of Zurich');
insert into author values (56974, 'Dana', 'Grainger');
insert into degree values (56974, 'B.S. KAIST - Korea Advanced Institute of Science and Technology');
insert into degree values (56974, 'M.S. University of Michigan-Ann Arbor');
insert into degree values (56974, 'Ph.D. Shanghai Jiao Tong University');
insert into author values (57376, 'Nora', 'Mays');
insert into degree values (57376, 'B.S. University of Birmingham');
insert into degree values (57376, 'M.S. Lund University');
insert into degree values (57376, 'Ph.D. Yonsei University');
insert into author values (52620, 'Hassan', 'Firth');
insert into degree values (52620, 'B.S. Tsinghua University');
insert into degree values (52620, 'M.S. University of Sydney');
insert into author values (52729, 'Adyan', 'Churchill');
insert into degree values (52729, 'B.S. Ludwig-Maximilians-Universität München');
insert into author values (57538, 'Mina', 'Dowling');
insert into degree values (57538, 'B.S. University of Glasgow');
insert into degree values (57538, 'M.S. Lund University');
insert into author values (54761, 'Mariam', 'Stanley');
insert into degree values (54761, 'B.S. University of Pennsylvania');
insert into author values (53318, 'Lilliana', 'Freeman');
insert into degree values (53318, 'B.S. Australian National University');
insert into degree values (53318, 'M.S. UCL (University College London)');
insert into author values (55841, 'Kaia', 'Lu');
insert into degree values (55841, 'B.S. Hong Kong University of Science and Technology (HKUST)');
insert into author values (52535, 'Janelle', 'Barry');
insert into degree values (52535, 'B.S. University of Zurich');
insert into degree values (52535, 'M.S. University of Zurich');
insert into author values (55227, 'Sachin', 'Price');
insert into degree values (55227, 'B.S. Durham University');
insert into degree values (55227, 'M.S. Chinese University of Hong Kong (CUHK)');
insert into author values (59658, 'Aleesha', 'Herman');
insert into degree values (59658, 'B.S. Pennsylvania State University');
insert into degree values (59658, 'M.S. Durham University');
insert into author values (58819, 'Thea', 'Hale');
insert into degree values (58819, 'B.S. UCL (University College London)');
insert into degree values (58819, 'M.S. Osaka University');
insert into author values (51568, 'Fern', 'Hensley');
insert into degree values (51568, 'B.S. KU Leuven');
insert into degree values (51568, 'M.S. University of Wisconsin-Madison');
insert into author values (54993, 'Manveer', 'Colon');
insert into degree values (54993, 'B.S. City University of Hong Kong');
insert into degree values (54993, 'M.S. City University of Hong Kong');
insert into author values (53841, 'Cassidy', 'Sharma');
insert into degree values (53841, 'B.S. Shanghai Jiao Tong University');
insert into degree values (53841, 'M.S. Columbia University');
insert into degree values (53841, 'Ph.D. Stanford University');
insert into author values (53389, 'Zaid', 'Schmidt');
insert into degree values (53389, 'B.S. University of Birmingham');
insert into degree values (53389, 'M.S. University of Oxford');
insert into author values (53612, 'Riaan', 'Mcfarlane');
insert into degree values (53612, 'B.S. Ruprecht-Karls-Universitat Heidelberg');
insert into degree values (53612, 'M.S. Hong Kong Polytechnic University');
insert into degree values (53612, 'Ph.D. University of Glasgow');
insert into author values (51105, 'Darin', 'Baird');
insert into degree values (51105, 'B.S. Seoul National University');
insert into degree values (51105, 'M.S. Seoul National University');
insert into author values (57065, 'Holli', 'Tierney');
insert into degree values (57065, 'B.S. Pennsylvania State University');
insert into degree values (57065, 'M.S. Yale University');
insert into degree values (57065, 'Ph.D. University of Manchester');
insert into author values (52593, 'Cleo', 'Hassan');
insert into degree values (52593, 'B.S. Northwestern University');
insert into author values (54568, 'Jena', 'Singleton');
insert into degree values (54568, 'B.S. ETH Zurich (Swiss Federal Institute of Technology)');
insert into degree values (54568, 'M.S. University of Hong Kong (UKU)');
insert into author values (52624, 'Elisabeth', 'Hills');
insert into degree values (52624, 'B.S. Brown University');
insert into degree values (52624, 'M.S. Brown University');
insert into degree values (52624, 'Ph.D. Brown University');
insert into author values (59371, 'Farzana', 'Millar');
insert into degree values (59371, 'B.S. University of Warwick');
insert into degree values (59371, 'M.S. University of Warwick');
insert into author values (59944, 'Virginia', 'Whitfield');
insert into degree values (59944, 'B.S. University of Hong Kong (UKU)');
insert into author values (50377, 'Olive', 'Bloom');
insert into degree values (50377, 'B.S. University of Auckland');
insert into degree values (50377, 'M.S. Pennsylvania State University');
insert into author values (52673, 'Harris', 'Adkins');
insert into degree values (52673, 'B.S. McGill University');
insert into author values (57266, 'Joey', 'Rossi');
insert into degree values (57266, 'B.S. Nanyang Technological University, Singapore (NTU)');
insert into author values (57987, 'Ariella', 'Mejia');
insert into degree values (57987, 'B.S. Hong Kong University of Science and Technology (HKUST)');
insert into degree values (57987, 'M.S. Australian National University');
insert into degree values (57987, 'Ph.D. University of Zurich');
insert into author values (53329, 'Don', 'Villegas');
insert into degree values (53329, 'B.S. Durham University');
insert into degree values (53329, 'M.S. Durham University');
insert into author values (56983, 'Roza', 'Hume');
insert into degree values (56983, 'B.S. Kyoto University');
insert into degree values (56983, 'M.S. Kyoto University');
insert into author values (51299, 'Larissa', 'Ray');
insert into degree values (51299, 'B.S. Universidad de Buenos Aires (UBA)');
insert into degree values (51299, 'M.S. Universidad de Buenos Aires (UBA)');
insert into author values (56677, 'Chris', 'Wade');
insert into degree values (56677, 'B.S. KU Leuven');
insert into degree values (56677, 'M.S. University of Edinburgh');
insert into degree values (56677, 'Ph.D. University of Toronto');
insert into author values (56440, 'Fiza', 'Kendall');
insert into degree values (56440, 'B.S. Pennsylvania State University');
insert into degree values (56440, 'M.S. Kyoto University');
insert into degree values (56440, 'Ph.D. Universit Paris-Saclay');
insert into author values (53294, 'Oisin', 'Browning');
insert into degree values (53294, 'B.S. Durham University');
insert into author values (55955, 'Joseph', 'Melton');
insert into degree values (55955, 'B.S. University of Birmingham');
insert into degree values (55955, 'M.S. University of Birmingham');
insert into author values (59712, 'Ariana', 'Wells');
insert into degree values (59712, 'B.S. University of Leeds');
insert into degree values (59712, 'M.S. University of Leeds');
insert into degree values (59712, 'Ph.D. University of Leeds');
insert into author values (59586, 'Shae', 'Beard');
insert into degree values (59586, 'B.S. University of St Andrews');
insert into author values (57318, 'Hattie', 'Yates');
insert into degree values (57318, 'B.S. ETH Zurich (Swiss Federal Institute of Technology)');
insert into degree values (57318, 'M.S. ETH Zurich (Swiss Federal Institute of Technology)');
insert into degree values (57318, 'Ph.D. ETH Zurich (Swiss Federal Institute of Technology)');
insert into author values (58437, 'Sania', 'Silva');
insert into degree values (58437, 'B.S. KAIST - Korea Advanced Institute of Science and Technology');
insert into degree values (58437, 'M.S. KAIST - Korea Advanced Institute of Science and Technology');
insert into degree values (58437, 'Ph.D. KAIST - Korea Advanced Institute of Science and Technology');
insert into author values (55468, 'Herbert', 'Fountain');
insert into degree values (55468, 'B.S. University of Glasgow');
insert into degree values (55468, 'M.S. Australian National University');
insert into author values (56028, 'Wilf', 'Lynn');
insert into degree values (56028, 'B.S. University of Oxford');
insert into degree values (56028, 'M.S. Australian National University');
insert into degree values (56028, 'Ph.D. Pohang University of Science and Technology (POSTECH)');
insert into author values (58122, 'Ira', 'Mckinney');
insert into degree values (58122, 'B.S. University of California, Los Angeles (UCLA)');
insert into degree values (58122, 'M.S. University of California, Los Angeles (UCLA)');
insert into author values (55304, 'Tulisa', 'Mccormack');
insert into degree values (55304, 'B.S. McGill University');
insert into author values (50642, 'Caoimhe', 'Acevedo');
insert into degree values (50642, 'B.S. University of Amsterdam');
insert into degree values (50642, 'M.S. Princeton University');
insert into degree values (50642, 'Ph.D. Shanghai Jiao Tong University');
insert into author values (59846, 'Sylvie', 'Mitchell');
insert into degree values (59846, 'B.S. University of Western Australia');
insert into author values (58967, 'Haniya', 'Farrow');
insert into degree values (58967, 'B.S. University of California, Berkeley (UCB)');
insert into author values (57587, 'Keely', 'Peck');
insert into degree values (57587, 'B.S. University of Birmingham');
insert into degree values (57587, 'M.S. University of Birmingham');
insert into degree values (57587, 'Ph.D. University of Birmingham');
insert into author values (52452, 'Manisha', 'Bowes');
insert into degree values (52452, 'B.S. University of Washington');
insert into degree values (52452, 'M.S. University of Auckland');
insert into author values (59498, 'Sonny', 'Gregory');
insert into degree values (59498, 'B.S. University of Sydney');
insert into author values (53489, 'Penny', 'Hester');
insert into degree values (53489, 'B.S. University of Texas at Austin');
insert into author values (54166, 'Stephan', 'Burks');
insert into degree values (54166, 'B.S. University of Wisconsin-Madison');
insert into degree values (54166, 'M.S. University of Wisconsin-Madison');
insert into author values (58367, 'Amara', 'Bryant');
insert into degree values (58367, 'B.S. Durham University');
insert into degree values (58367, 'M.S. Universiti Malaya (UM)');
insert into degree values (58367, 'Ph.D. Ecole Polytechnique Fédérale de Lausanne (EPFL)');
insert into author values (52887, 'Maggie', 'Larsen');
insert into degree values (52887, 'B.S. University of Hong Kong (UKU)');
insert into author values (56154, 'Fletcher', 'Vang');
insert into degree values (56154, 'B.S. London School of Economics and Political Science (LSE)');
insert into degree values (56154, 'M.S. London School of Economics and Political Science (LSE)');
insert into degree values (56154, 'Ph.D. London School of Economics and Political Science (LSE)');
insert into author values (54382, 'Katie-Louise', 'Cameron');
insert into degree values (54382, 'B.S. University of Bristol');
insert into degree values (54382, 'M.S. University of Michigan-Ann Arbor');
insert into degree values (54382, 'Ph.D. Universidad de Buenos Aires (UBA)');
insert into author values (55134, 'Olly', 'Mccallum');
insert into degree values (55134, 'B.S. Universit Paris-Saclay');
insert into degree values (55134, 'M.S. University of Sheffield');
insert into author values (50102, 'Patryk', 'Mac');
insert into degree values (50102, 'B.S. ETH Zurich (Swiss Federal Institute of Technology)');
insert into degree values (50102, 'M.S. ETH Zurich (Swiss Federal Institute of Technology)');
insert into degree values (50102, 'Ph.D. ETH Zurich (Swiss Federal Institute of Technology)');
insert into author values (51680, 'Nicolle', 'Marin');
insert into degree values (51680, 'B.S. University of Oxford');
insert into degree values (51680, 'M.S. Yonsei University');
insert into author values (57663, 'Romany', 'Hayward');
insert into degree values (57663, 'B.S. KU Leuven');
insert into degree values (57663, 'M.S. University of California, San Diego (UCSD)');
insert into author values (54525, 'Ayman', 'Lowe');
insert into degree values (54525, 'B.S. Technical University of Munich');
insert into degree values (54525, 'M.S. Technical University of Munich');
insert into degree values (54525, 'Ph.D. Technical University of Munich');
insert into author values (59184, 'Stanislaw', 'Monaghan');
insert into degree values (59184, 'B.S. McGill University');
insert into degree values (59184, 'M.S. Osaka University');
insert into author values (56916, 'Sohaib', 'Fry');
insert into degree values (56916, 'B.S. Massachusetts Institute of Technology (MIT)');
insert into author values (55658, 'Talia', 'Sharples');
insert into degree values (55658, 'B.S. Sorbonne University');
insert into degree values (55658, 'M.S. Kyoto University');
insert into author values (52664, 'Shane', 'Hart');
insert into degree values (52664, 'B.S. Fudan University');
insert into degree values (52664, 'M.S. Fudan University');
insert into degree values (52664, 'Ph.D. Fudan University');
insert into author values (57067, 'Lexi-May', 'Rosales');
insert into degree values (57067, 'B.S. Kyoto University');
insert into degree values (57067, 'M.S. Kyoto University');
insert into degree values (57067, 'Ph.D. Kyoto University');
insert into author values (51985, 'Finnley', 'Mackenzie');
insert into degree values (51985, 'B.S. Tokyo Institute of Technology');
insert into degree values (51985, 'M.S. University of Birmingham');
insert into degree values (51985, 'Ph.D. Universit Paris-Saclay');
insert into author values (59951, 'Nicky', 'Good');
insert into degree values (59951, 'B.S. Tokyo Institute of Technology');
insert into degree values (59951, 'M.S. Tokyo Institute of Technology');
insert into degree values (59951, 'Ph.D. Tokyo Institute of Technology');
insert into author values (51286, 'Aiesha', 'Hinton');
insert into degree values (51286, 'B.S. University of Pennsylvania');
insert into degree values (51286, 'M.S. City University of Hong Kong');
insert into degree values (51286, 'Ph.D. University of Illinois at Urbana-Champaign');
insert into author values (50276, 'Isaiah', 'Barrow');
insert into degree values (50276, 'B.S. University of British Columbia');
insert into author values (57003, 'Count', 'cannot');
insert into degree values (57003, 'B.S. Tokyo Institute of Technology');
insert into degree values (57003, 'M.S. University of Zurich');
insert into author values (56542, 'Anabella', 'Carlson');
insert into degree values (56542, 'B.S. University of Hong Kong (UKU)');
insert into degree values (56542, 'M.S. Durham University');
insert into author values (54055, 'Grover', 'Browne');
insert into degree values (54055, 'B.S. University of Glasgow');
insert into degree values (54055, 'M.S. University of Science and Technology of China');
insert into author values (56684, 'Rufus', 'Aguilar');
insert into degree values (56684, 'B.S. University of Auckland');
insert into degree values (56684, 'M.S. Lund University');
insert into author values (51192, 'Allan', 'Le');
insert into degree values (51192, 'B.S. University of Warwick');
insert into degree values (51192, 'M.S. University of Warwick');
insert into author values (54701, 'Eoghan', 'Mercer');
insert into degree values (54701, 'B.S. Yonsei University');
insert into degree values (54701, 'M.S. Johns Hopkins University');
insert into author values (54435, 'Karla', 'Estrada');
insert into degree values (54435, 'B.S. University of Tokyo');
insert into degree values (54435, 'M.S. University of Tokyo');
insert into degree values (54435, 'Ph.D. University of Tokyo');
insert into author values (54101, 'Qasim', 'Padilla');
insert into degree values (54101, 'B.S. City University of Hong Kong');
insert into degree values (54101, 'M.S. City University of Hong Kong');
insert into degree values (54101, 'Ph.D. City University of Hong Kong');
insert into author values (56363, 'Imaani', 'Walls');
insert into degree values (56363, 'B.S. Korea University');
insert into degree values (56363, 'M.S. Korea University');
insert into author values (56605, 'Teddie', 'Reyna');
insert into degree values (56605, 'B.S. University of Glasgow');
insert into degree values (56605, 'M.S. City University of Hong Kong');
insert into degree values (56605, 'Ph.D. Nanyang Technological University, Singapore (NTU)');
insert into author values (58210, 'Tasha', 'Wolfe');
insert into degree values (58210, 'B.S. Imperial College London');
insert into author values (55514, 'Mehdi', 'Coates');
insert into degree values (55514, 'B.S. Kyoto University');
insert into author values (59362, 'Kiyan', 'Clemons');
insert into degree values (59362, 'B.S. Ruprecht-Karls-Universitat Heidelberg');
insert into author values (58348, 'Heidi', 'Leon');
insert into degree values (58348, 'B.S. Hong Kong University of Science and Technology (HKUST)');
insert into degree values (58348, 'M.S. Universiti Malaya (UM)');
insert into degree values (58348, 'Ph.D. Pennsylvania State University');
insert into author values (57227, 'Cora', 'Whitfield');
insert into degree values (57227, 'B.S. Hong Kong Polytechnic University');
insert into degree values (57227, 'M.S. Universite PSL');
insert into author values (57579, 'Arfa', 'Baldwin');
insert into degree values (57579, 'B.S. Osaka University');
insert into degree values (57579, 'M.S. National Taiwan University (NTU)');
insert into author values (57167, 'Caitlin', 'Dillon');
insert into degree values (57167, 'B.S. Ecole Polytechnique Fédérale de Lausanne (EPFL)');
insert into degree values (57167, 'M.S. Ecole Polytechnique Fédérale de Lausanne (EPFL)');
insert into degree values (57167, 'Ph.D. Ecole Polytechnique Fédérale de Lausanne (EPFL)');
insert into author values (53105, 'Anthony', 'Winter');
insert into degree values (53105, 'B.S. University of Edinburgh');
insert into degree values (53105, 'M.S. University of Edinburgh');
insert into degree values (53105, 'Ph.D. University of Edinburgh');
insert into author values (51646, 'Felicity', 'Findlay');
insert into degree values (51646, 'B.S. Cornell University');
insert into degree values (51646, 'M.S. Technical University of Munich');
insert into author values (58853, 'Traci', 'Frank');
insert into degree values (58853, 'B.S. University of California, San Diego (UCSD)');
insert into degree values (58853, 'M.S. Imperial College London');
insert into degree values (58853, 'Ph.D. Carnegie Mellon University');
insert into author values (59339, 'Daniela', 'Mullen');
insert into degree values (59339, 'B.S. Universit Paris-Saclay');
insert into author values (52014, 'Terry', 'Beasley');
insert into degree values (52014, 'B.S. Osaka University');
insert into degree values (52014, 'M.S. Osaka University');
insert into degree values (52014, 'Ph.D. Osaka University');
insert into author values (55110, 'Kiefer', 'Patel');
insert into degree values (55110, 'B.S. Institut Polytechnique de Paris');
insert into degree values (55110, 'M.S. Kyoto University');
insert into degree values (55110, 'Ph.D. University of Hong Kong (UKU)');
insert into author values (51905, 'Anika', 'Conway');
insert into degree values (51905, 'B.S. National Taiwan University (NTU)');
insert into degree values (51905, 'M.S. University of Auckland');
insert into author values (53863, 'Abby', 'Dickerson');
insert into degree values (53863, 'B.S. Universite PSL');
insert into degree values (53863, 'M.S. Columbia University');
insert into degree values (53863, 'Ph.D. University of New South Wales (UNSW Sydney)');
insert into author values (55826, 'Luna', 'Sampson');
insert into degree values (55826, 'B.S. Kings College London');
insert into degree values (55826, 'M.S. University of Texas at Austin');
insert into author values (56572, 'Maliha', 'Lovell');
insert into degree values (56572, 'B.S. University of New South Wales (UNSW Sydney)');
insert into author values (54255, 'Keavy', 'Bryant');
insert into degree values (54255, 'B.S. KU Leuven');
insert into degree values (54255, 'M.S. KU Leuven');
insert into degree values (54255, 'Ph.D. KU Leuven');
insert into author values (53426, 'Husna', 'Espinosa');
insert into degree values (53426, 'B.S. University of Illinois at Urbana-Champaign');
insert into degree values (53426, 'M.S. University of Illinois at Urbana-Champaign');
insert into author values (51518, 'Jules', 'Irwin');
insert into degree values (51518, 'B.S. Carnegie Mellon University');
insert into author values (53222, 'Lily-Ann', 'Martins');
insert into degree values (53222, 'B.S. Princeton University');
insert into degree values (53222, 'M.S. University of Toronto');
insert into author values (50670, 'Kiera', 'Franks');
insert into degree values (50670, 'B.S. Zhejiang University');
insert into degree values (50670, 'M.S. Zhejiang University');
insert into author values (51760, 'Nick', 'Becker');
insert into degree values (51760, 'B.S. Delft University of Technology');
insert into degree values (51760, 'M.S. Sorbonne University');
insert into degree values (51760, 'Ph.D. Kings College London');
insert into author values (54216, 'Kristin', 'Costa');
insert into degree values (54216, 'B.S. Zhejiang University');
insert into author values (54526, 'Reilly', 'Healy');
insert into degree values (54526, 'B.S. Duke University');
insert into degree values (54526, 'M.S. Delft University of Technology');
insert into author values (56889, 'Margot', 'Dickson');
insert into degree values (56889, 'B.S. University of Copenhagen');
insert into author values (53932, 'Hamzah', 'Ferguson');
insert into degree values (53932, 'B.S. McGill University');
insert into degree values (53932, 'M.S. University of Cambridge');
insert into author values (55919, 'Ishaq', 'Cortes');
insert into degree values (55919, 'B.S. University of Edinburgh');
insert into author values (53182, 'Marc', 'Vo');
insert into degree values (53182, 'B.S. University of Western Australia');
insert into author values (53550, 'Colton', 'Allan');
insert into degree values (53550, 'B.S. Chinese University of Hong Kong (CUHK)');
insert into degree values (53550, 'M.S. KTH Royal Institute of Technology');
insert into degree values (53550, 'Ph.D. Yonsei University');
insert into author values (53891, 'Kianna', 'Gutierrez');
insert into degree values (53891, 'B.S. University of New South Wales (UNSW Sydney)');
insert into degree values (53891, 'M.S. University of New South Wales (UNSW Sydney)');
insert into degree values (53891, 'Ph.D. University of New South Wales (UNSW Sydney)');
insert into author values (59486, 'Sameeha', 'Hahn');
insert into degree values (59486, 'B.S. Yonsei University');
insert into author values (55143, 'Clay', 'Rasmussen');
insert into degree values (55143, 'B.S. University of California, Los Angeles (UCLA)');
insert into author values (52484, 'Elaine', 'Crane');
insert into degree values (52484, 'B.S. University of Washington');
insert into author values (58419, 'Nida', 'Contreras');
insert into degree values (58419, 'B.S. Universiti Malaya (UM)');
insert into degree values (58419, 'M.S. Universiti Malaya (UM)');
insert into degree values (58419, 'Ph.D. Universiti Malaya (UM)');
insert into author values (58790, 'Pierce', 'Key');
insert into degree values (58790, 'B.S. Osaka University');
insert into author values (51711, 'Marisa', 'Allen');
insert into degree values (51711, 'B.S. Hong Kong University of Science and Technology (HKUST)');
insert into author values (56577, 'Taylor', 'Whitaker');
insert into degree values (56577, 'B.S. University of Science and Technology of China');
insert into degree values (56577, 'M.S. University of Science and Technology of China');
insert into degree values (56577, 'Ph.D. University of Science and Technology of China');
insert into author values (55789, 'Lilia', 'Enriquez');
insert into degree values (55789, 'B.S. Zhejiang University');
insert into degree values (55789, 'M.S. Zhejiang University');
insert into degree values (55789, 'Ph.D. Zhejiang University');
insert into author values (56552, 'Dixie', 'Compton');
insert into degree values (56552, 'B.S. University of Copenhagen');
insert into degree values (56552, 'M.S. University of Copenhagen');
insert into author values (55633, 'Rico', 'Pike');
insert into degree values (55633, 'B.S. Georgia Institute of Technology');
insert into author values (51545, 'Tiago', 'Sparrow');
insert into degree values (51545, 'B.S. University of Hong Kong (UKU)');
insert into degree values (51545, 'M.S. Delft University of Technology');
insert into author values (54000, 'Bethan', 'Squires');
insert into degree values (54000, 'B.S. University of Amsterdam');
insert into author values (57136, 'Ava-Grace', 'Cox');
insert into degree values (57136, 'B.S. University of Western Australia');
insert into author values (57461, 'Darcy', 'Riddle');
insert into degree values (57461, 'B.S. Sorbonne University');
insert into author values (54880, 'Nathanial', 'Reeve');
insert into degree values (54880, 'B.S. Harvard University');
insert into degree values (54880, 'M.S. Harvard University');
insert into author values (56146, 'Veronica', 'Vargas');
insert into degree values (56146, 'B.S. University of Washington');
insert into author values (58434, 'Haroon', 'Burris');
insert into degree values (58434, 'B.S. UCL (University College London)');
insert into degree values (58434, 'M.S. University of California, Los Angeles (UCLA)');
insert into degree values (58434, 'Ph.D. ETH Zurich (Swiss Federal Institute of Technology)');
insert into author values (51104, 'Britney', 'Zuniga');
insert into degree values (51104, 'B.S. Lund University');
insert into author values (56134, 'Liberty', 'Whelan');
insert into degree values (56134, 'B.S. University of New South Wales (UNSW Sydney)');
insert into degree values (56134, 'M.S. University of Michigan-Ann Arbor');
insert into degree values (56134, 'Ph.D. University of Tokyo');
insert into author values (54621, 'Raphael', 'Truong');
insert into degree values (54621, 'B.S. University of Queensland');
insert into degree values (54621, 'M.S. University of Hong Kong (UKU)');
insert into degree values (54621, 'Ph.D. Duke University');
insert into author values (50289, 'Shayaan', 'Mcleod');
insert into degree values (50289, 'B.S. Korea University');
insert into degree values (50289, 'M.S. Korea University');
insert into author values (59798, 'Ammarah', 'Mccarty');
insert into degree values (59798, 'B.S. University of Birmingham');
insert into degree values (59798, 'M.S. Sorbonne University');
insert into author values (58411, 'Ahmad', 'Rubio');
insert into degree values (58411, 'B.S. Cornell University');
insert into degree values (58411, 'M.S. Princeton University');
insert into author values (57345, 'Ajwa', 'Collier');
insert into degree values (57345, 'B.S. Duke University');
insert into degree values (57345, 'M.S. Duke University');
insert into degree values (57345, 'Ph.D. Duke University');
insert into author values (59942, 'Aden', 'Oakley');
insert into degree values (59942, 'B.S. Hong Kong University of Science and Technology (HKUST)');
insert into degree values (59942, 'M.S. Kings College London');
insert into author values (50224, 'Gurveer', 'Haney');
insert into degree values (50224, 'B.S. Osaka University');
insert into degree values (50224, 'M.S. University of Melbourne');
insert into degree values (50224, 'Ph.D. Massachusetts Institute of Technology (MIT)');
insert into author values (56892, 'Kellan', 'Andersen');
insert into degree values (56892, 'B.S. University of California, San Diego (UCSD)');
insert into author values (58539, 'Ffion', 'Read');
insert into degree values (58539, 'B.S. ETH Zurich (Swiss Federal Institute of Technology)');
insert into degree values (58539, 'M.S. University of California, Berkeley (UCB)');
insert into author values (54835, 'Stephanie', 'Carver');
insert into degree values (54835, 'B.S. Cornell University');
insert into degree values (54835, 'M.S. Georgia Institute of Technology');
insert into author values (59628, 'Rowena', 'Cain');
insert into degree values (59628, 'B.S. McGill University');
insert into degree values (59628, 'M.S. New York University (NYU)');
insert into author values (56965, 'Demi-Lee', 'Adkins');
insert into degree values (56965, 'B.S. Columbia University');
insert into author values (51035, 'Aras', 'Stuart');
insert into degree values (51035, 'B.S. Northwestern University');
insert into degree values (51035, 'M.S. University of Manchester');
insert into author values (59203, 'Cleo', 'Bryan');
insert into degree values (59203, 'B.S. University of Manchester');
insert into degree values (59203, 'M.S. Stanford University');




-- write
insert into writes values (59798, 33459);
insert into writes values (57318, 30442);
insert into writes values (53390, 30442);
insert into writes values (59180, 30442);
insert into writes values (53097, 39127);
insert into writes values (56965, 39127);
insert into writes values (53863, 39127);
insert into writes values (58434, 39127);
insert into writes values (53932, 37297);
insert into writes values (54533, 37297);
insert into writes values (52046, 37297);
insert into writes values (51046, 37297);
insert into writes values (56889, 36282);
insert into writes values (54305, 31841);
insert into writes values (55372, 31841);
insert into writes values (53115, 37218);
insert into writes values (57318, 32150);
insert into writes values (54880, 32150);
insert into writes values (57987, 39442);
insert into writes values (51518, 30413);
insert into writes values (52593, 30413);
insert into writes values (51043, 30413);
insert into writes values (51598, 30413);
insert into writes values (54833, 36020);
insert into writes values (50813, 36020);
insert into writes values (50276, 39734);
insert into writes values (51213, 39734);
insert into writes values (59951, 39734);
insert into writes values (54833, 33630);
insert into writes values (59944, 33630);
insert into writes values (59140, 30837);
insert into writes values (58417, 30837);
insert into writes values (54621, 30837);
insert into writes values (56974, 38684);
insert into writes values (59947, 38684);
insert into writes values (55372, 38684);
insert into writes values (56146, 37153);
insert into writes values (51950, 37153);
insert into writes values (56413, 32065);
insert into writes values (59498, 32065);
insert into writes values (53550, 32065);
insert into writes values (52937, 35918);
insert into writes values (54699, 35918);
insert into writes values (56480, 35918);
insert into writes values (55088, 35918);
insert into writes values (55192, 39585);
insert into writes values (53745, 39585);
insert into writes values (52556, 39585);
insert into writes values (53489, 39585);
insert into writes values (54817, 31994);
insert into writes values (52946, 36510);
insert into writes values (54055, 32664);
insert into writes values (55134, 32664);
insert into writes values (57538, 37754);
insert into writes values (51568, 37754);
insert into writes values (56605, 37754);
insert into writes values (55398, 36871);
insert into writes values (51950, 36871);
insert into writes values (57133, 38800);
insert into writes values (55143, 33854);
insert into writes values (59942, 33854);
insert into writes values (58367, 33854);
insert into writes values (55372, 33212);
insert into writes values (57376, 33212);
insert into writes values (52573, 38045);
insert into writes values (53489, 32939);
insert into writes values (51282, 32939);
insert into writes values (50102, 32939);
insert into writes values (51046, 32939);
insert into writes values (59498, 35171);
insert into writes values (55088, 35171);
insert into writes values (56413, 35171);
insert into writes values (52452, 35171);
insert into writes values (54469, 35857);
insert into writes values (56146, 35857);
insert into writes values (53979, 35857);
insert into writes values (53153, 35857);
insert into writes values (50813, 34871);
insert into writes values (55789, 34871);
insert into writes values (54572, 34871);
insert into writes values (55468, 33871);
insert into writes values (50670, 33871);
insert into writes values (55633, 31753);
insert into writes values (50377, 33625);
insert into writes values (52593, 33625);
insert into writes values (57579, 33625);
insert into writes values (57903, 33625);
insert into writes values (55658, 35893);
insert into writes values (54699, 35893);
insert into writes values (51905, 35893);
insert into writes values (58662, 35893);
insert into writes values (54525, 35571);
insert into writes values (51035, 37334);
insert into writes values (58437, 37334);
insert into writes values (53105, 37334);
insert into writes values (54277, 37334);
insert into writes values (58819, 35522);
insert into writes values (57003, 35522);
insert into writes values (51680, 35522);
insert into writes values (56581, 35522);
insert into writes values (50279, 35317);
insert into writes values (50735, 35317);
insert into writes values (52556, 35317);
insert into writes values (50581, 35317);
insert into writes values (57903, 32186);
insert into writes values (52658, 32186);
insert into writes values (54620, 32186);
insert into writes values (51299, 32186);
insert into writes values (58822, 33593);
insert into writes values (50588, 33593);
insert into writes values (50828, 33593);
insert into writes values (54809, 33593);
insert into writes values (53214, 35250);
insert into writes values (51646, 35250);
insert into writes values (58372, 30157);
insert into writes values (58967, 30157);
insert into writes values (52366, 30157);
insert into writes values (51345, 37959);
insert into writes values (51518, 33736);
insert into writes values (50276, 33736);
insert into writes values (56640, 33736);
insert into writes values (54101, 30101);
insert into writes values (51104, 30101);
insert into writes values (59210, 30101);
insert into writes values (56480, 39160);
insert into writes values (50224, 39160);
insert into writes values (50872, 34881);
insert into writes values (55732, 34881);
insert into writes values (54382, 38202);
insert into writes values (54470, 38202);
insert into writes values (51518, 39809);
insert into writes values (57167, 39809);
insert into writes values (57345, 39809);
insert into writes values (51299, 39809);
insert into writes values (56552, 38122);
insert into writes values (56442, 38122);
insert into writes values (57111, 38122);
insert into writes values (51518, 38080);
insert into writes values (54435, 38080);
insert into writes values (51286, 38080);
insert into writes values (52620, 38080);
insert into writes values (56677, 31868);
insert into writes values (56413, 31868);
insert into writes values (52040, 31868);
insert into writes values (56413, 32167);
insert into writes values (56638, 32167);
insert into writes values (55795, 32167);
insert into writes values (51381, 32167);
insert into writes values (55227, 31798);
insert into writes values (52653, 31798);
insert into writes values (51539, 31798);
insert into writes values (53153, 31798);
insert into writes values (54620, 30964);
insert into writes values (59623, 30964);
insert into writes values (51282, 30964);
insert into writes values (52593, 32565);
insert into writes values (53269, 32565);
insert into writes values (59180, 33837);
insert into writes values (59371, 33837);
insert into writes values (59853, 35035);
insert into writes values (57227, 35035);
insert into writes values (58210, 37597);
insert into writes values (56220, 37597);
insert into writes values (54435, 37314);
insert into writes values (53598, 37484);
insert into writes values (51345, 37484);
insert into writes values (50793, 37484);
insert into writes values (55633, 37644);
insert into writes values (52131, 32230);
insert into writes values (52887, 32230);
insert into writes values (55227, 39152);
insert into writes values (54620, 39152);
insert into writes values (56146, 37340);
insert into writes values (57484, 37340);
insert into writes values (52946, 37340);
insert into writes values (57167, 32588);
insert into writes values (56242, 32588);
insert into writes values (54055, 33177);
insert into writes values (51286, 33177);
insert into writes values (50872, 33177);
insert into writes values (54435, 33177);
insert into writes values (51568, 31666);
insert into writes values (53863, 30608);
insert into writes values (59658, 30608);
insert into writes values (50146, 30608);
insert into writes values (57167, 30608);
insert into writes values (56440, 37496);
insert into writes values (59947, 37496);
insert into writes values (52729, 37496);
insert into writes values (56220, 36177);
insert into writes values (53182, 36177);
insert into writes values (57763, 36177);
insert into writes values (52760, 35044);
insert into writes values (52620, 34656);
insert into writes values (53269, 34656);
insert into writes values (55409, 34656);
insert into writes values (57987, 34393);
insert into writes values (58539, 34393);
insert into writes values (51121, 34393);
insert into writes values (50499, 31460);
insert into writes values (53105, 31460);
insert into writes values (54064, 38649);
insert into writes values (58038, 32158);
insert into writes values (59586, 37747);
insert into writes values (53178, 36750);
insert into writes values (51598, 36750);
insert into writes values (52040, 35469);
insert into writes values (55409, 35469);
insert into writes values (54568, 36163);
insert into writes values (59184, 36163);
insert into writes values (58822, 36163);
insert into writes values (53550, 36163);
insert into writes values (58434, 36412);
insert into writes values (56330, 36117);
insert into writes values (57227, 32988);
insert into writes values (54320, 32988);
insert into writes values (55088, 32988);
insert into writes values (51299, 32988);
insert into writes values (50377, 32324);
insert into writes values (50456, 32324);
insert into writes values (58272, 32324);
insert into writes values (58437, 32473);
insert into writes values (50642, 32473);
insert into writes values (56465, 32473);
insert into writes values (54701, 32473);
insert into writes values (59846, 35654);
insert into writes values (54526, 32466);
insert into writes values (55658, 30227);
insert into writes values (55110, 30227);
insert into writes values (58437, 30227);
insert into writes values (52887, 31383);
insert into writes values (57903, 31383);
insert into writes values (54817, 31383);
insert into writes values (54767, 31383);
insert into writes values (52664, 38379);
insert into writes values (57003, 36587);
insert into writes values (56439, 36587);
insert into writes values (56983, 36587);
insert into writes values (57903, 38633);
insert into writes values (54320, 38633);
insert into writes values (55658, 32373);
insert into writes values (52535, 37282);
insert into writes values (59658, 37282);
insert into writes values (53612, 38005);
insert into writes values (53745, 38005);
insert into writes values (58210, 39271);
insert into writes values (52620, 39271);
insert into writes values (53979, 39271);
insert into writes values (53534, 30425);
insert into writes values (50499, 30577);
insert into writes values (53550, 30577);
insert into writes values (51646, 30577);
insert into writes values (56916, 30577);
insert into writes values (56949, 30125);
insert into writes values (59837, 30125);
insert into writes values (50872, 30125);
insert into writes values (50718, 39812);
insert into writes values (53981, 32255);
insert into writes values (52620, 32255);
insert into writes values (53612, 36062);
insert into writes values (59498, 36062);
insert into writes values (55658, 36062);
insert into writes values (59628, 36062);
insert into writes values (57461, 30069);
insert into writes values (57133, 30069);
insert into writes values (58340, 30069);
insert into writes values (58819, 34824);
insert into writes values (54572, 34824);
insert into writes values (56581, 34824);
insert into writes values (55375, 36810);
insert into writes values (56705, 36810);
insert into writes values (53329, 39933);
insert into writes values (50705, 39933);
insert into writes values (54320, 33481);
insert into writes values (50735, 33481);
insert into writes values (56892, 33481);
insert into writes values (51451, 30960);
insert into writes values (57167, 36285);
insert into writes values (54835, 36285);
insert into writes values (50499, 36285);
insert into writes values (50813, 37876);
insert into writes values (59498, 36760);
insert into writes values (53318, 36760);
insert into writes values (53550, 34680);
insert into writes values (59944, 34680);
insert into writes values (53589, 33294);
insert into writes values (50670, 35659);
insert into writes values (56363, 39299);
insert into writes values (56517, 31500);
insert into writes values (56146, 33938);
insert into writes values (55657, 33938);
insert into writes values (51950, 33356);
insert into writes values (58576, 33324);
insert into writes values (56434, 33324);
insert into writes values (54993, 33324);
insert into writes values (53777, 33324);
insert into writes values (52110, 31616);
insert into writes values (50499, 31616);
insert into writes values (56028, 33024);
insert into writes values (54603, 33024);
insert into writes values (58576, 33024);
insert into writes values (57003, 38549);
insert into writes values (54867, 38549);
insert into writes values (51192, 38549);
insert into writes values (57266, 38572);
insert into writes values (57987, 39810);
insert into writes values (57579, 36470);
insert into writes values (54064, 36470);
insert into writes values (54277, 36470);
insert into writes values (59846, 36470);
insert into writes values (58372, 33979);
insert into writes values (55193, 33979);
insert into writes values (56146, 33979);
insert into writes values (59798, 33979);
insert into writes values (50735, 31360);
insert into writes values (57987, 38147);
insert into writes values (59951, 38147);
insert into writes values (56464, 39779);
insert into writes values (57538, 39779);
insert into writes values (53777, 39779);
insert into writes values (52040, 39779);
insert into writes values (55633, 33148);
insert into writes values (50813, 33148);
insert into writes values (57356, 31059);
insert into writes values (54064, 31059);
insert into writes values (54055, 31059);
insert into writes values (55841, 30999);
insert into writes values (59951, 30999);
insert into writes values (50146, 30999);
insert into writes values (57987, 30999);
insert into writes values (57067, 37216);
insert into writes values (59658, 37216);
insert into writes values (56134, 37216);
insert into writes values (57003, 39808);
insert into writes values (59180, 39808);
insert into writes values (57987, 39808);
insert into writes values (55514, 39808);
insert into writes values (50813, 37210);
insert into writes values (55468, 37210);
insert into writes values (59628, 37210);
insert into writes values (50377, 37210);
insert into writes values (52673, 38502);
insert into writes values (50224, 38502);
insert into writes values (59723, 38502);
insert into writes values (52209, 39780);
insert into writes values (53153, 30931);
insert into writes values (53382, 34683);
insert into writes values (59623, 34683);
insert into writes values (58967, 34683);
insert into writes values (51282, 36753);
insert into writes values (56577, 36753);
insert into writes values (54435, 36753);
insert into writes values (53981, 37016);
insert into writes values (58853, 37016);
insert into writes values (59942, 38941);
insert into writes values (51286, 31089);
insert into writes values (59184, 31089);
insert into writes values (57987, 35076);
insert into writes values (51905, 35076);
insert into writes values (58822, 35076);
insert into writes values (56442, 35076);
insert into writes values (56938, 35337);
insert into writes values (55514, 35337);
insert into writes values (59486, 35337);
insert into writes values (55732, 35337);
insert into writes values (54166, 39252);
insert into writes values (53534, 39252);
insert into writes values (57788, 39252);
insert into writes values (57484, 39252);
insert into writes values (58822, 30761);
insert into writes values (53182, 30761);
insert into writes values (59421, 37800);
insert into writes values (53979, 37800);
insert into writes values (57065, 37800);
insert into writes values (50147, 37800);
insert into writes values (54216, 35229);
insert into writes values (52593, 35229);
insert into writes values (52535, 35229);
insert into writes values (56974, 35229);
insert into writes values (54064, 34143);
insert into writes values (50224, 34143);
insert into writes values (54382, 34064);
insert into writes values (50224, 34064);
insert into writes values (56465, 34064);
insert into writes values (53489, 34064);
insert into writes values (55468, 37096);
insert into writes values (53182, 37096);
insert into writes values (56439, 36438);
insert into writes values (54525, 30177);
insert into writes values (55658, 30177);
insert into writes values (51598, 37592);
insert into writes values (54064, 39541);
insert into writes values (51545, 30542);
insert into writes values (53318, 33901);
insert into writes values (53222, 32778);
insert into writes values (50813, 32778);
insert into writes values (52620, 32778);
insert into writes values (59846, 36808);
insert into writes values (59180, 36808);
insert into writes values (53534, 36808);
insert into writes values (55110, 36808);
insert into writes values (52887, 33261);
insert into writes values (51451, 32697);
insert into writes values (59904, 32697);
insert into writes values (59579, 35804);
insert into writes values (52946, 35804);
insert into writes values (56442, 35804);
insert into writes values (57318, 31069);
insert into writes values (57227, 31069);
insert into writes values (54699, 31069);
insert into writes values (56965, 33366);
insert into writes values (50813, 33366);
insert into writes values (52673, 33366);
insert into writes values (50620, 37231);
insert into writes values (53598, 37231);
insert into writes values (56892, 36797);
insert into writes values (52620, 36797);
insert into writes values (59904, 36797);
insert into writes values (59371, 33897);
insert into writes values (59579, 33897);
insert into writes values (52760, 31756);
insert into writes values (58419, 31756);
insert into writes values (59339, 31756);
insert into writes values (54767, 31756);
insert into writes values (52937, 35831);
insert into writes values (59853, 35831);
insert into writes values (59541, 37888);
insert into writes values (50705, 37888);
insert into writes values (53382, 37888);
insert into writes values (53979, 37888);
insert into writes values (53214, 33628);
insert into writes values (57356, 36471);
insert into writes values (53153, 36471);
insert into writes values (50793, 33070);
insert into writes values (59942, 33070);
insert into writes values (59658, 33070);
insert into writes values (59700, 34674);
insert into writes values (51858, 34674);
insert into writes values (53550, 34674);
insert into writes values (51858, 33480);
insert into writes values (52535, 33480);
insert into writes values (57356, 33480);
insert into writes values (58819, 35130);
insert into writes values (52658, 35130);
insert into writes values (50279, 35130);
insert into writes values (54833, 35130);
insert into writes values (55955, 32935);
insert into writes values (58434, 32935);
insert into writes values (51603, 32935);
insert into writes values (52452, 32935);
insert into writes values (53329, 34484);
insert into writes values (50620, 34029);
insert into writes values (56705, 37068);
insert into writes values (51518, 37068);
insert into writes values (59947, 37068);
insert into writes values (58822, 37068);
insert into writes values (54701, 32593);
insert into writes values (51985, 32593);
insert into writes values (51711, 32593);
insert into writes values (58823, 33415);
insert into writes values (56439, 33415);
insert into writes values (56464, 33415);
insert into writes values (50620, 33415);
insert into writes values (51568, 34135);
insert into writes values (58967, 34135);
insert into writes values (50102, 34135);
insert into writes values (56480, 34287);
insert into writes values (55955, 34287);
insert into writes values (53534, 39974);
insert into writes values (57538, 39974);
insert into writes values (59798, 39974);
insert into writes values (52729, 31648);
insert into writes values (53777, 31648);
insert into writes values (51345, 33269);
insert into writes values (51518, 36375);
insert into writes values (59486, 36375);
insert into writes values (56363, 33302);




 -- proposal
insert into proposal values (40200, 59210, TO_DATE('2020-07-28', 'yyyy-mm-dd'), 'NO');
insert into proposal values (40200, 51646, TO_DATE('2021-11-18', 'yyyy-mm-dd'), 'YES');
insert into proposal values (40200, 54277, TO_DATE('2021-05-12', 'yyyy-mm-dd'), 'NO');
insert into proposal values (40200, 52937, TO_DATE('2021-08-30', 'yyyy-mm-dd'), 'YES');
insert into proposal values (46428, 52887, TO_DATE('2020-06-30', 'yyyy-mm-dd'), 'NO');
insert into proposal values (46428, 55372, TO_DATE('2020-02-23', 'yyyy-mm-dd'), 'YES');
insert into proposal values (46428, 59421, TO_DATE('2021-12-01', 'yyyy-mm-dd'), 'YES');
insert into proposal values (46428, 51046, TO_DATE('2021-08-10', 'yyyy-mm-dd'), 'NO');
insert into proposal values (47134, 58819, TO_DATE('2021-11-18', 'yyyy-mm-dd'), 'YES');
insert into proposal values (47134, 58210, TO_DATE('2020-10-22', 'yyyy-mm-dd'), 'YES');
insert into proposal values (46225, 58437, TO_DATE('2020-12-04', 'yyyy-mm-dd'), 'NO');
insert into proposal values (46225, 57167, TO_DATE('2021-02-19', 'yyyy-mm-dd'), 'YES');
insert into proposal values (45526, 53550, TO_DATE('2020-07-26', 'yyyy-mm-dd'), 'YES');
insert into proposal values (45526, 52760, TO_DATE('2020-10-16', 'yyyy-mm-dd'), 'YES');
insert into proposal values (45526, 52040, TO_DATE('2021-12-05', 'yyyy-mm-dd'), 'NO');
insert into proposal values (45526, 58340, TO_DATE('2020-05-31', 'yyyy-mm-dd'), 'NO');
insert into proposal values (47753, 57003, TO_DATE('2020-10-02', 'yyyy-mm-dd'), 'YES');
insert into proposal values (47753, 52593, TO_DATE('2021-04-24', 'yyyy-mm-dd'), 'YES');
insert into proposal values (49604, 58437, TO_DATE('2021-03-15', 'yyyy-mm-dd'), 'YES');
insert into proposal values (49604, 57903, TO_DATE('2020-09-21', 'yyyy-mm-dd'), 'YES');
insert into proposal values (49604, 51950, TO_DATE('2020-03-08', 'yyyy-mm-dd'), 'YES');
insert into proposal values (49604, 53182, TO_DATE('2021-02-26', 'yyyy-mm-dd'), 'NO');
insert into proposal values (43876, 51905, TO_DATE('2020-07-23', 'yyyy-mm-dd'), 'YES');
insert into proposal values (43876, 52729, TO_DATE('2020-06-23', 'yyyy-mm-dd'), 'YES');
insert into proposal values (43876, 52760, TO_DATE('2021-07-31', 'yyyy-mm-dd'), 'YES');
insert into proposal values (43876, 52937, TO_DATE('2020-05-09', 'yyyy-mm-dd'), 'NO');
insert into proposal values (43042, 55514, TO_DATE('2020-08-04', 'yyyy-mm-dd'), 'NO');
insert into proposal values (43042, 59700, TO_DATE('2021-03-18', 'yyyy-mm-dd'), 'NO');
insert into proposal values (43042, 55658, TO_DATE('2021-09-21', 'yyyy-mm-dd'), 'YES');
insert into proposal values (42579, 57987, TO_DATE('2020-06-20', 'yyyy-mm-dd'), 'YES');
insert into proposal values (42579, 53534, TO_DATE('2021-12-26', 'yyyy-mm-dd'), 'NO');
insert into proposal values (48099, 55514, TO_DATE('2021-05-23', 'yyyy-mm-dd'), 'YES');
insert into proposal values (48099, 56442, TO_DATE('2021-05-18', 'yyyy-mm-dd'), 'YES');
insert into proposal values (48099, 52556, TO_DATE('2020-12-03', 'yyyy-mm-dd'), 'NO');
insert into proposal values (48099, 50276, TO_DATE('2020-12-11', 'yyyy-mm-dd'), 'YES');
insert into proposal values (49074, 54064, TO_DATE('2020-04-24', 'yyyy-mm-dd'), 'YES');
insert into proposal values (49074, 59421, TO_DATE('2020-03-06', 'yyyy-mm-dd'), 'NO');
insert into proposal values (49074, 54767, TO_DATE('2021-05-20', 'yyyy-mm-dd'), 'YES');
insert into proposal values (49074, 53318, TO_DATE('2020-03-30', 'yyyy-mm-dd'), 'YES');
insert into proposal values (48193, 58819, TO_DATE('2021-08-14', 'yyyy-mm-dd'), 'NO');
insert into proposal values (48193, 53745, TO_DATE('2020-12-13', 'yyyy-mm-dd'), 'YES');
insert into proposal values (49784, 58434, TO_DATE('2021-02-28', 'yyyy-mm-dd'), 'YES');
insert into proposal values (49784, 59700, TO_DATE('2021-09-29', 'yyyy-mm-dd'), 'YES');
insert into proposal values (49784, 50735, TO_DATE('2020-10-10', 'yyyy-mm-dd'), 'NO');
insert into proposal values (43392, 59942, TO_DATE('2020-11-22', 'yyyy-mm-dd'), 'NO');
insert into proposal values (43392, 59586, TO_DATE('2020-05-23', 'yyyy-mm-dd'), 'YES');
insert into proposal values (47890, 54620, TO_DATE('2020-08-01', 'yyyy-mm-dd'), 'YES');
insert into proposal values (47890, 53777, TO_DATE('2021-03-30', 'yyyy-mm-dd'), 'YES');
insert into proposal values (47890, 50377, TO_DATE('2020-09-08', 'yyyy-mm-dd'), 'YES');
insert into proposal values (47890, 53182, TO_DATE('2020-07-03', 'yyyy-mm-dd'), 'NO');
insert into proposal values (47890, 50224, TO_DATE('2021-08-31', 'yyyy-mm-dd'), 'YES');
insert into proposal values (44848, 53981, TO_DATE('2020-11-08', 'yyyy-mm-dd'), 'NO');
insert into proposal values (44848, 59837, TO_DATE('2022-01-17', 'yyyy-mm-dd'), 'YES');
insert into proposal values (44848, 50102, TO_DATE('2020-03-12', 'yyyy-mm-dd'), 'YES');
insert into proposal values (44848, 57903, TO_DATE('2021-02-16', 'yyyy-mm-dd'), 'NO');
insert into proposal values (44848, 56439, TO_DATE('2021-03-31', 'yyyy-mm-dd'), 'NO');
insert into proposal values (41130, 51518, TO_DATE('2020-07-02', 'yyyy-mm-dd'), 'YES');
insert into proposal values (41130, 52556, TO_DATE('2020-05-22', 'yyyy-mm-dd'), 'YES');
insert into proposal values (41130, 59942, TO_DATE('2020-11-04', 'yyyy-mm-dd'), 'YES');
insert into proposal values (41130, 51518, TO_DATE('2020-02-16', 'yyyy-mm-dd'), 'YES');
insert into proposal values (46713, 50224, TO_DATE('2021-09-10', 'yyyy-mm-dd'), 'YES');
insert into proposal values (46713, 59339, TO_DATE('2021-07-04', 'yyyy-mm-dd'), 'NO');
insert into proposal values (46713, 59586, TO_DATE('2021-10-22', 'yyyy-mm-dd'), 'YES');
insert into proposal values (46713, 59579, TO_DATE('2021-03-13', 'yyyy-mm-dd'), 'YES');
insert into proposal values (46713, 56480, TO_DATE('2020-09-02', 'yyyy-mm-dd'), 'YES');
insert into proposal values (46542, 52040, TO_DATE('2021-03-21', 'yyyy-mm-dd'), 'NO');
insert into proposal values (46542, 50276, TO_DATE('2020-11-04', 'yyyy-mm-dd'), 'YES');
insert into proposal values (46542, 59371, TO_DATE('2020-02-01', 'yyyy-mm-dd'), 'YES');
insert into proposal values (46542, 50279, TO_DATE('2020-10-23', 'yyyy-mm-dd'), 'YES');
insert into proposal values (46147, 50735, TO_DATE('2020-11-21', 'yyyy-mm-dd'), 'YES');
insert into proposal values (46147, 59486, TO_DATE('2020-09-13', 'yyyy-mm-dd'), 'NO');
insert into proposal values (46147, 52729, TO_DATE('2021-06-23', 'yyyy-mm-dd'), 'NO');
insert into proposal values (46147, 59628, TO_DATE('2021-04-06', 'yyyy-mm-dd'), 'NO');
insert into proposal values (46147, 50499, TO_DATE('2020-03-11', 'yyyy-mm-dd'), 'NO');
insert into proposal values (43247, 54572, TO_DATE('2020-03-25', 'yyyy-mm-dd'), 'NO');
insert into proposal values (43247, 59623, TO_DATE('2021-10-29', 'yyyy-mm-dd'), 'NO');
insert into proposal values (43247, 53598, TO_DATE('2020-06-07', 'yyyy-mm-dd'), 'NO');
insert into proposal values (43247, 50146, TO_DATE('2020-06-01', 'yyyy-mm-dd'), 'YES');
insert into proposal values (43247, 55110, TO_DATE('2021-05-29', 'yyyy-mm-dd'), 'YES');
insert into proposal values (49302, 59846, TO_DATE('2020-11-30', 'yyyy-mm-dd'), 'YES');
insert into proposal values (49302, 55658, TO_DATE('2021-12-20', 'yyyy-mm-dd'), 'YES');
insert into proposal values (49302, 51568, TO_DATE('2020-11-01', 'yyyy-mm-dd'), 'NO');
insert into proposal values (42423, 57538, TO_DATE('2021-04-07', 'yyyy-mm-dd'), 'NO');
insert into proposal values (42423, 51598, TO_DATE('2020-09-13', 'yyyy-mm-dd'), 'NO');
insert into proposal values (48208, 53318, TO_DATE('2020-03-10', 'yyyy-mm-dd'), 'YES');
insert into proposal values (48208, 51568, TO_DATE('2020-08-06', 'yyyy-mm-dd'), 'NO');
insert into proposal values (48208, 53182, TO_DATE('2020-07-06', 'yyyy-mm-dd'), 'YES');
insert into proposal values (48208, 50276, TO_DATE('2021-10-15', 'yyyy-mm-dd'), 'YES');
insert into proposal values (47709, 52887, TO_DATE('2020-07-04', 'yyyy-mm-dd'), 'YES');
insert into proposal values (47709, 50813, TO_DATE('2021-05-01', 'yyyy-mm-dd'), 'NO');
insert into proposal values (47709, 50620, TO_DATE('2021-02-01', 'yyyy-mm-dd'), 'YES');
insert into proposal values (47709, 55372, TO_DATE('2021-08-23', 'yyyy-mm-dd'), 'YES');
insert into proposal values (41862, 52556, TO_DATE('2021-09-21', 'yyyy-mm-dd'), 'YES');
insert into proposal values (41862, 54767, TO_DATE('2020-07-12', 'yyyy-mm-dd'), 'NO');
insert into proposal values (41862, 58662, TO_DATE('2021-08-02', 'yyyy-mm-dd'), 'NO');
insert into proposal values (41862, 53612, TO_DATE('2021-10-15', 'yyyy-mm-dd'), 'YES');
insert into proposal values (44029, 54382, TO_DATE('2021-09-09', 'yyyy-mm-dd'), 'YES');
insert into proposal values (44029, 57903, TO_DATE('2021-08-20', 'yyyy-mm-dd'), 'NO');
insert into proposal values (42567, 55227, TO_DATE('2021-01-04', 'yyyy-mm-dd'), 'YES');
insert into proposal values (42567, 56439, TO_DATE('2022-01-06', 'yyyy-mm-dd'), 'YES');
insert into proposal values (42567, 59339, TO_DATE('2021-01-21', 'yyyy-mm-dd'), 'NO');
insert into proposal values (42567, 54572, TO_DATE('2020-06-16', 'yyyy-mm-dd'), 'NO');
insert into proposal values (42567, 51299, TO_DATE('2020-12-16', 'yyyy-mm-dd'), 'NO');
insert into proposal values (47739, 57356, TO_DATE('2020-02-06', 'yyyy-mm-dd'), 'NO');
insert into proposal values (47739, 54064, TO_DATE('2020-08-10', 'yyyy-mm-dd'), 'YES');
insert into proposal values (47739, 50102, TO_DATE('2022-01-06', 'yyyy-mm-dd'), 'YES');
insert into proposal values (47739, 53153, TO_DATE('2020-04-22', 'yyyy-mm-dd'), 'NO');




 -- review
insert into review values (62416, TO_DATE('2016-02-21', 'yyyy-mm-dd'),'My co-worker Archer has one of these. He says it looks crooked.', 39974, 54767);
insert into review values (64718, TO_DATE('2021-03-05', 'yyyy-mm-dd'),'one of my hobbies is drawing. and when im drawing this works great.', 32593, 56120);
insert into review values (63009, TO_DATE('2021-04-10', 'yyyy-mm-dd'),'heard about this on chicha radio, decided to give it a try.', 30964, 54393);
insert into review values (66209, TO_DATE('2021-01-31', 'yyyy-mm-dd'),'this journal is nifty.', 32935, 59944);
insert into review values (63923, TO_DATE('2014-05-11', 'yyyy-mm-dd'),'This journal works so well. It imperfectly improves my baseball by a lot.', 33261, 52573);
insert into review values (60674, TO_DATE('2013-03-17', 'yyyy-mm-dd'),'talk about hatred!!!', 31753, 56028);
insert into review values (60105, TO_DATE('2019-10-30', 'yyyy-mm-dd'),'heard about this on dance-rock radio, decided to give it a try.', 37282, 54817);
insert into review values (62317, TO_DATE('2015-01-12', 'yyyy-mm-dd'),'heard about this on timba radio, decided to give it a try.', 32466, 53932);
insert into review values (68607, TO_DATE('2011-03-09', 'yyyy-mm-dd'),'I saw this on TV and wanted to give it a try.', 36438, 50839);
insert into review values (67381, TO_DATE('2022-01-14', 'yyyy-mm-dd'),'My co-worker Archer has one of these. He says it looks crooked.', 37644, 54101);
insert into review values (63992, TO_DATE('2015-06-11', 'yyyy-mm-dd'),'This journal works so well. It imperfectly improves my baseball by a lot.', 36797, 51213);
insert into review values (60152, TO_DATE('2007-01-26', 'yyyy-mm-dd'),'this journal is light-hearted.', 31756, 51451);
insert into review values (62875, TO_DATE('2015-10-15', 'yyyy-mm-dd'),'My co-worker Archer has one of these. He says it looks crooked.', 39299, 59712);
insert into review values (68967, TO_DATE('2020-07-23', 'yyyy-mm-dd'),'this journal is light-hearted.', 36285, 58823);
insert into review values (68006, TO_DATE('2019-12-17', 'yyyy-mm-dd'),'This journal works quite well. It professionally improves my soccer by a lot.', 33302, 54701);
insert into review values (63002, TO_DATE('2017-07-23', 'yyyy-mm-dd'),'heard about this on timba radio, decided to give it a try.', 30999, 51711);
insert into review values (63549, TO_DATE('2020-04-06', 'yyyy-mm-dd'),'works okay.', 31059, 51046);
insert into review values (61255, TO_DATE('2020-07-18', 'yyyy-mm-dd'),'The box this comes in is 3 yard by 6 light-year and weights 15 gram!!!', 30608, 52040);
insert into review values (66930, TO_DATE('2021-02-01', 'yyyy-mm-dd'),'The box this comes in is 4 light-year by 5 inch and weights 11 megaton!!', 32255, 53390);
insert into review values (67967, TO_DATE('2019-07-11', 'yyyy-mm-dd'),'this journal is standard.', 31841, 58411);
insert into review values (64929, TO_DATE('2021-05-17', 'yyyy-mm-dd'),'heard about this on melodic death metal radio, decided to give it a try.', 33177, 56363);
insert into review values (68106, TO_DATE('2019-12-28', 'yyyy-mm-dd'),'heard about this on new jersey hip hop radio, decided to give it a try.', 35893, 51035);
insert into review values (62556, TO_DATE('2009-04-05', 'yyyy-mm-dd'),'this journal is nifty.', 33871, 59498);
insert into review values (68602, TO_DATE('2006-10-16', 'yyyy-mm-dd'),'The box this comes in is 3 meter by 5 foot and weights 11 kilogram.', 36471, 53389);
insert into review values (69769, TO_DATE('2005-03-17', 'yyyy-mm-dd'),'My neighbor Montserrat has one of these. She works as a circus performer and she says it looks shriveled.', 39810, 59951);
insert into review values (64434, TO_DATE('2006-06-30', 'yyyy-mm-dd'),'this journal is honest.', 33625, 52664);
insert into review values (63319, TO_DATE('2019-11-19', 'yyyy-mm-dd'),'My velociraptor loves to play with it.', 37888, 56892);
insert into review values (61510, TO_DATE('2022-03-12', 'yyyy-mm-dd'),'This journal works so well. It imperfectly improves my baseball by a lot.', 39160, 51282);
insert into review values (63586, TO_DATE('1993-11-23', 'yyyy-mm-dd'),'It only works when Im Martinique.', 33630, 54435);
insert into review values (67963, TO_DATE('2016-05-01', 'yyyy-mm-dd'),'heard about this on melodic death metal radio, decided to give it a try.', 38147, 58853);
insert into review values (60589, TO_DATE('2017-09-10', 'yyyy-mm-dd'),'My co-worker Aurthur has one of these. He says it looks white.', 30542, 54981);
insert into review values (67072, TO_DATE('2010-07-07', 'yyyy-mm-dd'),'heard about this on dance-rock radio, decided to give it a try.', 35857, 55826);
insert into review values (67139, TO_DATE('2016-01-05', 'yyyy-mm-dd'),'It only works when Im Kuwait.', 30101, 56154);
insert into review values (67103, TO_DATE('2003-03-18', 'yyyy-mm-dd'),'I saw one of these in Moldova and I bought one.', 37747, 59904);
insert into review values (60296, TO_DATE('2013-03-20', 'yyyy-mm-dd'),'The box this comes in is 3 yard by 6 light-year and weights 15 gram!!!', 38684, 53213);
insert into review values (63572, TO_DATE('2010-07-07', 'yyyy-mm-dd'),'This journal works excessively well. It speedily improves my baseball by a lot.', 30442, 53426);
insert into review values (60448, TO_DATE('2019-12-20', 'yyyy-mm-dd'),'I saw one of these in Moldova and I bought one.', 36282, 54867);
insert into review values (66972, TO_DATE('2018-11-20', 'yyyy-mm-dd'),'heard about this on compas radio, decided to give it a try.', 33736, 51104);
insert into review values (62494, TO_DATE('2020-01-18', 'yyyy-mm-dd'),'heard about this on dance-rock radio, decided to give it a try.', 36808, 56146);
insert into review values (63660, TO_DATE('2019-11-22', 'yyyy-mm-dd'),'My co-worker Aurthur has one of these. He says it looks white.', 30227, 56413);
insert into review values (67407, TO_DATE('2016-02-05', 'yyyy-mm-dd'),'heard about this on melodic death metal radio, decided to give it a try.', 34871, 53178);
insert into review values (64042, TO_DATE('2019-03-14', 'yyyy-mm-dd'),'My co-worker Aurthur has one of these. He says it looks white.', 37216, 54470);
insert into review values (65625, TO_DATE('1993-10-29', 'yyyy-mm-dd'),'this journal is light-hearted.', 36117, 54166);
insert into review values (64493, TO_DATE('2021-11-03', 'yyyy-mm-dd'),'My neighbor Montserrat has one of these. She works as a circus performer and she says it looks shriveled.', 39252, 56638);
insert into review values (67561, TO_DATE('2007-03-24', 'yyyy-mm-dd'),'this journal is honest.', 39734, 53863);
insert into review values (67123, TO_DATE('1978-10-08', 'yyyy-mm-dd'),'This journal works quite well. It professionally improves my soccer by a lot.', 33979, 54469);
insert into review values (69380, TO_DATE('2021-07-28', 'yyyy-mm-dd'),'The box this comes in is 3 yard by 6 light-year and weights 15 gram!!!', 33269, 53598);
insert into review values (62002, TO_DATE('2016-10-21', 'yyyy-mm-dd'),'My neighbor Montserrat has one of these. She works as a circus performer and she says it looks shriveled.', 34674, 59421);
insert into review values (69982, TO_DATE('1999-09-05', 'yyyy-mm-dd'),'My neighbor Montserrat has one of these. She works as a circus performer and she says it looks shriveled.', 32697, 50705);
insert into review values (63162, TO_DATE('2016-09-26', 'yyyy-mm-dd'),'heard about this on powerviolence radio, decided to give it a try.', 38379, 59322);
insert into review values (63010, TO_DATE('2022-01-26', 'yyyy-mm-dd'),'this journal is honest.', 33294, 50670);
insert into review values (67683, TO_DATE('2020-11-25', 'yyyy-mm-dd'),'heard about this on powerviolence radio, decided to give it a try.', 39779, 54526);
insert into review values (64930, TO_DATE('2022-01-07', 'yyyy-mm-dd'),'This journal works so well. It imperfectly improves my baseball by a lot.', 37876, 57167);
insert into review values (68670, TO_DATE('1999-06-12', 'yyyy-mm-dd'),'heard about this on dance-rock radio, decided to give it a try.', 37754, 53222);
insert into review values (69366, TO_DATE('2014-11-30', 'yyyy-mm-dd'),'I saw one of these in Libya and I bought one.', 35469, 52484);
insert into review values (60413, TO_DATE('2017-02-07', 'yyyy-mm-dd'),'this journal is honest.', 39442, 52452);
insert into review values (61227, TO_DATE('2017-02-06', 'yyyy-mm-dd'),'This journal works very well. It persistently improves my soccer by a lot.', 32588, 57376);
insert into review values (66637, TO_DATE('2011-07-19', 'yyyy-mm-dd'),'It only works when Im Azerbaijan.', 39152, 58819);
insert into review values (66617, TO_DATE('2019-07-01', 'yyyy-mm-dd'),'My neighbor Montserrat has one of these. She works as a circus performer and she says it looks shriveled.', 36810, 57763);
insert into review values (67328, TO_DATE('2022-09-15', 'yyyy-mm-dd'),'talk about hatred!!!', 39127, 57788);
